-- MySQL dump 10.11
--
-- Host: localhost    Database: tsd
-- ------------------------------------------------------
-- Server version	5.0.38-Ubuntu_0ubuntu1.2-log

/*!40101 SET @OLD_CHARACTER_SET_CLIENT=@@CHARACTER_SET_CLIENT */;
/*!40101 SET @OLD_CHARACTER_SET_RESULTS=@@CHARACTER_SET_RESULTS */;
/*!40101 SET @OLD_COLLATION_CONNECTION=@@COLLATION_CONNECTION */;
/*!40101 SET NAMES utf8 */;
/*!40103 SET @OLD_TIME_ZONE=@@TIME_ZONE */;
/*!40103 SET TIME_ZONE='+00:00' */;
/*!40014 SET @OLD_UNIQUE_CHECKS=@@UNIQUE_CHECKS, UNIQUE_CHECKS=0 */;
/*!40014 SET @OLD_FOREIGN_KEY_CHECKS=@@FOREIGN_KEY_CHECKS, FOREIGN_KEY_CHECKS=0 */;
/*!40101 SET @OLD_SQL_MODE=@@SQL_MODE, SQL_MODE='NO_AUTO_VALUE_ON_ZERO' */;
/*!40111 SET @OLD_SQL_NOTES=@@SQL_NOTES, SQL_NOTES=0 */;

--
-- Table structure for table `BuySellTransaction`
--

DROP TABLE IF EXISTS `BuySellTransaction`;
CREATE TABLE `BuySellTransaction` (
  `id` int(11) NOT NULL auto_increment,
  `sell_transaction_fk` int(11) default NULL,
  `buy_transaction_fk` int(11) default NULL,
  PRIMARY KEY  (`id`),
  KEY `FK29179CE6F027CE41` (`sell_transaction_fk`),
  KEY `FK29179CE65F52F915` (`buy_transaction_fk`),
  KEY `FK29179CE631E590F1` (`sell_transaction_fk`),
  KEY `FK29179CE6827A2065` (`buy_transaction_fk`)
) ENGINE=MyISAM AUTO_INCREMENT=9 DEFAULT CHARSET=latin1;

--
-- Dumping data for table `BuySellTransaction`
--

LOCK TABLES `BuySellTransaction` WRITE;
/*!40000 ALTER TABLE `BuySellTransaction` DISABLE KEYS */;
INSERT INTO `BuySellTransaction` VALUES (1,4,3),(2,11,10),(3,17,7),(4,17,8),(5,18,16),(6,19,2);
/*!40000 ALTER TABLE `BuySellTransaction` ENABLE KEYS */;
UNLOCK TABLES;

--
-- Table structure for table `Currency`
--

DROP TABLE IF EXISTS `Currency`;
CREATE TABLE `Currency` (
  `id` int(11) NOT NULL auto_increment,
  `code` varchar(3) NOT NULL,
  `creation_timestamp` timestamp NOT NULL default CURRENT_TIMESTAMP,
  `description` varchar(50) default NULL,
  `fx_rate` decimal(19,2) default NULL,
  PRIMARY KEY  (`id`),
  UNIQUE KEY `code` (`code`)
) ENGINE=MyISAM AUTO_INCREMENT=3 DEFAULT CHARSET=latin1;

--
-- Dumping data for table `Currency`
--

LOCK TABLES `Currency` WRITE;
/*!40000 ALTER TABLE `Currency` DISABLE KEYS */;
INSERT INTO `Currency` VALUES (1,'AUD','2007-10-07 08:31:47','Australian Dollar to US Dollar','0.83'),(2,'PES','2007-10-07 08:31:47','Argentinian Peso to US Dollar','0.32');
/*!40000 ALTER TABLE `Currency` ENABLE KEYS */;
UNLOCK TABLES;

--
-- Table structure for table `Dividend`
--

DROP TABLE IF EXISTS `Dividend`;
CREATE TABLE `Dividend` (
  `type` varchar(31) NOT NULL,
  `id` int(11) NOT NULL auto_increment,
  `franked_percentage` int(11) NOT NULL,
  `number_of_shares` bigint(20) NOT NULL,
  `payment_amount_per_share` decimal(15,4) NOT NULL,
  `payment_date` datetime NOT NULL,
  `alloted_shares` int(11) default NULL,
  `allotment_share_price` decimal(15,4) default NULL,
  `buy_transaction_fk` int(11) NOT NULL,
  `shareholding_fk` int(11) default NULL,
  PRIMARY KEY  (`id`),
  KEY `FK1990B40F827A2065` (`buy_transaction_fk`),
  KEY `FK1990B40F1C22E8B0` (`shareholding_fk`)
) ENGINE=MyISAM AUTO_INCREMENT=15 DEFAULT CHARSET=latin1;

--
-- Dumping data for table `Dividend`
--

LOCK TABLES `Dividend` WRITE;
/*!40000 ALTER TABLE `Dividend` DISABLE KEYS */;
INSERT INTO `Dividend` VALUES ('INVESTMENT',1,100,65,'1.4000','2007-11-29 00:00:00',2,'40.4672',15,18),('INVESTMENT',2,0,230,'0.0250','2007-04-30 00:00:00',2,'2.7222',2,9),('INVESTMENT',3,100,120,'0.0700','2007-04-02 00:00:00',2,'3.8300',3,10),('INVESTMENT',4,100,2,'0.1100','2007-09-28 00:00:00',0,'5.0200',3,10),('CASH',5,0,100,'0.0800','2007-10-18 00:00:00',NULL,NULL,13,16),('INVESTMENT',6,100,69,'1.4900','2007-08-24 00:00:00',1,'54.8000',14,15),('CASH',7,0,283,'0.0514','2007-03-22 00:00:00',NULL,NULL,6,11),('CASH',8,0,283,'0.0454','2007-09-28 00:00:00',NULL,NULL,6,11),('INVESTMENT',9,100,115,'0.1700','2007-03-02 00:00:00',3,'8.4342',9,13),('INVESTMENT',10,100,115,'0.1700','2007-08-29 00:00:00',3,'7.6678',9,13),('CASH',11,100,3,'0.1700','2007-08-29 00:00:00',NULL,NULL,9,13),('INVESTMENT',12,0,232,'0.0275','2007-10-30 00:00:00',2,'3.1069',2,9),('CASH',13,60,33,'0.5500','2007-03-14 00:00:00',NULL,NULL,1,8),('CASH',14,60,33,'0.5700','2007-09-10 00:00:00',NULL,NULL,1,8);
/*!40000 ALTER TABLE `Dividend` ENABLE KEYS */;
UNLOCK TABLES;

--
-- Table structure for table `Portfolio`
--

DROP TABLE IF EXISTS `Portfolio`;
CREATE TABLE `Portfolio` (
  `id` int(11) NOT NULL auto_increment,
  `name` varchar(255) NOT NULL,
  `description` varchar(250) default NULL,
  `currency_id` int(11) default NULL,
  PRIMARY KEY  (`id`),
  KEY `FKBA4F252845BF3EE9` (`currency_id`),
  KEY `FKBA4F2528489F9D99` (`currency_id`)
) ENGINE=MyISAM AUTO_INCREMENT=14 DEFAULT CHARSET=latin1;

--
-- Dumping data for table `Portfolio`
--

LOCK TABLES `Portfolio` WRITE;
/*!40000 ALTER TABLE `Portfolio` DISABLE KEYS */;
INSERT INTO `Portfolio` VALUES (12,'Australian Portfolio','',1),(13,'Argentinean Portfolio','',2);
/*!40000 ALTER TABLE `Portfolio` ENABLE KEYS */;
UNLOCK TABLES;

--
-- Table structure for table `Security`
--

DROP TABLE IF EXISTS `Security`;
CREATE TABLE `Security` (
  `id` int(11) NOT NULL auto_increment,
  `code` varchar(5) NOT NULL,
  `country` varchar(3) NOT NULL,
  `description` varchar(50) default NULL,
  `watchlist_fk` int(11) default NULL,
  `portfolio_fk` int(11) default NULL,
  PRIMARY KEY  (`id`),
  UNIQUE KEY `code` (`code`),
  KEY `FK3C6CDB604060AF25` (`watchlist_fk`),
  KEY `FK3C6CDB6047CB92C0` (`portfolio_fk`)
) ENGINE=MyISAM AUTO_INCREMENT=17 DEFAULT CHARSET=latin1;

--
-- Dumping data for table `Security`
--

LOCK TABLES `Security` WRITE;
/*!40000 ALTER TABLE `Security` DISABLE KEYS */;
INSERT INTO `Security` VALUES (1,'QBE','AX','Insurance Group Limited',NULL,12),(2,'TGR','AX','Tassal Group Limited',NULL,12),(3,'WTP','AX','Watpac Limited',NULL,12),(4,'OSH','AX','Oil Search Ltd',NULL,12),(5,'SGX','AX','Sino Gold Mining Ltd',NULL,12),(6,'BLD','AX','Boral Limited',NULL,12),(7,'WDC','AX','Westfield Group',NULL,12),(8,'CBA','AX','Commonwealth Bank of Australia',NULL,12),(9,'DOW','AX','Downer EDI Ltd',NULL,12),(10,'RIO','AX','Rio Tinto',NULL,12),(11,'WES','AX','Wesfarmers',NULL,12),(12,'BHP','AX','BHP Billition',NULL,12),(13,'BMA','BA','Macro Bansud',1,13),(14,'ORG','AX','Origin Energy',NULL,12),(15,'SWK','AX','Swick Mining',NULL,12),(16,'TS','BA','Tenaris',1,13);
/*!40000 ALTER TABLE `Security` ENABLE KEYS */;
UNLOCK TABLES;

--
-- Table structure for table `ShareHolding`
--

DROP TABLE IF EXISTS `ShareHolding`;
CREATE TABLE `ShareHolding` (
  `id` int(11) NOT NULL auto_increment,
  `amount_of_shares_held` bigint(20) NOT NULL,
  `has_investment_plan_dividends` bit(1) NOT NULL,
  `security_fk` int(11) NOT NULL,
  `portfolio_fk` int(11) default NULL,
  PRIMARY KEY  (`id`),
  UNIQUE KEY `security_fk` (`security_fk`),
  KEY `FK31F0CA04C4F0B894` (`security_fk`),
  KEY `FK31F0CA0447CB92C0` (`portfolio_fk`)
) ENGINE=MyISAM AUTO_INCREMENT=23 DEFAULT CHARSET=latin1;

--
-- Dumping data for table `ShareHolding`
--

LOCK TABLES `ShareHolding` WRITE;
/*!40000 ALTER TABLE `ShareHolding` DISABLE KEYS */;
INSERT INTO `ShareHolding` VALUES (18,65,'',11,12),(17,0,'\0',10,12),(8,33,'\0',1,12),(9,2,'',2,12),(10,2,'\0',3,NULL),(11,283,'\0',4,12),(12,0,'\0',5,NULL),(13,121,'',6,12),(14,0,'\0',7,NULL),(15,70,'',8,12),(16,100,'\0',9,12),(19,140,'\0',12,12),(20,90,'\0',13,13),(21,222,'\0',14,12),(22,450,'\0',15,12);
/*!40000 ALTER TABLE `ShareHolding` ENABLE KEYS */;
UNLOCK TABLES;

--
-- Table structure for table `Snapshot`
--

DROP TABLE IF EXISTS `Snapshot`;
CREATE TABLE `Snapshot` (
  `id` int(11) NOT NULL auto_increment,
  `channel_taken` decimal(19,2) NOT NULL,
  `difference` decimal(19,2) NOT NULL,
  `last_price` decimal(19,2) NOT NULL,
  `market_value` decimal(19,2) NOT NULL,
  `number_weeks_since_buy` int(11) NOT NULL,
  `return_on_capital` decimal(19,2) NOT NULL,
  `risk` decimal(19,2) NOT NULL,
  `snapshot_number` int(11) NOT NULL,
  `timestamp` timestamp NOT NULL default CURRENT_TIMESTAMP,
  `trailing_stop_loss` decimal(19,2) NOT NULL,
  `buy_transaction_id` int(11) NOT NULL,
  PRIMARY KEY  (`id`),
  KEY `FK14D539E45F52F96B` (`buy_transaction_id`),
  KEY `FK14D539E4827A20BB` (`buy_transaction_id`)
) ENGINE=MyISAM AUTO_INCREMENT=2107 DEFAULT CHARSET=latin1;

--
-- Dumping data for table `Snapshot`
--

LOCK TABLES `Snapshot` WRITE;
/*!40000 ALTER TABLE `Snapshot` DISABLE KEYS */;
INSERT INTO `Snapshot` VALUES (1,'25.40','73.92','31.89','1052.37',18,'7.55','0.00',1,'2007-05-26 05:00:20','28.70',1),(2,'110.87','234.60','3.20','736.00',15,'46.79','0.00',1,'2007-05-26 05:00:21','2.88',2),(3,'170.37','110.40','5.12','614.40',15,'21.90','0.00',1,'2007-05-26 05:00:22','4.61',3),(4,'62.50','49.35','3.92','552.72',15,'9.80','0.00',1,'2007-05-26 05:00:22','3.53',5),(5,'60.71','48.28','3.92','556.64',12,'9.50','0.00',1,'2007-05-26 05:00:23','3.53',6),(6,'-26.51','-81.40','5.70','421.80',14,'-16.18','0.00',1,'2007-05-26 05:00:23','5.13',7),(7,'-45.78','-125.40','5.70','376.20',12,'-25.00','0.00',1,'2007-05-26 05:00:24','5.13',8),(8,'8.33','17.25','8.85','1017.75',14,'1.72','0.00',1,'2007-05-26 05:00:24','7.96',9),(9,'-45.64','-106.04','20.39','897.16',14,'-10.57','0.00',1,'2007-05-26 05:00:25','18.35',10),(10,'86.28','99.18','55.36','1051.84',13,'10.41','0.00',1,'2007-05-26 05:00:25','49.82',12),(11,'7.74','12.00','7.42','742.00',12,'1.64','0.00',1,'2007-05-26 05:00:26','6.68',13),(12,'25.40','73.92','31.89','1052.37',18,'7.55','0.00',2,'2007-05-27 05:00:37','28.70',1),(13,'110.87','234.60','3.20','736.00',15,'46.79','0.00',2,'2007-05-27 05:00:38','2.88',2),(14,'170.37','110.40','5.12','614.40',15,'21.90','0.00',2,'2007-05-27 05:00:38','4.61',3),(15,'62.50','49.35','3.92','552.72',15,'9.80','0.00',2,'2007-05-27 05:00:40','3.53',5),(16,'60.71','48.28','3.92','556.64',12,'9.50','0.00',2,'2007-05-27 05:00:41','3.53',6),(17,'-26.51','-81.40','5.70','421.80',14,'-16.18','0.00',2,'2007-05-27 05:00:43','5.13',7),(18,'-45.78','-125.40','5.70','376.20',12,'-25.00','0.00',2,'2007-05-27 05:00:45','5.13',8),(19,'8.33','17.25','8.85','1017.75',14,'1.72','0.00',2,'2007-05-27 05:00:48','7.96',9),(20,'-45.64','-106.04','20.39','897.16',14,'-10.57','0.00',2,'2007-05-27 05:00:50','18.35',10),(21,'86.28','99.18','55.36','1051.84',13,'10.41','0.00',2,'2007-05-27 05:00:53','49.82',12),(22,'7.74','12.00','7.42','742.00',12,'1.64','0.00',2,'2007-05-27 05:00:56','6.68',13),(23,'25.40','73.92','31.89','1052.37',18,'7.55','0.00',3,'2007-05-28 05:00:24','28.70',1),(24,'110.87','234.60','3.20','736.00',15,'46.79','0.00',3,'2007-05-28 05:00:24','2.88',2),(25,'170.37','110.40','5.12','614.40',15,'21.90','0.00',3,'2007-05-28 05:00:25','4.61',3),(26,'62.50','49.35','3.92','552.72',15,'9.80','0.00',3,'2007-05-28 05:00:25','3.53',5),(27,'60.71','48.28','3.92','556.64',12,'9.50','0.00',3,'2007-05-28 05:00:26','3.53',6),(28,'-26.51','-81.40','5.70','421.80',15,'-16.18','0.00',3,'2007-05-28 05:00:26','5.13',7),(29,'-45.78','-125.40','5.70','376.20',12,'-25.00','0.00',3,'2007-05-28 05:00:27','5.13',8),(30,'8.33','17.25','8.85','1017.75',15,'1.72','0.00',3,'2007-05-28 05:00:27','7.96',9),(31,'-45.64','-106.04','20.39','897.16',14,'-10.57','0.00',3,'2007-05-28 05:00:28','18.35',10),(32,'86.28','99.18','55.36','1051.84',13,'10.41','0.00',3,'2007-05-28 05:00:28','49.82',12),(33,'7.74','12.00','7.42','742.00',13,'1.64','0.00',3,'2007-05-28 05:00:29','6.68',13),(34,'22.79','66.33','31.66','1044.78',19,'6.78','0.00',4,'2007-05-29 05:00:21','28.70',1),(35,'111.96','236.90','3.21','738.30',15,'47.25','0.00',4,'2007-05-29 05:00:21','2.89',2),(36,'177.78','115.20','5.16','619.20',15,'22.86','0.00',4,'2007-05-29 05:00:22','4.64',3),(37,'60.71','47.94','3.91','551.31',15,'9.52','0.00',4,'2007-05-29 05:00:22','3.53',5),(38,'58.93','46.86','3.91','555.22',12,'9.22','0.00',4,'2007-05-29 05:00:23','3.53',6),(39,'-26.27','-80.66','5.71','422.54',15,'-16.03','0.00',4,'2007-05-29 05:00:23','5.14',7),(40,'-45.54','-124.74','5.71','376.86',12,'-24.87','0.00',4,'2007-05-29 05:00:24','5.14',8),(41,'15.56','32.20','8.98','1032.70',15,'3.22','0.00',4,'2007-05-29 05:00:24','8.08',9),(42,'-46.02','-106.92','20.37','896.28',14,'-10.66','0.00',4,'2007-05-29 05:00:25','18.35',10),(43,'86.12','98.99','55.35','1051.65',13,'10.39','0.00',4,'2007-05-29 05:00:25','49.82',12),(44,'13.55','21.00','7.51','751.00',13,'2.88','0.00',4,'2007-05-29 05:00:26','6.76',13),(45,'25.40','73.92','31.89','1052.37',19,'7.55','0.00',5,'2007-05-30 05:00:20','28.70',1),(46,'134.78','285.20','3.42','786.60',15,'56.88','0.00',5,'2007-05-30 05:00:20','3.08',2),(47,'222.22','144.00','5.40','648.00',15,'28.57','0.00',5,'2007-05-30 05:00:21','4.86',3),(48,'55.36','43.71','3.88','547.08',15,'8.68','0.00',5,'2007-05-30 05:00:21','3.53',5),(49,'53.57','42.60','3.88','550.96',13,'8.38','0.00',5,'2007-05-30 05:00:22','3.53',6),(50,'-27.23','-83.62','5.67','419.58',15,'-16.62','0.00',5,'2007-05-30 05:00:22','5.14',7),(51,'-46.51','-127.38','5.67','374.22',12,'-25.39','0.00',5,'2007-05-30 05:00:22','5.14',8),(52,'17.78','36.80','9.02','1037.30',15,'3.68','0.00',5,'2007-05-30 05:00:23','8.12',9),(53,'-37.31','-86.68','20.83','916.52',14,'-8.64','0.00',5,'2007-05-30 05:00:23','18.75',10),(54,'97.52','112.10','56.04','1064.76',13,'11.77','0.00',5,'2007-05-30 05:00:24','50.44',12),(55,'3.87','6.00','7.36','736.00',13,'0.82','0.00',5,'2007-05-30 05:00:24','6.76',13),(56,'22.11','64.35','31.60','1042.80',19,'6.58','0.00',6,'2007-05-31 05:00:14','28.70',1),(57,'128.26','271.40','3.36','772.80',15,'54.13','0.00',6,'2007-05-31 05:00:14','3.08',2),(58,'222.22','144.00','5.40','648.00',15,'28.57','0.00',6,'2007-05-31 05:00:15','4.86',3),(59,'50.00','39.48','3.85','542.85',15,'7.84','0.00',6,'2007-05-31 05:00:16','3.53',5),(60,'48.21','38.34','3.85','546.70',13,'7.54','0.00',6,'2007-05-31 05:00:17','3.53',6),(61,'-23.61','-72.52','5.82','430.68',15,'-14.41','0.00',6,'2007-05-31 05:00:18','5.24',7),(62,'-42.89','-117.48','5.82','384.12',13,'-23.42','0.00',6,'2007-05-31 05:00:18','5.24',8),(63,'6.11','12.65','8.81','1013.15',15,'1.26','0.00',6,'2007-05-31 05:00:20','8.12',9),(64,'-38.45','-89.32','20.77','913.88',14,'-8.90','0.00',6,'2007-05-31 05:00:21','18.75',10),(65,'80.83','92.91','55.03','1045.57',14,'9.75','0.00',6,'2007-05-31 05:00:23','50.44',12),(66,'1.29','2.00','7.32','732.00',13,'0.27','0.00',6,'2007-05-31 05:00:24','6.76',13),(67,'17.80','51.81','31.22','1030.26',19,'5.30','0.00',7,'2007-06-01 05:00:23','28.70',1),(68,'114.13','241.50','3.23','742.90',16,'48.17','0.00',7,'2007-06-01 05:00:24','3.08',2),(69,'224.07','145.20','5.41','649.20',16,'28.81','0.00',7,'2007-06-01 05:00:25','4.87',3),(70,'67.86','53.58','3.95','556.95',16,'10.64','0.00',7,'2007-06-01 05:00:27','3.56',5),(71,'66.07','52.54','3.95','560.90',13,'10.34','0.00',7,'2007-06-01 05:00:28','3.56',6),(72,'-19.28','-59.20','6.00','444.00',15,'-11.76','0.00',7,'2007-06-01 05:00:28','5.40',7),(73,'-38.55','-105.60','6.00','396.00',13,'-21.05','0.00',7,'2007-06-01 05:00:29','5.40',8),(74,'6.67','13.80','8.82','1014.30',15,'1.38','0.00',7,'2007-06-01 05:00:30','8.12',9),(75,'-25.57','-59.40','21.45','943.80',15,'-5.92','0.00',7,'2007-06-01 05:00:31','19.30',10),(76,'86.94','99.94','55.40','1052.60',14,'10.49','0.00',7,'2007-06-01 05:00:32','50.44',12),(77,'10.97','17.00','7.47','747.00',13,'2.33','0.00',7,'2007-06-01 05:00:33','6.76',13),(78,'15.31','44.55','31.00','1023.00',19,'4.55','0.00',8,'2007-06-02 05:00:23','28.70',1),(79,'111.96','236.90','3.21','738.30',16,'47.25','0.00',8,'2007-06-02 05:00:24','3.08',2),(80,'216.67','140.40','5.37','644.40',16,'27.86','0.00',8,'2007-06-02 05:00:25','4.87',3),(81,'73.21','57.81','3.98','561.18',16,'11.48','0.00',8,'2007-06-02 05:00:25','3.58',5),(82,'71.43','56.80','3.98','565.16',13,'11.17','0.00',8,'2007-06-02 05:00:26','3.58',6),(83,'-18.07','-55.50','6.05','447.70',15,'-11.03','0.00',8,'2007-06-02 05:00:27','5.44',7),(84,'-37.35','-102.30','6.05','399.30',13,'-20.39','0.00',8,'2007-06-02 05:00:28','5.44',8),(85,'11.11','23.00','8.90','1023.50',15,'2.30','0.00',8,'2007-06-02 05:00:28','8.12',9),(86,'-21.78','-50.60','21.65','952.60',15,'-5.04','0.00',8,'2007-06-02 05:00:29','19.48',10),(87,'81.98','94.24','55.10','1046.90',14,'9.89','0.00',8,'2007-06-02 05:00:30','50.44',12),(88,'6.45','10.00','7.40','740.00',13,'1.37','0.00',8,'2007-06-02 05:00:30','6.76',13),(89,'15.31','44.55','31.00','1023.00',19,'4.55','0.00',9,'2007-06-03 05:00:18','28.70',1),(90,'111.96','236.90','3.21','738.30',16,'47.25','0.00',9,'2007-06-03 05:00:19','3.08',2),(91,'216.67','140.40','5.37','644.40',16,'27.86','0.00',9,'2007-06-03 05:00:20','4.87',3),(92,'73.21','57.81','3.98','561.18',16,'11.48','0.00',9,'2007-06-03 05:00:20','3.58',5),(93,'71.43','56.80','3.98','565.16',13,'11.17','0.00',9,'2007-06-03 05:00:21','3.58',6),(94,'-18.07','-55.50','6.05','447.70',15,'-11.03','0.00',9,'2007-06-03 05:00:21','5.44',7),(95,'-37.35','-102.30','6.05','399.30',13,'-20.39','0.00',9,'2007-06-03 05:00:22','5.44',8),(96,'11.11','23.00','8.90','1023.50',15,'2.30','0.00',9,'2007-06-03 05:00:22','8.12',9),(97,'-21.78','-50.60','21.65','952.60',15,'-5.04','0.00',9,'2007-06-03 05:00:23','19.48',10),(98,'81.98','94.24','55.10','1046.90',14,'9.89','0.00',9,'2007-06-03 05:00:23','50.44',12),(99,'6.45','10.00','7.40','740.00',13,'1.37','0.00',9,'2007-06-03 05:00:24','6.76',13),(100,'15.31','44.55','31.00','1023.00',19,'4.55','0.00',10,'2007-06-04 05:00:20','28.70',1),(101,'111.96','236.90','3.21','738.30',16,'47.25','0.00',10,'2007-06-04 05:00:21','3.08',2),(102,'216.67','140.40','5.37','644.40',16,'27.86','0.00',10,'2007-06-04 05:00:21','4.87',3),(103,'73.21','57.81','3.98','561.18',16,'11.48','0.00',10,'2007-06-04 05:00:22','3.58',5),(104,'71.43','56.80','3.98','565.16',13,'11.17','0.00',10,'2007-06-04 05:00:22','3.58',6),(105,'-18.07','-55.50','6.05','447.70',16,'-11.03','0.00',10,'2007-06-04 05:00:23','5.44',7),(106,'-37.35','-102.30','6.05','399.30',13,'-20.39','0.00',10,'2007-06-04 05:00:23','5.44',8),(107,'11.11','23.00','8.90','1023.50',16,'2.30','0.00',10,'2007-06-04 05:00:24','8.12',9),(108,'-21.78','-50.60','21.65','952.60',15,'-5.04','0.00',10,'2007-06-04 05:00:24','19.48',10),(109,'81.98','94.24','55.10','1046.90',14,'9.89','0.00',10,'2007-06-04 05:00:25','50.44',12),(110,'6.45','10.00','7.40','740.00',14,'1.37','0.00',10,'2007-06-04 05:00:25','6.76',13),(111,'20.18','58.74','31.43','1037.19',20,'6.00','0.00',11,'2007-06-05 05:00:21','28.70',1),(112,'110.87','234.60','3.20','736.00',16,'46.79','0.00',11,'2007-06-05 05:00:21','3.08',2),(113,'209.26','135.60','5.33','639.60',16,'26.90','0.00',11,'2007-06-05 05:00:22','4.87',3),(114,'89.29','70.50','4.07','573.87',16,'14.01','0.00',11,'2007-06-05 05:00:23','3.66',5),(115,'87.50','69.58','4.07','577.94',13,'13.69','0.00',11,'2007-06-05 05:00:24','3.66',6),(116,'-16.87','-51.80','6.10','451.40',16,'-10.29','0.00',11,'2007-06-05 05:00:24','5.49',7),(117,'-36.14','-99.00','6.10','402.60',13,'-19.74','0.00',11,'2007-06-05 05:00:25','5.49',8),(118,'16.11','33.35','8.99','1033.85',16,'3.33','0.00',11,'2007-06-05 05:00:26','8.12',9),(119,'-19.89','-46.20','21.75','957.00',15,'-4.61','0.00',11,'2007-06-05 05:00:27','19.58',10),(120,'85.62','98.42','55.32','1051.08',14,'10.33','0.00',11,'2007-06-05 05:00:28','50.44',12),(121,'5.16','8.00','7.38','738.00',14,'1.10','0.00',11,'2007-06-05 05:00:29','6.76',13),(122,'18.71','54.45','31.30','1032.90',20,'5.56','0.00',12,'2007-06-07 05:00:19','28.70',1),(123,'91.30','193.20','3.02','694.60',16,'38.53','0.00',12,'2007-06-07 05:00:20','3.08',2),(124,'205.56','133.20','5.31','637.20',16,'26.43','0.00',12,'2007-06-07 05:00:21','4.87',3),(125,'80.36','63.45','4.02','566.82',16,'12.61','0.00',12,'2007-06-07 05:00:22','3.66',5),(126,'78.57','62.48','4.02','570.84',14,'12.29','0.00',12,'2007-06-07 05:00:23','3.66',6),(127,'-15.42','-47.36','6.16','455.84',16,'-9.41','0.00',12,'2007-06-07 05:00:23','5.54',7),(128,'-34.70','-95.04','6.16','406.56',14,'-18.95','0.00',12,'2007-06-07 05:00:24','5.54',8),(129,'27.78','57.50','9.20','1058.00',16,'5.75','0.00',12,'2007-06-07 05:00:25','8.28',9),(130,'-17.99','-41.80','21.85','961.40',15,'-4.17','0.00',12,'2007-06-07 05:00:26','19.67',10),(131,'74.38','85.50','54.64','1038.16',15,'8.97','0.00',12,'2007-06-07 05:00:27','50.44',12),(132,'0.00','0.00','7.30','730.00',14,'0.00','0.00',12,'2007-06-07 05:00:28','6.76',13),(133,'17.12','49.83','31.16','1028.28',20,'5.09','0.00',13,'2007-06-08 05:00:21','28.70',1),(134,'94.57','200.10','3.05','701.50',17,'39.91','0.00',13,'2007-06-08 05:00:22','3.08',2),(135,'229.63','148.80','5.44','652.80',17,'29.52','0.00',13,'2007-06-08 05:00:23','4.90',3),(136,'73.21','57.81','3.98','561.18',17,'11.48','0.00',13,'2007-06-08 05:00:24','3.66',5),(137,'71.43','56.80','3.98','565.16',14,'11.17','0.00',13,'2007-06-08 05:00:24','3.66',6),(138,'-19.28','-59.20','6.00','444.00',16,'-11.76','0.00',13,'2007-06-08 05:00:25','5.54',7),(139,'-38.55','-105.60','6.00','396.00',14,'-21.05','0.00',13,'2007-06-08 05:00:26','5.54',8),(140,'18.89','39.10','9.04','1039.60',16,'3.91','0.00',13,'2007-06-08 05:00:27','8.28',9),(141,'-25.38','-58.96','21.46','944.24',16,'-5.88','0.00',13,'2007-06-08 05:00:28','19.67',10),(142,'74.88','86.07','54.67','1038.73',15,'9.03','0.00',13,'2007-06-08 05:00:28','50.44',12),(143,'-5.81','-9.00','7.21','721.00',14,'-1.23','0.00',13,'2007-06-08 05:00:29','6.76',13),(144,'17.01','49.50','31.15','1027.95',20,'5.06','0.00',14,'2007-06-09 05:00:21','28.70',1),(145,'94.57','200.10','3.05','701.50',17,'39.91','0.00',14,'2007-06-09 05:00:21','3.08',2),(146,'227.78','147.60','5.43','651.60',17,'29.29','0.00',14,'2007-06-09 05:00:22','4.90',3),(147,'57.14','45.12','3.89','548.49',17,'8.96','0.00',14,'2007-06-09 05:00:22','3.66',5),(148,'55.36','44.02','3.89','552.38',14,'8.66','0.00',14,'2007-06-09 05:00:23','3.66',6),(149,'-22.89','-70.30','5.85','432.90',16,'-13.97','0.00',14,'2007-06-09 05:00:23','5.54',7),(150,'-42.17','-115.50','5.85','386.10',14,'-23.03','0.00',14,'2007-06-09 05:00:24','5.54',8),(151,'7.78','16.10','8.84','1016.60',16,'1.61','0.00',14,'2007-06-09 05:00:24','8.28',9),(152,'-31.82','-73.92','21.12','929.28',16,'-7.37','0.00',14,'2007-06-09 05:00:25','19.67',10),(153,'66.28','76.19','54.15','1028.85',15,'8.00','0.00',14,'2007-06-09 05:00:25','50.44',12),(154,'-7.74','-12.00','7.18','718.00',14,'-1.64','0.00',14,'2007-06-09 05:00:26','6.76',13),(155,'17.01','49.50','31.15','1027.95',20,'5.06','0.00',15,'2007-06-10 05:00:17','28.70',1),(156,'94.57','200.10','3.05','701.50',17,'39.91','0.00',15,'2007-06-10 05:00:17','3.08',2),(157,'227.78','147.60','5.43','651.60',17,'29.29','0.00',15,'2007-06-10 05:00:18','4.90',3),(158,'57.14','45.12','3.89','548.49',17,'8.96','0.00',15,'2007-06-10 05:00:18','3.66',5),(159,'55.36','44.02','3.89','552.38',14,'8.66','0.00',15,'2007-06-10 05:00:19','3.66',6),(160,'-22.89','-70.30','5.85','432.90',16,'-13.97','0.00',15,'2007-06-10 05:00:19','5.54',7),(161,'-42.17','-115.50','5.85','386.10',14,'-23.03','0.00',15,'2007-06-10 05:00:20','5.54',8),(162,'7.78','16.10','8.84','1016.60',16,'1.61','0.00',15,'2007-06-10 05:00:20','8.28',9),(163,'-31.82','-73.92','21.12','929.28',16,'-7.37','0.00',15,'2007-06-10 05:00:21','19.67',10),(164,'66.28','76.19','54.15','1028.85',15,'8.00','0.00',15,'2007-06-10 05:00:21','50.44',12),(165,'-7.74','-12.00','7.18','718.00',14,'-1.64','0.00',15,'2007-06-10 05:00:22','6.76',13),(166,'17.01','49.50','31.15','1027.95',20,'5.06','0.00',16,'2007-06-11 05:00:20','28.70',1),(167,'94.57','200.10','3.05','701.50',17,'39.91','0.00',16,'2007-06-11 05:00:21','3.08',2),(168,'227.78','147.60','5.43','651.60',17,'29.29','0.00',16,'2007-06-11 05:00:21','4.90',3),(169,'57.14','45.12','3.89','548.49',17,'8.96','0.00',16,'2007-06-11 05:00:22','3.66',5),(170,'55.36','44.02','3.89','552.38',14,'8.66','0.00',16,'2007-06-11 05:00:22','3.66',6),(171,'-22.89','-70.30','5.85','432.90',17,'-13.97','0.00',16,'2007-06-11 05:00:23','5.54',7),(172,'-42.17','-115.50','5.85','386.10',14,'-23.03','0.00',16,'2007-06-11 05:00:23','5.54',8),(173,'7.78','16.10','8.84','1016.60',17,'1.61','0.00',16,'2007-06-11 05:00:24','8.28',9),(174,'-31.82','-73.92','21.12','929.28',16,'-7.37','0.00',16,'2007-06-11 05:00:24','19.67',10),(175,'66.28','76.19','54.15','1028.85',15,'8.00','0.00',16,'2007-06-11 05:00:25','50.44',12),(176,'-7.74','-12.00','7.18','718.00',15,'-1.64','0.00',16,'2007-06-11 05:00:25','6.76',13),(177,'17.01','49.50','31.15','1027.95',21,'5.06','0.00',17,'2007-06-12 05:00:20','28.70',1),(178,'94.57','200.10','3.05','701.50',17,'39.91','0.00',17,'2007-06-12 05:00:21','3.08',2),(179,'227.78','147.60','5.43','651.60',17,'29.29','0.00',17,'2007-06-12 05:00:22','4.90',3),(180,'57.14','45.12','3.89','548.49',17,'8.96','0.00',17,'2007-06-12 05:00:22','3.66',5),(181,'55.36','44.02','3.89','552.38',14,'8.66','0.00',17,'2007-06-12 05:00:23','3.66',6),(182,'-22.89','-70.30','5.85','432.90',17,'-13.97','0.00',17,'2007-06-12 05:00:23','5.54',7),(183,'-42.17','-115.50','5.85','386.10',14,'-23.03','0.00',17,'2007-06-12 05:00:24','5.54',8),(184,'7.78','16.10','8.84','1016.60',17,'1.61','0.00',17,'2007-06-12 05:00:25','8.28',9),(185,'-31.82','-73.92','21.12','929.28',16,'-7.37','0.00',17,'2007-06-12 05:00:25','19.67',10),(186,'66.28','76.19','54.15','1028.85',15,'8.00','0.00',17,'2007-06-12 05:00:26','50.44',12),(187,'-7.74','-12.00','7.18','718.00',15,'-1.64','0.00',17,'2007-06-12 05:00:26','6.76',13),(188,'15.87','46.20','31.05','1024.65',21,'4.72','0.00',18,'2007-06-13 05:00:19','28.70',1),(189,'108.70','230.00','3.18','731.40',17,'45.87','0.00',18,'2007-06-13 05:00:20','3.08',2),(190,'222.22','144.00','5.40','648.00',17,'28.57','0.00',18,'2007-06-13 05:00:21','4.90',3),(191,'73.21','57.81','3.98','561.18',17,'11.48','0.00',18,'2007-06-13 05:00:22','3.66',5),(192,'71.43','56.80','3.98','565.16',15,'11.17','0.00',18,'2007-06-13 05:00:22','3.66',6),(193,'-26.75','-82.14','5.69','421.06',17,'-16.32','0.00',18,'2007-06-13 05:00:23','5.54',7),(194,'-46.02','-126.06','5.69','375.54',14,'-25.13','0.00',18,'2007-06-13 05:00:24','5.54',8),(195,'8.89','18.40','8.86','1018.90',17,'1.84','0.00',18,'2007-06-13 05:00:26','8.28',9),(196,'-35.98','-83.60','20.90','919.60',16,'-8.33','0.00',18,'2007-06-13 05:00:27','19.67',10),(197,'59.67','68.59','53.75','1021.25',15,'7.20','0.00',18,'2007-06-13 05:00:27','50.44',12),(198,'-9.68','-15.00','7.15','715.00',15,'-2.05','0.00',18,'2007-06-13 05:00:28','6.76',13),(199,'16.44','47.85','31.10','1026.30',21,'4.89','0.00',19,'2007-06-14 05:00:26','28.70',1),(200,'106.52','225.40','3.16','726.80',17,'44.95','0.00',19,'2007-06-14 05:00:30','3.08',2),(201,'222.22','144.00','5.40','648.00',17,'28.57','0.00',19,'2007-06-14 05:00:33','4.90',3),(202,'78.57','62.04','4.01','565.41',17,'12.32','0.00',19,'2007-06-14 05:00:35','3.66',5),(203,'76.79','61.06','4.01','569.42',15,'12.01','0.00',19,'2007-06-14 05:00:37','3.66',6),(204,'-34.22','-105.08','5.38','398.12',17,'-20.88','0.00',19,'2007-06-14 05:00:40','5.54',7),(205,'-53.49','-146.52','5.38','355.08',15,'-29.21','0.00',19,'2007-06-14 05:00:41','5.54',8),(206,'6.67','13.80','8.82','1014.30',17,'1.38','0.00',19,'2007-06-14 05:00:42','8.28',9),(207,'-35.98','-83.60','20.90','919.60',16,'-8.33','0.00',19,'2007-06-14 05:00:44','19.67',10),(208,'60.83','69.92','53.82','1022.58',16,'7.34','0.00',19,'2007-06-14 05:00:45','50.44',12),(209,'-16.13','-25.00','7.05','705.00',15,'-3.42','0.00',19,'2007-06-14 05:00:49','6.76',13),(210,'23.13','67.32','31.69','1045.77',21,'6.88','0.00',20,'2007-06-15 05:00:20','28.70',1),(211,'110.87','234.60','3.20','736.00',18,'46.79','0.00',20,'2007-06-15 05:00:21','3.08',2),(212,'225.93','146.40','5.42','650.40',18,'29.05','0.00',20,'2007-06-15 05:00:22','4.90',3),(213,'103.57','81.78','4.15','585.15',18,'16.25','0.00',20,'2007-06-15 05:00:22','3.74',5),(214,'101.79','80.94','4.15','589.30',15,'15.92','0.00',20,'2007-06-15 05:00:24','3.74',6),(215,'-30.36','-93.24','5.54','409.96',17,'-18.53','0.00',20,'2007-06-15 05:00:24','5.54',7),(216,'-49.64','-135.96','5.54','365.64',15,'-27.11','0.00',20,'2007-06-15 05:00:25','5.54',8),(217,'16.67','34.50','9.00','1035.00',17,'3.45','0.00',20,'2007-06-15 05:00:25','8.28',9),(218,'-35.98','-83.60','20.90','919.60',17,'-8.33','0.00',20,'2007-06-15 05:00:26','19.67',10),(219,'65.12','74.86','54.08','1027.52',16,'7.86','0.00',20,'2007-06-15 05:00:26','50.44',12),(220,'-14.19','-22.00','7.08','708.00',15,'-3.01','0.00',20,'2007-06-15 05:00:27','6.76',13),(221,'26.64','77.55','32.00','1056.00',21,'7.93','0.00',21,'2007-06-16 05:00:35','28.80',1),(222,'107.61','227.70','3.17','729.10',18,'45.41','0.00',21,'2007-06-16 05:00:37','3.08',2),(223,'224.07','145.20','5.41','649.20',18,'28.81','0.00',21,'2007-06-16 05:00:38','4.90',3),(224,'121.43','95.88','4.25','599.25',18,'19.05','0.00',21,'2007-06-16 05:00:38','3.83',5),(225,'119.64','95.14','4.25','603.50',15,'18.72','0.00',21,'2007-06-16 05:00:39','3.83',6),(226,'-29.40','-90.28','5.58','412.92',17,'-17.94','0.00',21,'2007-06-16 05:00:40','5.54',7),(227,'-48.67','-133.32','5.58','368.28',15,'-26.58','0.00',21,'2007-06-16 05:00:41','5.54',8),(228,'13.89','28.75','8.95','1029.25',17,'2.87','0.00',21,'2007-06-16 05:00:42','8.28',9),(229,'-35.98','-83.60','20.90','919.60',17,'-8.33','0.00',21,'2007-06-16 05:00:44','19.67',10),(230,'72.07','82.84','54.50','1035.50',16,'8.70','0.00',21,'2007-06-16 05:00:45','50.44',12),(231,'-8.39','-13.00','7.17','717.00',15,'-1.78','0.00',21,'2007-06-16 05:00:47','6.76',13),(232,'26.64','77.55','32.00','1056.00',21,'7.93','0.00',22,'2007-06-17 05:00:20','28.80',1),(233,'107.61','227.70','3.17','729.10',18,'45.41','0.00',22,'2007-06-17 05:00:21','3.08',2),(234,'224.07','145.20','5.41','649.20',18,'28.81','0.00',22,'2007-06-17 05:00:21','4.90',3),(235,'121.43','95.88','4.25','599.25',18,'19.05','0.00',22,'2007-06-17 05:00:22','3.83',5),(236,'119.64','95.14','4.25','603.50',15,'18.72','0.00',22,'2007-06-17 05:00:22','3.83',6),(237,'-29.40','-90.28','5.58','412.92',17,'-17.94','0.00',22,'2007-06-17 05:00:23','5.54',7),(238,'-48.67','-133.32','5.58','368.28',15,'-26.58','0.00',22,'2007-06-17 05:00:23','5.54',8),(239,'13.89','28.75','8.95','1029.25',17,'2.87','0.00',22,'2007-06-17 05:00:24','8.28',9),(240,'-35.98','-83.60','20.90','919.60',17,'-8.33','0.00',22,'2007-06-17 05:00:24','19.67',10),(241,'72.07','82.84','54.50','1035.50',16,'8.70','0.00',22,'2007-06-17 05:00:25','50.44',12),(242,'-8.39','-13.00','7.17','717.00',15,'-1.78','0.00',22,'2007-06-17 05:00:25','6.76',13),(243,'26.64','77.55','32.00','1056.00',21,'7.93','0.00',23,'2007-06-18 05:00:20','28.80',1),(244,'107.61','227.70','3.17','729.10',18,'45.41','0.00',23,'2007-06-18 05:00:21','3.08',2),(245,'224.07','145.20','5.41','649.20',18,'28.81','0.00',23,'2007-06-18 05:00:22','4.90',3),(246,'121.43','95.88','4.25','599.25',18,'19.05','0.00',23,'2007-06-18 05:00:22','3.83',5),(247,'119.64','95.14','4.25','603.50',15,'18.72','0.00',23,'2007-06-18 05:00:23','3.83',6),(248,'-29.40','-90.28','5.58','412.92',18,'-17.94','0.00',23,'2007-06-18 05:00:23','5.54',7),(249,'-48.67','-133.32','5.58','368.28',15,'-26.58','0.00',23,'2007-06-18 05:00:24','5.54',8),(250,'13.89','28.75','8.95','1029.25',18,'2.87','0.00',23,'2007-06-18 05:00:24','8.28',9),(251,'-35.98','-83.60','20.90','919.60',17,'-8.33','0.00',23,'2007-06-18 05:00:25','19.67',10),(252,'72.07','82.84','54.50','1035.50',16,'8.70','0.00',23,'2007-06-18 05:00:25','50.44',12),(253,'-8.39','-13.00','7.17','717.00',16,'-1.78','0.00',23,'2007-06-18 05:00:26','6.76',13),(254,'28.00','81.51','32.12','1059.96',22,'8.33','0.00',24,'2007-06-19 05:00:17','28.91',1),(255,'107.61','227.70','3.17','729.10',18,'45.41','0.00',24,'2007-06-19 05:00:18','3.08',2),(256,'222.22','144.00','5.40','648.00',18,'28.57','0.00',24,'2007-06-19 05:00:19','4.90',3),(257,'126.79','100.11','4.28','603.48',18,'19.89','0.00',24,'2007-06-19 05:00:19','3.85',5),(258,'125.00','99.40','4.28','607.76',15,'19.55','0.00',24,'2007-06-19 05:00:20','3.85',6),(259,'-26.99','-82.88','5.68','420.32',18,'-16.47','0.00',24,'2007-06-19 05:00:20','5.54',7),(260,'-46.27','-126.72','5.68','374.88',15,'-25.26','0.00',24,'2007-06-19 05:00:21','5.54',8),(261,'19.44','40.25','9.05','1040.75',18,'4.02','0.00',24,'2007-06-19 05:00:21','8.28',9),(262,'-47.35','-110.00','20.30','893.20',17,'-10.96','0.00',24,'2007-06-19 05:00:22','19.67',10),(263,'85.29','98.04','55.30','1050.70',16,'10.29','0.00',24,'2007-06-19 05:00:22','50.44',12),(264,'-20.00','-31.00','6.99','699.00',16,'-4.25','0.00',24,'2007-06-19 05:00:23','6.76',13),(265,'31.75','92.40','32.45','1070.85',22,'9.44','0.00',25,'2007-06-20 05:00:24','29.21',1),(266,'102.17','216.20','3.12','717.60',18,'43.12','0.00',25,'2007-06-20 05:00:25','3.08',2),(267,'227.78','147.60','5.43','651.60',18,'29.29','0.00',25,'2007-06-20 05:00:26','4.90',3),(268,'123.21','97.29','4.26','600.66',18,'19.33','0.00',25,'2007-06-20 05:00:26','3.85',5),(269,'121.43','96.56','4.26','604.92',16,'18.99','0.00',25,'2007-06-20 05:00:27','3.85',6),(270,'-27.47','-84.36','5.66','418.84',18,'-16.76','0.00',25,'2007-06-20 05:00:27','5.54',7),(271,'-46.75','-128.04','5.66','373.56',15,'-25.53','0.00',25,'2007-06-20 05:00:28','5.54',8),(272,'23.89','49.45','9.13','1049.95',18,'4.94','0.00',25,'2007-06-20 05:00:28','8.28',9),(273,'-40.72','-94.60','20.65','908.60',17,'-9.43','0.00',25,'2007-06-20 05:00:29','19.67',10),(274,'86.94','99.94','55.40','1052.60',16,'10.49','0.00',25,'2007-06-20 05:00:29','50.44',12),(275,'-25.81','-40.00','6.90','690.00',16,'-5.48','0.00',25,'2007-06-20 05:00:30','6.76',13),(276,'35.83','104.28','32.81','1082.73',22,'10.66','0.00',26,'2007-06-21 05:00:20','29.53',1),(277,'105.43','223.10','3.15','724.50',18,'44.50','0.00',26,'2007-06-21 05:00:21','3.08',2),(278,'231.48','150.00','5.45','654.00',18,'29.76','0.00',26,'2007-06-21 05:00:21','4.91',3),(279,'125.00','98.70','4.27','602.07',18,'19.61','0.00',26,'2007-06-21 05:00:22','3.85',5),(280,'123.21','97.98','4.27','606.34',16,'19.27','0.00',26,'2007-06-21 05:00:22','3.85',6),(281,'-25.06','-76.96','5.76','426.24',18,'-15.29','0.00',26,'2007-06-21 05:00:23','5.54',7),(282,'-44.34','-121.44','5.76','380.16',16,'-24.21','0.00',26,'2007-06-21 05:00:23','5.54',8),(283,'18.89','39.10','9.04','1039.60',18,'3.91','0.00',26,'2007-06-21 05:00:24','8.28',9),(284,'-32.20','-74.80','21.10','928.40',17,'-7.46','0.00',26,'2007-06-21 05:00:24','19.67',10),(285,'82.98','95.38','55.16','1048.04',17,'10.01','0.00',26,'2007-06-21 05:00:25','50.44',12),(286,'-19.35','-30.00','7.00','700.00',16,'-4.11','0.00',26,'2007-06-21 05:00:25','6.76',13),(287,'37.98','110.55','33.00','1089.00',22,'11.30','0.00',27,'2007-06-22 05:00:28','29.70',1),(288,'115.22','243.80','3.24','745.20',19,'48.62','0.00',27,'2007-06-22 05:00:29','3.08',2),(289,'240.74','156.00','5.50','660.00',19,'30.95','0.00',27,'2007-06-22 05:00:30','4.95',3),(290,'117.86','93.06','4.23','596.43',19,'18.49','0.00',27,'2007-06-22 05:00:30','3.85',5),(291,'116.07','92.30','4.23','600.66',16,'18.16','0.00',27,'2007-06-22 05:00:31','3.85',6),(292,'-23.86','-73.26','5.81','429.94',18,'-14.56','0.00',27,'2007-06-22 05:00:31','5.54',7),(293,'-43.13','-118.14','5.81','383.46',16,'-23.55','0.00',27,'2007-06-22 05:00:32','5.54',8),(294,'16.11','33.35','8.99','1033.85',18,'3.33','0.00',27,'2007-06-22 05:00:33','8.28',9),(295,'-35.04','-81.40','20.95','921.80',18,'-8.11','0.00',27,'2007-06-22 05:00:34','19.67',10),(296,'78.68','90.44','54.90','1043.10',17,'9.49','0.00',27,'2007-06-22 05:00:37','50.44',12),(297,'-7.74','-12.00','7.18','718.00',16,'-1.64','0.00',27,'2007-06-22 05:00:40','6.76',13),(298,'32.54','94.71','32.52','1073.16',22,'9.68','0.00',28,'2007-06-23 05:00:18','29.70',1),(299,'123.91','262.20','3.32','763.60',19,'52.29','0.00',28,'2007-06-23 05:00:19','3.08',2),(300,'298.15','193.20','5.81','697.20',19,'38.33','0.00',28,'2007-06-23 05:00:20','5.23',3),(301,'110.71','87.42','4.19','590.79',19,'17.37','0.00',28,'2007-06-23 05:00:20','3.85',5),(302,'108.93','86.62','4.19','594.98',16,'17.04','0.00',28,'2007-06-23 05:00:21','3.85',6),(303,'-28.67','-88.06','5.61','415.14',18,'-17.50','0.00',28,'2007-06-23 05:00:22','5.54',7),(304,'-47.95','-131.34','5.61','370.26',16,'-26.18','0.00',28,'2007-06-23 05:00:23','5.54',8),(305,'21.11','43.70','9.08','1044.20',18,'4.37','0.00',28,'2007-06-23 05:00:24','8.28',9),(306,'-38.83','-90.20','20.75','913.00',18,'-8.99','0.00',28,'2007-06-23 05:00:25','19.67',10),(307,'83.47','95.95','55.19','1048.61',17,'10.07','0.00',28,'2007-06-23 05:00:26','50.44',12),(308,'-3.23','-5.00','7.25','725.00',16,'-0.68','0.00',28,'2007-06-23 05:00:27','6.76',13),(309,'32.54','94.71','32.52','1073.16',22,'9.68','0.00',29,'2007-06-24 05:00:30','29.70',1),(310,'123.91','262.20','3.32','763.60',19,'52.29','0.00',29,'2007-06-24 05:00:32','3.08',2),(311,'298.15','193.20','5.81','697.20',19,'38.33','0.00',29,'2007-06-24 05:00:34','5.23',3),(312,'110.71','87.42','4.19','590.79',19,'17.37','0.00',29,'2007-06-24 05:00:35','3.85',5),(313,'108.93','86.62','4.19','594.98',16,'17.04','0.00',29,'2007-06-24 05:00:38','3.85',6),(314,'-28.67','-88.06','5.61','415.14',18,'-17.50','0.00',29,'2007-06-24 05:00:40','5.54',7),(315,'-47.95','-131.34','5.61','370.26',16,'-26.18','0.00',29,'2007-06-24 05:00:42','5.54',8),(316,'21.11','43.70','9.08','1044.20',18,'4.37','0.00',29,'2007-06-24 05:00:43','8.28',9),(317,'-38.83','-90.20','20.75','913.00',18,'-8.99','0.00',29,'2007-06-24 05:00:44','19.67',10),(318,'83.47','95.95','55.19','1048.61',17,'10.07','0.00',29,'2007-06-24 05:00:45','50.44',12),(319,'-3.23','-5.00','7.25','725.00',16,'-0.68','0.00',29,'2007-06-24 05:00:46','6.76',13),(320,'32.54','94.71','32.52','1073.16',22,'9.68','0.00',30,'2007-06-25 05:00:18','29.70',1),(321,'123.91','262.20','3.32','763.60',19,'52.29','0.00',30,'2007-06-25 05:00:19','3.08',2),(322,'298.15','193.20','5.81','697.20',19,'38.33','0.00',30,'2007-06-25 05:00:20','5.23',3),(323,'110.71','87.42','4.19','590.79',19,'17.37','0.00',30,'2007-06-25 05:00:21','3.85',5),(324,'108.93','86.62','4.19','594.98',16,'17.04','0.00',30,'2007-06-25 05:00:21','3.85',6),(325,'-28.67','-88.06','5.61','415.14',19,'-17.50','0.00',30,'2007-06-25 05:00:22','5.54',7),(326,'-47.95','-131.34','5.61','370.26',16,'-26.18','0.00',30,'2007-06-25 05:00:22','5.54',8),(327,'21.11','43.70','9.08','1044.20',19,'4.37','0.00',30,'2007-06-25 05:00:23','8.28',9),(328,'-38.83','-90.20','20.75','913.00',18,'-8.99','0.00',30,'2007-06-25 05:00:24','19.67',10),(329,'83.47','95.95','55.19','1048.61',17,'10.07','0.00',30,'2007-06-25 05:00:24','50.44',12),(330,'-3.23','-5.00','7.25','725.00',17,'-0.68','0.00',30,'2007-06-25 05:00:25','6.76',13),(331,'26.64','77.55','32.00','1056.00',23,'7.93','0.00',31,'2007-06-26 05:00:16','29.70',1),(332,'111.96','236.90','3.21','738.30',19,'47.25','0.00',31,'2007-06-26 05:00:17','3.08',2),(333,'324.07','210.00','5.95','714.00',19,'41.67','0.00',31,'2007-06-26 05:00:18','5.36',3),(334,'110.71','87.42','4.19','590.79',19,'17.37','0.00',31,'2007-06-26 05:00:19','3.85',5),(335,'108.93','86.62','4.19','594.98',16,'17.04','0.00',31,'2007-06-26 05:00:20','3.85',6),(336,'-28.43','-87.32','5.62','415.88',19,'-17.35','0.00',31,'2007-06-26 05:00:20','5.54',7),(337,'-47.71','-130.68','5.62','370.92',16,'-26.05','0.00',31,'2007-06-26 05:00:21','5.54',8),(338,'8.89','18.40','8.86','1018.90',19,'1.84','0.00',31,'2007-06-26 05:00:22','8.28',9),(339,'-39.39','-91.52','20.72','911.68',18,'-9.12','0.00',31,'2007-06-26 05:00:23','19.67',10),(340,'82.64','95.00','55.14','1047.66',17,'9.97','0.00',31,'2007-06-26 05:00:24','50.44',12),(341,'0.00','0.00','7.30','730.00',17,'0.00','0.00',31,'2007-06-26 05:00:25','6.76',13),(342,'24.72','71.94','31.83','1050.39',23,'7.35','0.00',32,'2007-06-27 05:00:20','29.70',1),(343,'125.00','264.50','3.33','765.90',19,'52.75','0.00',32,'2007-06-27 05:00:21','3.08',2),(344,'366.67','237.60','6.18','741.60',19,'47.14','0.00',32,'2007-06-27 05:00:21','5.56',3),(345,'112.50','88.83','4.20','592.20',19,'17.65','0.00',32,'2007-06-27 05:00:22','3.85',5),(346,'110.71','88.04','4.20','596.40',17,'17.32','0.00',32,'2007-06-27 05:00:23','3.85',6),(347,'-31.57','-96.94','5.49','406.26',19,'-19.26','0.00',32,'2007-06-27 05:00:23','5.54',7),(348,'-50.84','-139.26','5.49','362.34',16,'-27.76','0.00',32,'2007-06-27 05:00:24','5.54',8),(349,'12.22','25.30','8.92','1025.80',19,'2.53','0.00',32,'2007-06-27 05:00:24','8.28',9),(350,'-43.94','-102.08','20.48','901.12',18,'-10.18','0.00',32,'2007-06-27 05:00:25','19.67',10),(351,'82.81','95.19','55.15','1047.85',17,'9.99','0.00',32,'2007-06-27 05:00:26','50.44',12),(352,'-10.97','-17.00','7.13','713.00',17,'-2.33','0.00',32,'2007-06-27 05:00:26','6.76',13),(353,'14.29','41.58','30.91','1020.03',23,'4.25','0.00',33,'2007-06-28 05:00:23','29.70',1),(354,'127.17','269.10','3.35','770.50',19,'53.67','0.00',33,'2007-06-28 05:00:24','3.08',2),(355,'353.70','229.20','6.11','733.20',19,'45.48','0.00',33,'2007-06-28 05:00:24','5.56',3),(356,'101.79','80.37','4.14','583.74',19,'15.97','0.00',33,'2007-06-28 05:00:25','3.85',5),(357,'100.00','79.52','4.14','587.88',17,'15.64','0.00',33,'2007-06-28 05:00:26','3.85',6),(358,'-33.73','-103.60','5.40','399.60',19,'-20.59','0.00',33,'2007-06-28 05:00:26','5.54',7),(359,'-53.01','-145.20','5.40','356.40',17,'-28.95','0.00',33,'2007-06-28 05:00:27','5.54',8),(360,'3.89','8.05','8.77','1008.55',19,'0.80','0.00',33,'2007-06-28 05:00:27','8.28',9),(361,'-53.03','-123.20','20.00','880.00',18,'-12.28','0.00',33,'2007-06-28 05:00:28','19.67',10),(362,'71.07','81.70','54.44','1034.36',18,'8.58','0.00',33,'2007-06-28 05:00:28','50.44',12),(363,'-15.48','-24.00','7.06','706.00',17,'-3.29','0.00',33,'2007-06-28 05:00:29','6.76',13),(364,'15.42','44.88','31.01','1023.33',23,'4.59','0.00',34,'2007-06-29 05:00:16','29.70',1),(365,'127.17','269.10','3.35','770.50',20,'53.67','0.00',34,'2007-06-29 05:00:17','3.08',2),(366,'355.56','230.40','6.12','734.40',20,'45.71','0.00',34,'2007-06-29 05:00:17','5.56',3),(367,'116.07','91.65','4.22','595.02',20,'18.21','0.00',34,'2007-06-29 05:00:18','3.85',5),(368,'114.29','90.88','4.22','599.24',17,'17.88','0.00',34,'2007-06-29 05:00:18','3.85',6),(369,'-31.08','-95.46','5.51','407.74',19,'-18.97','0.00',34,'2007-06-29 05:00:19','5.54',7),(370,'-50.36','-137.94','5.51','363.66',17,'-27.50','0.00',34,'2007-06-29 05:00:20','5.54',8),(371,'0.56','1.15','8.71','1001.65',19,'0.11','0.00',34,'2007-06-29 05:00:20','8.28',9),(372,'-53.03','-123.20','20.00','880.00',19,'-12.28','0.00',34,'2007-06-29 05:00:21','19.67',10),(373,'86.78','99.75','55.39','1052.41',18,'10.47','0.00',34,'2007-06-29 05:00:21','50.44',12),(374,'-0.65','-1.00','7.29','729.00',17,'-0.14','0.00',34,'2007-06-29 05:00:22','6.76',13),(375,'17.57','51.15','31.20','1029.60',23,'5.23','0.00',35,'2007-06-30 05:00:29','29.70',1),(376,'123.91','262.20','3.32','763.60',20,'52.29','0.00',35,'2007-06-30 05:00:30','3.08',2),(377,'344.44','223.20','6.06','727.20',20,'44.29','0.00',35,'2007-06-30 05:00:31','5.56',3),(378,'112.50','88.83','4.20','592.20',20,'17.65','0.00',35,'2007-06-30 05:00:31','3.85',5),(379,'110.71','88.04','4.20','596.40',17,'17.32','0.00',35,'2007-06-30 05:00:32','3.85',6),(380,'-28.19','-86.58','5.63','416.62',19,'-17.21','0.00',35,'2007-06-30 05:00:32','5.54',7),(381,'-47.47','-130.02','5.63','371.58',17,'-25.92','0.00',35,'2007-06-30 05:00:32','5.54',8),(382,'3.89','8.05','8.77','1008.55',19,'0.80','0.00',35,'2007-06-30 05:00:33','8.28',9),(383,'-53.79','-124.96','19.96','878.24',19,'-12.46','0.00',35,'2007-06-30 05:00:33','19.67',10),(384,'84.46','97.09','55.25','1049.75',18,'10.19','0.00',35,'2007-06-30 05:00:34','50.44',12),(385,'3.87','6.00','7.36','736.00',17,'0.82','0.00',35,'2007-06-30 05:00:34','6.76',13),(386,'17.57','51.15','31.20','1029.60',23,'5.23','0.00',36,'2007-07-01 05:00:20','29.70',1),(387,'123.91','262.20','3.32','763.60',20,'52.29','0.00',36,'2007-07-01 05:00:20','3.08',2),(388,'344.44','223.20','6.06','727.20',20,'44.29','0.00',36,'2007-07-01 05:00:21','5.56',3),(389,'112.50','88.83','4.20','592.20',20,'17.65','0.00',36,'2007-07-01 05:00:22','3.85',5),(390,'110.71','88.04','4.20','596.40',17,'17.32','0.00',36,'2007-07-01 05:00:22','3.85',6),(391,'-28.19','-86.58','5.63','416.62',19,'-17.21','0.00',36,'2007-07-01 05:00:23','5.54',7),(392,'-47.47','-130.02','5.63','371.58',17,'-25.92','0.00',36,'2007-07-01 05:00:23','5.54',8),(393,'3.89','8.05','8.77','1008.55',19,'0.80','0.00',36,'2007-07-01 05:00:24','8.28',9),(394,'-53.79','-124.96','19.96','878.24',19,'-12.46','0.00',36,'2007-07-01 05:00:24','19.67',10),(395,'84.46','97.09','55.25','1049.75',18,'10.19','0.00',36,'2007-07-01 05:00:25','50.44',12),(396,'3.87','6.00','7.36','736.00',17,'0.82','0.00',36,'2007-07-01 05:00:25','6.76',13),(397,'17.57','51.15','31.20','1029.60',23,'5.23','0.00',37,'2007-07-02 05:00:25','29.70',1),(398,'123.91','262.20','3.32','763.60',20,'52.29','0.00',37,'2007-07-02 05:00:25','3.08',2),(399,'344.44','223.20','6.06','727.20',20,'44.29','0.00',37,'2007-07-02 05:00:26','5.56',3),(400,'112.50','88.83','4.20','592.20',20,'17.65','0.00',37,'2007-07-02 05:00:26','3.85',5),(401,'110.71','88.04','4.20','596.40',17,'17.32','0.00',37,'2007-07-02 05:00:27','3.85',6),(402,'-28.19','-86.58','5.63','416.62',20,'-17.21','0.00',37,'2007-07-02 05:00:27','5.54',7),(403,'-47.47','-130.02','5.63','371.58',17,'-25.92','0.00',37,'2007-07-02 05:00:28','5.54',8),(404,'3.89','8.05','8.77','1008.55',20,'0.80','0.00',37,'2007-07-02 05:00:28','8.28',9),(405,'-53.79','-124.96','19.96','878.24',19,'-12.46','0.00',37,'2007-07-02 05:00:29','19.67',10),(406,'84.46','97.09','55.25','1049.75',18,'10.19','0.00',37,'2007-07-02 05:00:29','50.44',12),(407,'3.87','6.00','7.36','736.00',18,'0.82','0.00',37,'2007-07-02 05:00:30','6.76',13),(408,'13.83','40.26','30.87','1018.71',24,'4.11','0.00',38,'2007-07-07 05:00:17','29.70',1),(409,'110.87','234.60','3.20','736.00',21,'46.79','0.00',38,'2007-07-07 05:00:17','3.08',2),(410,'383.33','248.40','6.27','752.40',21,'49.29','0.00',38,'2007-07-07 05:00:18','5.64',3),(411,'100.00','78.96','4.13','582.33',21,'15.69','0.00',38,'2007-07-07 05:00:18','3.85',5),(412,'98.21','78.10','4.13','586.46',18,'15.36','0.00',38,'2007-07-07 05:00:19','3.85',6),(413,'-38.55','-118.40','5.20','384.80',20,'-23.53','0.00',38,'2007-07-07 05:00:19','5.54',7),(414,'-57.83','-158.40','5.20','343.20',18,'-31.58','0.00',38,'2007-07-07 05:00:20','5.54',8),(415,'-2.22','-4.60','8.66','995.90',20,'-0.46','0.00',38,'2007-07-07 05:00:20','8.28',9),(416,'-52.84','-122.76','20.01','880.44',20,'-12.24','0.00',38,'2007-07-07 05:00:21','19.67',10),(417,'84.96','97.66','55.28','1050.32',19,'10.25','0.00',38,'2007-07-07 05:00:21','50.44',12),(418,'-10.32','-16.00','7.14','714.00',18,'-2.19','0.00',38,'2007-07-07 05:00:21','6.76',13),(419,'13.83','40.26','30.87','1018.71',24,'4.11','0.00',39,'2007-07-08 05:00:23','29.70',1),(420,'110.87','234.60','3.20','736.00',21,'46.79','0.00',39,'2007-07-08 05:00:24','3.08',2),(421,'383.33','248.40','6.27','752.40',21,'49.29','0.00',39,'2007-07-08 05:00:24','5.64',3),(422,'100.00','78.96','4.13','582.33',21,'15.69','0.00',39,'2007-07-08 05:00:25','3.85',5),(423,'98.21','78.10','4.13','586.46',18,'15.36','0.00',39,'2007-07-08 05:00:25','3.85',6),(424,'-38.55','-118.40','5.20','384.80',20,'-23.53','0.00',39,'2007-07-08 05:00:26','5.54',7),(425,'-57.83','-158.40','5.20','343.20',18,'-31.58','0.00',39,'2007-07-08 05:00:26','5.54',8),(426,'-2.22','-4.60','8.66','995.90',20,'-0.46','0.00',39,'2007-07-08 05:00:27','8.28',9),(427,'-52.84','-122.76','20.01','880.44',20,'-12.24','0.00',39,'2007-07-08 05:00:27','19.67',10),(428,'84.96','97.66','55.28','1050.32',19,'10.25','0.00',39,'2007-07-08 05:00:28','50.44',12),(429,'-10.32','-16.00','7.14','714.00',18,'-2.19','0.00',39,'2007-07-08 05:00:29','6.76',13),(430,'13.83','40.26','30.87','1018.71',24,'4.11','0.00',40,'2007-07-09 05:00:20','29.70',1),(431,'110.87','234.60','3.20','736.00',21,'46.79','0.00',40,'2007-07-09 05:00:21','3.08',2),(432,'383.33','248.40','6.27','752.40',21,'49.29','0.00',40,'2007-07-09 05:00:22','5.64',3),(433,'100.00','78.96','4.13','582.33',21,'15.69','0.00',40,'2007-07-09 05:00:22','3.85',5),(434,'98.21','78.10','4.13','586.46',18,'15.36','0.00',40,'2007-07-09 05:00:22','3.85',6),(435,'-38.55','-118.40','5.20','384.80',21,'-23.53','0.00',40,'2007-07-09 05:00:23','5.54',7),(436,'-57.83','-158.40','5.20','343.20',18,'-31.58','0.00',40,'2007-07-09 05:00:24','5.54',8),(437,'-2.22','-4.60','8.66','995.90',21,'-0.46','0.00',40,'2007-07-09 05:00:24','8.28',9),(438,'-52.84','-122.76','20.01','880.44',20,'-12.24','0.00',40,'2007-07-09 05:00:25','19.67',10),(439,'84.96','97.66','55.28','1050.32',19,'10.25','0.00',40,'2007-07-09 05:00:25','50.44',12),(440,'-10.32','-16.00','7.14','714.00',19,'-2.19','0.00',40,'2007-07-09 05:00:26','6.76',13),(441,'11.11','32.34','30.63','1010.79',25,'3.31','0.00',41,'2007-07-10 05:00:17','29.70',1),(442,'103.26','218.50','3.13','719.90',21,'43.58','0.00',41,'2007-07-10 05:00:18','3.08',2),(443,'379.63','246.00','6.25','750.00',21,'48.81','0.00',41,'2007-07-10 05:00:19','5.64',3),(444,'112.50','88.83','4.20','592.20',21,'17.65','0.00',41,'2007-07-10 05:00:19','3.85',5),(445,'110.71','88.04','4.20','596.40',18,'17.32','0.00',41,'2007-07-10 05:00:20','3.85',6),(446,'-39.28','-120.62','5.17','382.58',21,'-23.97','0.00',41,'2007-07-10 05:00:21','5.54',7),(447,'-58.55','-160.38','5.17','341.22',18,'-31.97','0.00',41,'2007-07-10 05:00:21','5.54',8),(448,'-9.44','-19.55','8.53','980.95',21,'-1.95','0.00',41,'2007-07-10 05:00:22','8.28',9),(449,'-54.92','-127.60','19.90','875.60',20,'-12.72','0.00',41,'2007-07-10 05:00:23','19.67',10),(450,'97.85','112.48','56.06','1065.14',19,'11.81','0.00',41,'2007-07-10 05:00:24','50.45',12),(451,'-7.74','-12.00','7.18','718.00',19,'-1.64','0.00',41,'2007-07-10 05:00:24','6.76',13),(452,'9.64','28.05','30.50','1006.50',25,'2.87','0.00',42,'2007-07-11 05:00:27','29.70',1),(453,'108.70','230.00','3.18','731.40',21,'45.87','0.00',42,'2007-07-11 05:00:28','3.08',2),(454,'379.63','246.00','6.25','750.00',21,'48.81','0.00',42,'2007-07-11 05:00:29','5.64',3),(455,'96.43','76.14','4.11','579.51',21,'15.13','0.00',42,'2007-07-11 05:00:30','3.85',5),(456,'94.64','75.26','4.11','583.62',19,'14.80','0.00',42,'2007-07-11 05:00:30','3.85',6),(457,'-37.59','-115.44','5.24','387.76',21,'-22.94','0.00',42,'2007-07-11 05:00:32','5.54',7),(458,'-56.87','-155.76','5.24','345.84',18,'-31.05','0.00',42,'2007-07-11 05:00:32','5.54',8),(459,'-16.67','-34.50','8.40','966.00',21,'-3.45','0.00',42,'2007-07-11 05:00:33','8.28',9),(460,'-56.44','-131.12','19.82','872.08',20,'-13.07','0.00',42,'2007-07-11 05:00:34','19.67',10),(461,'96.86','111.34','56.00','1064.00',19,'11.69','0.00',42,'2007-07-11 05:00:35','50.45',12),(462,'-14.19','-22.00','7.08','708.00',19,'-3.01','0.00',42,'2007-07-11 05:00:37','6.76',13),(463,'7.26','21.12','30.29','999.57',25,'2.16','0.00',43,'2007-07-12 05:00:20','29.70',1),(464,'103.26','218.50','3.13','719.90',21,'43.58','0.00',43,'2007-07-12 05:00:21','3.08',2),(465,'387.04','250.80','6.29','754.80',21,'49.76','0.00',43,'2007-07-12 05:00:21','5.66',3),(466,'101.79','80.37','4.14','583.74',21,'15.97','0.00',43,'2007-07-12 05:00:22','3.85',5),(467,'100.00','79.52','4.14','587.88',19,'15.64','0.00',43,'2007-07-12 05:00:23','3.85',6),(468,'-41.93','-128.76','5.06','374.44',21,'-25.59','0.00',43,'2007-07-12 05:00:24','5.54',7),(469,'-61.20','-167.64','5.06','333.96',19,'-33.42','0.00',43,'2007-07-12 05:00:24','5.54',8),(470,'-19.44','-40.25','8.35','960.25',21,'-4.02','0.00',43,'2007-07-12 05:00:25','8.28',9),(471,'-53.22','-123.64','19.99','879.56',20,'-12.32','0.00',43,'2007-07-12 05:00:26','19.67',10),(472,'89.59','102.98','55.56','1055.64',20,'10.81','0.00',43,'2007-07-12 05:00:26','50.45',12),(473,'-19.35','-30.00','7.00','700.00',19,'-4.11','0.00',43,'2007-07-12 05:00:27','6.76',13),(474,'8.84','25.74','30.43','1004.19',25,'2.63','0.00',44,'2007-07-13 05:00:22','29.70',1),(475,'113.04','239.20','3.22','740.60',22,'47.71','0.00',44,'2007-07-13 05:00:23','3.08',2),(476,'379.63','246.00','6.25','750.00',22,'48.81','0.00',44,'2007-07-13 05:00:24','5.66',3),(477,'114.29','90.24','4.21','593.61',22,'17.93','0.00',44,'2007-07-13 05:00:25','3.85',5),(478,'112.50','89.46','4.21','597.82',19,'17.60','0.00',44,'2007-07-13 05:00:25','3.85',6),(479,'-34.46','-105.82','5.37','397.38',21,'-21.03','0.00',44,'2007-07-13 05:00:26','5.54',7),(480,'-53.73','-147.18','5.37','354.42',19,'-29.34','0.00',44,'2007-07-13 05:00:27','5.54',8),(481,'-20.00','-41.40','8.34','959.10',21,'-4.14','0.00',44,'2007-07-13 05:00:28','8.28',9),(482,'-53.22','-123.64','19.99','879.56',21,'-12.32','0.00',44,'2007-07-13 05:00:29','19.67',10),(483,'82.81','95.19','55.15','1047.85',20,'9.99','0.00',44,'2007-07-13 05:00:30','50.45',12),(484,'-9.03','-14.00','7.16','716.00',19,'-1.92','0.00',44,'2007-07-13 05:00:31','6.76',13),(485,'13.04','37.95','30.80','1016.40',25,'3.88','0.00',45,'2007-07-15 05:00:20','29.70',1),(486,'117.39','248.40','3.26','749.80',22,'49.54','0.00',45,'2007-07-15 05:00:21','3.08',2),(487,'379.63','246.00','6.25','750.00',22,'48.81','0.00',45,'2007-07-15 05:00:22','5.66',3),(488,'110.71','87.42','4.19','590.79',22,'17.37','0.00',45,'2007-07-15 05:00:23','3.85',5),(489,'108.93','86.62','4.19','594.98',19,'17.04','0.00',45,'2007-07-15 05:00:24','3.85',6),(490,'-31.33','-96.20','5.50','407.00',21,'-19.12','0.00',45,'2007-07-15 05:00:24','5.54',7),(491,'-50.60','-138.60','5.50','363.00',19,'-27.63','0.00',45,'2007-07-15 05:00:25','5.54',8),(492,'-23.89','-49.45','8.27','951.05',21,'-4.94','0.00',45,'2007-07-15 05:00:26','8.28',9),(493,'-56.82','-132.00','19.80','871.20',21,'-13.16','0.00',45,'2007-07-15 05:00:26','19.67',10),(494,'81.32','93.48','55.06','1046.14',20,'9.81','0.00',45,'2007-07-15 05:00:27','50.45',12),(495,'-4.52','-7.00','7.23','723.00',19,'-0.96','0.00',45,'2007-07-15 05:00:27','6.76',13),(496,'13.04','37.95','30.80','1016.40',25,'3.88','0.00',46,'2007-07-16 05:00:20','29.70',1),(497,'117.39','248.40','3.26','749.80',22,'49.54','0.00',46,'2007-07-16 05:00:21','3.08',2),(498,'379.63','246.00','6.25','750.00',22,'48.81','0.00',46,'2007-07-16 05:00:21','5.66',3),(499,'110.71','87.42','4.19','590.79',22,'17.37','0.00',46,'2007-07-16 05:00:22','3.85',5),(500,'108.93','86.62','4.19','594.98',19,'17.04','0.00',46,'2007-07-16 05:00:22','3.85',6),(501,'-31.33','-96.20','5.50','407.00',22,'-19.12','0.00',46,'2007-07-16 05:00:23','5.54',7),(502,'-50.60','-138.60','5.50','363.00',19,'-27.63','0.00',46,'2007-07-16 05:00:23','5.54',8),(503,'-23.89','-49.45','8.27','951.05',22,'-4.94','0.00',46,'2007-07-16 05:00:24','8.28',9),(504,'-56.82','-132.00','19.80','871.20',21,'-13.16','0.00',46,'2007-07-16 05:00:24','19.67',10),(505,'81.32','93.48','55.06','1046.14',20,'9.81','0.00',46,'2007-07-16 05:00:25','50.45',12),(506,'-4.52','-7.00','7.23','723.00',20,'-0.96','0.00',46,'2007-07-16 05:00:26','6.76',13),(507,'13.83','40.26','30.87','1018.71',26,'4.11','0.00',47,'2007-07-17 05:00:24','29.70',1),(508,'113.04','239.20','3.22','740.60',22,'47.71','0.00',47,'2007-07-17 05:00:26','3.08',2),(509,'385.19','249.60','6.28','753.60',22,'49.52','0.00',47,'2007-07-17 05:00:27','5.66',3),(510,'114.29','90.24','4.21','593.61',22,'17.93','0.00',47,'2007-07-17 05:00:29','3.85',5),(511,'112.50','89.46','4.21','597.82',19,'17.60','0.00',47,'2007-07-17 05:00:31','3.85',6),(512,'-32.05','-98.42','5.47','404.78',22,'-19.56','0.00',47,'2007-07-17 05:00:34','5.54',7),(513,'-51.33','-140.58','5.47','361.02',19,'-28.03','0.00',47,'2007-07-17 05:00:35','5.54',8),(514,'-18.33','-37.95','8.37','962.55',22,'-3.79','0.00',47,'2007-07-17 05:00:37','8.28',9),(515,'-58.71','-136.40','19.70','866.80',21,'-13.60','0.00',47,'2007-07-17 05:00:38','19.67',10),(516,'86.12','98.99','55.35','1051.65',20,'10.39','0.00',47,'2007-07-17 05:00:39','50.45',12),(517,'-1.29','-2.00','7.28','728.00',20,'-0.27','0.00',47,'2007-07-17 05:00:40','6.76',13),(518,'12.24','35.64','30.73','1014.09',26,'3.64','0.00',48,'2007-07-18 05:00:18','29.70',1),(519,'110.87','234.60','3.20','736.00',22,'46.79','0.00',48,'2007-07-18 05:00:19','3.08',2),(520,'381.48','247.20','6.26','751.20',22,'49.05','0.00',48,'2007-07-18 05:00:19','5.66',3),(521,'105.36','83.19','4.16','586.56',22,'16.53','0.00',48,'2007-07-18 05:00:20','3.85',5),(522,'103.57','82.36','4.16','590.72',20,'16.20','0.00',48,'2007-07-18 05:00:21','3.85',6),(523,'-26.51','-81.40','5.70','421.80',22,'-16.18','0.00',48,'2007-07-18 05:00:21','5.54',7),(524,'-45.78','-125.40','5.70','376.20',19,'-25.00','0.00',48,'2007-07-18 05:00:22','5.54',8),(525,'-11.67','-24.15','8.49','976.35',22,'-2.41','0.00',48,'2007-07-18 05:00:23','8.28',9),(526,'-58.33','-135.52','19.72','867.68',21,'-13.51','0.00',48,'2007-07-18 05:00:23','19.67',10),(527,'96.03','110.39','55.95','1063.05',20,'11.59','0.00',48,'2007-07-18 05:00:24','50.45',12),(528,'-4.52','-7.00','7.23','723.00',20,'-0.96','0.00',48,'2007-07-18 05:00:25','6.76',13),(529,'8.28','24.09','30.38','1002.54',26,'2.46','0.00',49,'2007-07-19 05:00:17','29.70',1),(530,'114.13','241.50','3.23','742.90',22,'48.17','0.00',49,'2007-07-19 05:00:17','3.08',2),(531,'388.89','252.00','6.30','756.00',22,'50.00','0.00',49,'2007-07-19 05:00:18','5.67',3),(532,'112.50','88.83','4.20','592.20',22,'17.65','0.00',49,'2007-07-19 05:00:18','3.85',5),(533,'110.71','88.04','4.20','596.40',20,'17.32','0.00',49,'2007-07-19 05:00:19','3.85',6),(534,'-26.75','-82.14','5.69','421.06',22,'-16.32','0.00',49,'2007-07-19 05:00:19','5.54',7),(535,'-46.02','-126.06','5.69','375.54',20,'-25.13','0.00',49,'2007-07-19 05:00:20','5.54',8),(536,'-23.33','-48.30','8.28','952.20',22,'-4.83','0.00',49,'2007-07-19 05:00:20','8.28',9),(537,'-59.85','-139.04','19.64','864.16',21,'-13.86','0.00',49,'2007-07-19 05:00:21','19.67',10),(538,'91.24','104.88','55.66','1057.54',21,'11.01','0.00',49,'2007-07-19 05:00:21','50.45',12),(539,'-10.32','-16.00','7.14','714.00',20,'-2.19','0.00',49,'2007-07-19 05:00:21','6.76',13),(540,'12.13','35.31','30.72','1013.76',26,'3.61','0.00',50,'2007-07-20 05:00:16','29.70',1),(541,'115.22','243.80','3.24','745.20',23,'48.62','0.00',50,'2007-07-20 05:00:17','3.08',2),(542,'388.89','252.00','6.30','756.00',23,'50.00','0.00',50,'2007-07-20 05:00:18','5.67',3),(543,'139.29','109.98','4.35','613.35',23,'21.85','0.00',50,'2007-07-20 05:00:18','3.91',5),(544,'137.50','109.34','4.35','617.70',20,'21.51','0.00',50,'2007-07-20 05:00:19','3.91',6),(545,'-18.31','-56.24','6.04','446.96',22,'-11.18','0.00',50,'2007-07-20 05:00:19','5.54',7),(546,'-37.59','-102.96','6.04','398.64',20,'-20.53','0.00',50,'2007-07-20 05:00:20','5.54',8),(547,'-27.22','-56.35','8.21','944.15',22,'-5.63','0.00',50,'2007-07-20 05:00:20','8.28',9),(548,'-60.23','-139.92','19.62','863.28',22,'-13.95','0.00',50,'2007-07-20 05:00:21','19.67',10),(549,'102.64','117.99','56.35','1070.65',21,'12.39','0.00',50,'2007-07-20 05:00:21','50.72',12),(550,'-14.19','-22.00','7.08','708.00',20,'-3.01','0.00',50,'2007-07-20 05:00:22','6.76',13),(551,'13.49','39.27','30.84','1017.72',26,'4.01','0.00',51,'2007-07-21 05:00:19','29.70',1),(552,'119.57','253.00','3.28','754.40',23,'50.46','0.00',51,'2007-07-21 05:00:19','3.08',2),(553,'370.37','240.00','6.20','744.00',23,'47.62','0.00',51,'2007-07-21 05:00:20','5.67',3),(554,'141.07','111.39','4.36','614.76',23,'22.13','0.00',51,'2007-07-21 05:00:21','3.92',5),(555,'139.29','110.76','4.36','619.12',20,'21.79','0.00',51,'2007-07-21 05:00:21','3.92',6),(556,'-12.05','-37.00','6.30','466.20',22,'-7.35','0.00',51,'2007-07-21 05:00:22','5.67',7),(557,'-31.33','-85.80','6.30','415.80',20,'-17.11','0.00',51,'2007-07-21 05:00:22','5.67',8),(558,'-19.44','-40.25','8.35','960.25',22,'-4.02','0.00',51,'2007-07-21 05:00:23','8.28',9),(559,'-60.42','-140.36','19.61','862.84',22,'-13.99','0.00',51,'2007-07-21 05:00:24','19.67',10),(560,'111.74','128.44','56.90','1081.10',21,'13.48','0.00',51,'2007-07-21 05:00:24','51.21',12),(561,'-8.39','-13.00','7.17','717.00',20,'-1.78','0.00',51,'2007-07-21 05:00:25','6.76',13),(562,'13.49','39.27','30.84','1017.72',26,'4.01','0.00',52,'2007-07-22 05:00:23','29.70',1),(563,'119.57','253.00','3.28','754.40',23,'50.46','0.00',52,'2007-07-22 05:00:24','3.08',2),(564,'370.37','240.00','6.20','744.00',23,'47.62','0.00',52,'2007-07-22 05:00:25','5.67',3),(565,'141.07','111.39','4.36','614.76',23,'22.13','0.00',52,'2007-07-22 05:00:25','3.92',5),(566,'139.29','110.76','4.36','619.12',20,'21.79','0.00',52,'2007-07-22 05:00:26','3.92',6),(567,'-12.05','-37.00','6.30','466.20',22,'-7.35','0.00',52,'2007-07-22 05:00:27','5.67',7),(568,'-31.33','-85.80','6.30','415.80',20,'-17.11','0.00',52,'2007-07-22 05:00:27','5.67',8),(569,'-19.44','-40.25','8.35','960.25',22,'-4.02','0.00',52,'2007-07-22 05:00:28','8.28',9),(570,'-60.42','-140.36','19.61','862.84',22,'-13.99','0.00',52,'2007-07-22 05:00:28','19.67',10),(571,'111.74','128.44','56.90','1081.10',21,'13.48','0.00',52,'2007-07-22 05:00:29','51.21',12),(572,'-8.39','-13.00','7.17','717.00',20,'-1.78','0.00',52,'2007-07-22 05:00:30','6.76',13),(573,'13.49','39.27','30.84','1017.72',26,'4.01','0.00',53,'2007-07-23 05:00:25','29.70',1),(574,'119.57','253.00','3.28','754.40',23,'50.46','0.00',53,'2007-07-23 05:00:25','3.08',2),(575,'370.37','240.00','6.20','744.00',23,'47.62','0.00',53,'2007-07-23 05:00:26','5.67',3),(576,'141.07','111.39','4.36','614.76',23,'22.13','0.00',53,'2007-07-23 05:00:27','3.92',5),(577,'139.29','110.76','4.36','619.12',20,'21.79','0.00',53,'2007-07-23 05:00:27','3.92',6),(578,'-12.05','-37.00','6.30','466.20',23,'-7.35','0.00',53,'2007-07-23 05:00:28','5.67',7),(579,'-31.33','-85.80','6.30','415.80',20,'-17.11','0.00',53,'2007-07-23 05:00:29','5.67',8),(580,'-19.44','-40.25','8.35','960.25',23,'-4.02','0.00',53,'2007-07-23 05:00:29','8.28',9),(581,'-60.42','-140.36','19.61','862.84',22,'-13.99','0.00',53,'2007-07-23 05:00:30','19.67',10),(582,'111.74','128.44','56.90','1081.10',21,'13.48','0.00',53,'2007-07-23 05:00:30','51.21',12),(583,'-8.39','-13.00','7.17','717.00',21,'-1.78','0.00',53,'2007-07-23 05:00:31','6.76',13),(584,'14.74','42.90','30.95','1021.35',27,'4.38','0.00',54,'2007-07-24 05:00:20','29.70',1),(585,'122.83','259.90','3.31','761.30',23,'51.83','0.00',54,'2007-07-24 05:00:21','3.08',2),(586,'355.56','230.40','6.12','734.40',23,'45.71','0.00',54,'2007-07-24 05:00:21','5.67',3),(587,'137.50','108.57','4.34','611.94',23,'21.57','0.00',54,'2007-07-24 05:00:22','3.92',5),(588,'135.71','107.92','4.34','616.28',20,'21.23','0.00',54,'2007-07-24 05:00:23','3.92',6),(589,'-12.29','-37.74','6.29','465.46',23,'-7.50','0.00',54,'2007-07-24 05:00:23','5.67',7),(590,'-31.57','-86.46','6.29','415.14',20,'-17.24','0.00',54,'2007-07-24 05:00:24','5.67',8),(591,'-22.78','-47.15','8.29','953.35',23,'-4.71','0.00',54,'2007-07-24 05:00:25','8.28',9),(592,'-62.12','-144.32','19.52','858.88',22,'-14.39','0.00',54,'2007-07-24 05:00:26','19.67',10),(593,'105.95','121.79','56.55','1074.45',21,'12.78','0.00',54,'2007-07-24 05:00:26','51.21',12),(594,'-0.65','-1.00','7.29','729.00',21,'-0.14','0.00',54,'2007-07-24 05:00:27','6.76',13),(595,'17.80','51.81','31.22','1030.26',27,'5.30','0.00',55,'2007-07-26 05:00:21','29.70',1),(596,'121.74','257.60','3.30','759.00',23,'51.38','0.00',55,'2007-07-26 05:00:22','3.08',2),(597,'333.33','216.00','6.00','720.00',23,'42.86','0.00',55,'2007-07-26 05:00:22','5.67',3),(598,'73.21','57.81','3.98','561.18',23,'11.48','0.00',55,'2007-07-26 05:00:23','3.92',5),(599,'71.43','56.80','3.98','565.16',21,'11.17','0.00',55,'2007-07-26 05:00:23','3.92',6),(600,'-10.12','-31.08','6.38','472.12',23,'-6.18','0.00',55,'2007-07-26 05:00:24','5.74',7),(601,'-29.40','-80.52','6.38','421.08',21,'-16.05','0.00',55,'2007-07-26 05:00:25','5.74',8),(602,'-33.33','-69.00','8.10','931.50',23,'-6.90','0.00',55,'2007-07-26 05:00:25','8.28',9),(603,'-59.66','-138.60','19.65','864.60',22,'-13.82','0.00',55,'2007-07-26 05:00:26','19.67',10),(604,'105.12','120.84','56.50','1073.50',22,'12.68','0.00',55,'2007-07-26 05:00:26','51.21',12),(605,'3.87','6.00','7.36','736.00',21,'0.82','0.00',55,'2007-07-26 05:00:27','6.76',13),(606,'13.72','39.93','30.86','1018.38',27,'4.08','0.00',56,'2007-07-27 05:00:19','29.70',1),(607,'140.22','296.70','3.47','798.10',24,'59.17','0.00',56,'2007-07-27 05:00:20','3.12',2),(608,'333.33','216.00','6.00','720.00',24,'42.86','0.00',56,'2007-07-27 05:00:20','5.67',3),(609,'76.79','60.63','4.00','564.00',24,'12.04','0.00',56,'2007-07-27 05:00:21','3.92',5),(610,'75.00','59.64','4.00','568.00',21,'11.73','0.00',56,'2007-07-27 05:00:22','3.92',6),(611,'-9.64','-29.60','6.40','473.60',23,'-5.88','0.00',56,'2007-07-27 05:00:22','5.76',7),(612,'-28.92','-79.20','6.40','422.40',21,'-15.79','0.00',56,'2007-07-27 05:00:23','5.76',8),(613,'-47.22','-97.75','7.85','902.75',23,'-9.77','0.00',56,'2007-07-27 05:00:23','8.28',9),(614,'-62.50','-145.20','19.50','858.00',23,'-14.47','0.00',56,'2007-07-27 05:00:24','19.67',10),(615,'93.22','107.16','55.78','1059.82',22,'11.25','0.00',56,'2007-07-27 05:00:25','51.21',12),(616,'-6.45','-10.00','7.20','720.00',21,'-1.37','0.00',56,'2007-07-27 05:00:25','6.76',13),(617,'2.38','6.93','29.86','985.38',27,'0.71','0.00',57,'2007-07-28 05:00:23','29.70',1),(618,'140.22','296.70','3.47','798.10',24,'59.17','0.00',57,'2007-07-28 05:00:23','3.12',2),(619,'333.33','216.00','6.00','720.00',24,'42.86','0.00',57,'2007-07-28 05:00:24','5.67',3),(620,'55.36','43.71','3.88','547.08',24,'8.68','0.00',57,'2007-07-28 05:00:24','3.92',5),(621,'53.57','42.60','3.88','550.96',21,'8.38','0.00',57,'2007-07-28 05:00:25','3.92',6),(622,'-21.69','-66.60','5.90','436.60',23,'-13.24','0.00',57,'2007-07-28 05:00:26','5.76',7),(623,'-40.96','-112.20','5.90','389.40',21,'-22.37','0.00',57,'2007-07-28 05:00:26','5.76',8),(624,'-62.78','-129.95','7.57','870.55',23,'-12.99','0.00',57,'2007-07-28 05:00:27','8.28',9),(625,'-71.97','-167.20','19.00','836.00',23,'-16.67','0.00',57,'2007-07-28 05:00:27','19.67',10),(626,'73.22','84.17','54.57','1036.83',22,'8.84','0.00',57,'2007-07-28 05:00:28','51.21',12),(627,'-13.55','-21.00','7.09','709.00',21,'-2.88','0.00',57,'2007-07-28 05:00:28','6.76',13),(628,'2.38','6.93','29.86','985.38',27,'0.71','0.00',58,'2007-07-29 05:00:19','29.70',1),(629,'140.22','296.70','3.47','798.10',24,'59.17','0.00',58,'2007-07-29 05:00:20','3.12',2),(630,'333.33','216.00','6.00','720.00',24,'42.86','0.00',58,'2007-07-29 05:00:21','5.67',3),(631,'55.36','43.71','3.88','547.08',24,'8.68','0.00',58,'2007-07-29 05:00:21','3.92',5),(632,'53.57','42.60','3.88','550.96',21,'8.38','0.00',58,'2007-07-29 05:00:22','3.92',6),(633,'-21.69','-66.60','5.90','436.60',23,'-13.24','0.00',58,'2007-07-29 05:00:22','5.76',7),(634,'-40.96','-112.20','5.90','389.40',21,'-22.37','0.00',58,'2007-07-29 05:00:23','5.76',8),(635,'-62.78','-129.95','7.57','870.55',23,'-12.99','0.00',58,'2007-07-29 05:00:24','8.28',9),(636,'-71.97','-167.20','19.00','836.00',23,'-16.67','0.00',58,'2007-07-29 05:00:24','19.67',10),(637,'73.22','84.17','54.57','1036.83',22,'8.84','0.00',58,'2007-07-29 05:00:25','51.21',12),(638,'-13.55','-21.00','7.09','709.00',21,'-2.88','0.00',58,'2007-07-29 05:00:25','6.76',13),(639,'2.38','6.93','29.86','985.38',27,'0.71','0.00',59,'2007-07-30 05:00:20','29.70',1),(640,'140.22','296.70','3.47','798.10',24,'59.17','0.00',59,'2007-07-30 05:00:20','3.12',2),(641,'333.33','216.00','6.00','720.00',24,'42.86','0.00',59,'2007-07-30 05:00:21','5.67',3),(642,'55.36','43.71','3.88','547.08',24,'8.68','0.00',59,'2007-07-30 05:00:22','3.92',5),(643,'53.57','42.60','3.88','550.96',21,'8.38','0.00',59,'2007-07-30 05:00:22','3.92',6),(644,'-21.69','-66.60','5.90','436.60',24,'-13.24','0.00',59,'2007-07-30 05:00:23','5.76',7),(645,'-40.96','-112.20','5.90','389.40',21,'-22.37','0.00',59,'2007-07-30 05:00:23','5.76',8),(646,'-62.78','-129.95','7.57','870.55',24,'-12.99','0.00',59,'2007-07-30 05:00:24','8.28',9),(647,'-71.97','-167.20','19.00','836.00',23,'-16.67','0.00',59,'2007-07-30 05:00:25','19.67',10),(648,'73.22','84.17','54.57','1036.83',22,'8.84','0.00',59,'2007-07-30 05:00:25','51.21',12),(649,'-13.55','-21.00','7.09','709.00',22,'-2.88','0.00',59,'2007-07-30 05:00:26','6.76',13),(650,'6.12','17.82','30.19','996.27',28,'1.82','0.00',60,'2007-07-31 05:00:17','29.70',1),(651,'132.61','280.60','3.40','782.00',24,'55.96','0.00',60,'2007-07-31 05:00:18','3.12',2),(652,'296.30','192.00','5.80','696.00',24,'38.10','0.00',60,'2007-07-31 05:00:19','5.67',3),(653,'50.00','39.48','3.85','542.85',24,'7.84','0.00',60,'2007-07-31 05:00:19','3.92',5),(654,'48.21','38.34','3.85','546.70',21,'7.54','0.00',60,'2007-07-31 05:00:20','3.92',6),(655,'-25.06','-76.96','5.76','426.24',24,'-15.29','0.00',60,'2007-07-31 05:00:21','5.76',7),(656,'-44.34','-121.44','5.76','380.16',21,'-24.21','0.00',60,'2007-07-31 05:00:21','5.76',8),(657,'-58.33','-120.75','7.65','879.75',24,'-12.07','0.00',60,'2007-07-31 05:00:22','8.28',9),(658,'-67.42','-156.64','19.24','846.56',23,'-15.61','0.00',60,'2007-07-31 05:00:22','19.67',10),(659,'73.72','84.74','54.60','1037.40',22,'8.90','0.00',60,'2007-07-31 05:00:23','51.21',12),(660,'-14.19','-22.00','7.08','708.00',22,'-3.01','0.00',60,'2007-07-31 05:00:24','6.76',13),(661,'3.63','10.56','29.97','989.01',28,'1.08','0.00',61,'2007-08-01 05:00:18','29.70',1),(662,'148.91','315.10','3.55','816.50',24,'62.84','0.00',61,'2007-08-01 05:00:18','3.19',2),(663,'294.44','190.80','5.79','694.80',24,'37.86','0.00',61,'2007-08-01 05:00:19','5.67',3),(664,'53.57','42.30','3.87','545.67',24,'8.40','0.00',61,'2007-08-01 05:00:20','3.92',5),(665,'51.79','41.18','3.87','549.54',22,'8.10','0.00',61,'2007-08-01 05:00:20','3.92',6),(666,'-26.51','-81.40','5.70','421.80',24,'-16.18','0.00',61,'2007-08-01 05:00:21','5.76',7),(667,'-45.78','-125.40','5.70','376.20',21,'-25.00','0.00',61,'2007-08-01 05:00:21','5.76',8),(668,'-52.78','-109.25','7.75','891.25',24,'-10.92','0.00',61,'2007-08-01 05:00:22','8.28',9),(669,'-71.02','-165.00','19.05','838.20',23,'-16.45','0.00',61,'2007-08-01 05:00:23','19.67',10),(670,'68.10','78.28','54.26','1030.94',22,'8.22','0.00',61,'2007-08-01 05:00:23','51.21',12),(671,'-18.71','-29.00','7.01','701.00',22,'-3.97','0.00',61,'2007-08-01 05:00:24','6.76',13),(672,'-12.59','-36.63','28.54','941.82',28,'-3.74','0.00',62,'2007-08-02 05:00:17','29.70',1),(673,'147.83','312.80','3.54','814.20',24,'62.39','0.00',62,'2007-08-02 05:00:18','3.19',2),(674,'287.04','186.00','5.75','690.00',24,'36.90','0.00',62,'2007-08-02 05:00:19','5.67',3),(675,'8.93','7.05','3.62','510.42',24,'1.40','0.00',62,'2007-08-02 05:00:19','3.92',5),(676,'7.14','5.68','3.62','514.04',22,'1.12','0.00',62,'2007-08-02 05:00:20','3.92',6),(677,'-30.36','-93.24','5.54','409.96',24,'-18.53','0.00',62,'2007-08-02 05:00:21','5.76',7),(678,'-49.64','-135.96','5.54','365.64',22,'-27.11','0.00',62,'2007-08-02 05:00:21','5.76',8),(679,'-63.33','-131.10','7.56','869.40',24,'-13.10','0.00',62,'2007-08-02 05:00:22','8.28',9),(680,'-74.05','-172.04','18.89','831.16',23,'-17.15','0.00',62,'2007-08-02 05:00:22','19.67',10),(681,'34.88','40.09','52.25','992.75',23,'4.21','0.00',62,'2007-08-02 05:00:23','51.21',12),(682,'-18.71','-29.00','7.01','701.00',22,'-3.97','0.00',62,'2007-08-02 05:00:24','6.76',13),(683,'1.36','3.96','29.77','982.41',28,'0.40','0.00',63,'2007-08-03 15:05:37','29.70',1),(684,'146.74','310.50','3.53','811.90',25,'61.93','0.00',63,'2007-08-03 15:05:38','3.19',2),(685,'259.26','168.00','5.60','672.00',25,'33.33','0.00',63,'2007-08-03 15:05:39','5.67',3),(686,'0.00','0.00','3.57','503.37',25,'0.00','0.00',63,'2007-08-03 15:05:40','3.92',5),(687,'-1.79','-1.42','3.57','506.94',22,'-0.28','0.00',63,'2007-08-03 15:05:41','3.92',6),(688,'-26.75','-82.14','5.69','421.06',24,'-16.32','0.00',63,'2007-08-03 15:05:41','5.76',7),(689,'-46.02','-126.06','5.69','375.54',22,'-25.13','0.00',63,'2007-08-03 15:05:42','5.76',8),(690,'-71.11','-147.20','7.42','853.30',24,'-14.71','0.00',63,'2007-08-03 15:05:43','8.28',9),(691,'-70.08','-162.80','19.10','840.40',24,'-16.23','0.00',63,'2007-08-03 15:05:43','19.67',10),(692,'50.58','58.14','53.20','1010.80',23,'6.10','0.00',63,'2007-08-03 15:05:44','51.21',12),(693,'-93.55','-145.00','5.85','585.00',22,'-19.86','0.00',63,'2007-08-03 15:05:45','6.76',13),(694,'2.38','6.93','29.86','985.38',28,'0.71','0.00',64,'2007-08-04 05:00:18','29.70',1),(695,'144.57','305.90','3.51','807.30',25,'61.01','0.00',64,'2007-08-04 05:00:18','3.19',2),(696,'250.00','162.00','5.55','666.00',25,'32.14','0.00',64,'2007-08-04 05:00:19','5.67',3),(697,'17.86','14.10','3.67','517.47',25,'2.80','0.00',64,'2007-08-04 05:00:20','3.92',5),(698,'16.07','12.78','3.67','521.14',22,'2.51','0.00',64,'2007-08-04 05:00:20','3.92',6),(699,'-26.51','-81.40','5.70','421.80',24,'-16.18','0.00',64,'2007-08-04 05:00:21','5.76',7),(700,'-45.78','-125.40','5.70','376.20',22,'-25.00','0.00',64,'2007-08-04 05:00:22','5.76',8),(701,'-68.89','-142.60','7.46','857.90',24,'-14.25','0.00',64,'2007-08-04 05:00:22','8.28',9),(702,'-71.02','-165.00','19.05','838.20',24,'-16.45','0.00',64,'2007-08-04 05:00:23','19.67',10),(703,'52.40','60.23','53.31','1012.89',23,'6.32','0.00',64,'2007-08-04 05:00:23','51.21',12),(704,'-87.10','-135.00','5.95','595.00',22,'-18.49','0.00',64,'2007-08-04 05:00:24','6.76',13),(705,'2.38','6.93','29.86','985.38',28,'0.71','0.00',65,'2007-08-05 05:00:21','29.70',1),(706,'144.57','305.90','3.51','807.30',25,'61.01','0.00',65,'2007-08-05 05:00:21','3.19',2),(707,'250.00','162.00','5.55','666.00',25,'32.14','0.00',65,'2007-08-05 05:00:22','5.67',3),(708,'17.86','14.10','3.67','517.47',25,'2.80','0.00',65,'2007-08-05 05:00:23','3.92',5),(709,'16.07','12.78','3.67','521.14',22,'2.51','0.00',65,'2007-08-05 05:00:23','3.92',6),(710,'-26.51','-81.40','5.70','421.80',24,'-16.18','0.00',65,'2007-08-05 05:00:24','5.76',7),(711,'-45.78','-125.40','5.70','376.20',22,'-25.00','0.00',65,'2007-08-05 05:00:25','5.76',8),(712,'-68.89','-142.60','7.46','857.90',24,'-14.25','0.00',65,'2007-08-05 05:00:25','8.28',9),(713,'-71.02','-165.00','19.05','838.20',24,'-16.45','0.00',65,'2007-08-05 05:00:26','19.67',10),(714,'52.40','60.23','53.31','1012.89',23,'6.32','0.00',65,'2007-08-05 05:00:27','51.21',12),(715,'-87.10','-135.00','5.95','595.00',22,'-18.49','0.00',65,'2007-08-05 05:00:29','6.76',13),(716,'2.38','6.93','29.86','985.38',29,'0.71','0.00',66,'2007-08-06 14:46:41','29.70',1),(717,'144.57','305.90','3.51','807.30',25,'61.01','0.00',66,'2007-08-06 14:46:42','3.19',2),(718,'250.00','162.00','5.55','666.00',25,'32.14','0.00',66,'2007-08-06 14:46:43','5.67',3),(719,'17.86','14.10','3.67','517.47',25,'2.80','0.00',66,'2007-08-06 14:46:44','3.92',5),(720,'16.07','12.78','3.67','521.14',22,'2.51','0.00',66,'2007-08-06 14:46:44','3.92',6),(721,'-26.51','-81.40','5.70','421.80',25,'-16.18','0.00',66,'2007-08-06 14:46:45','5.76',7),(722,'-45.78','-125.40','5.70','376.20',22,'-25.00','0.00',66,'2007-08-06 14:46:45','5.76',8),(723,'-68.89','-142.60','7.46','857.90',25,'-14.25','0.00',66,'2007-08-06 14:46:46','8.28',9),(724,'-71.02','-165.00','19.05','838.20',24,'-16.45','0.00',66,'2007-08-06 14:46:47','19.67',10),(725,'52.40','60.23','53.31','1012.89',23,'6.32','0.00',66,'2007-08-06 14:46:47','51.21',12),(726,'-87.10','-135.00','5.95','595.00',23,'-18.49','0.00',66,'2007-08-06 14:46:48','6.76',13),(727,'-4.65','-13.53','29.24','964.92',29,'-1.38','0.00',67,'2007-08-07 05:00:22','29.70',1),(728,'131.52','278.30','3.39','779.70',25,'55.50','0.00',67,'2007-08-07 05:00:22','3.19',2),(729,'170.37','110.40','5.12','614.40',25,'21.90','0.00',67,'2007-08-07 05:00:23','5.67',3),(730,'-1.79','-1.41','3.56','501.96',25,'-0.28','0.00',67,'2007-08-07 05:00:24','3.92',5),(731,'-3.57','-2.84','3.56','505.52',22,'-0.56','0.00',67,'2007-08-07 05:00:24','3.92',6),(732,'-29.16','-89.54','5.59','413.66',25,'-17.79','0.00',67,'2007-08-07 05:00:25','5.76',7),(733,'-48.43','-132.66','5.59','368.94',22,'-26.45','0.00',67,'2007-08-07 05:00:25','5.76',8),(734,'-75.00','-155.25','7.35','845.25',25,'-15.52','0.00',67,'2007-08-07 05:00:26','8.28',9),(735,'-76.70','-178.20','18.75','825.00',24,'-17.76','0.00',67,'2007-08-07 05:00:27','19.67',10),(736,'43.97','50.54','52.80','1003.20',23,'5.31','0.00',67,'2007-08-07 05:00:27','51.21',12),(737,'-105.81','-164.00','5.66','566.00',23,'-22.47','0.00',67,'2007-08-07 05:00:28','6.76',13),(738,'5.10','14.85','30.10','993.30',29,'1.52','0.00',68,'2007-08-09 01:18:58','29.70',1),(739,'147.83','312.80','3.54','814.20',25,'62.39','0.00',68,'2007-08-09 01:19:05','3.19',2),(740,'227.78','147.60','5.43','651.60',25,'29.29','0.00',68,'2007-08-09 01:19:06','5.67',3),(741,'19.64','15.51','3.68','518.88',25,'3.08','0.00',68,'2007-08-09 01:19:06','3.92',5),(742,'17.86','14.20','3.68','522.56',23,'2.79','0.00',68,'2007-08-09 01:19:07','3.92',6),(743,'-14.94','-45.88','6.18','457.32',25,'-9.12','0.00',68,'2007-08-09 01:19:08','5.76',7),(744,'-34.22','-93.72','6.18','407.88',23,'-18.68','0.00',68,'2007-08-09 01:19:08','5.76',8),(745,'-60.56','-125.35','7.61','875.15',25,'-12.53','0.00',68,'2007-08-09 01:19:09','8.28',9),(746,'-72.16','-167.64','18.99','835.56',24,'-16.71','0.00',68,'2007-08-09 01:19:10','19.67',10),(747,'63.64','73.15','53.99','1025.81',24,'7.68','0.00',68,'2007-08-09 01:19:10','51.21',12),(748,'-120.65','-187.00','5.43','543.00',23,'-25.62','0.00',68,'2007-08-09 01:19:11','6.76',13),(749,'5.10','14.85','30.10','993.30',29,'1.52','0.00',69,'2007-08-09 05:00:20','29.70',1),(750,'147.83','312.80','3.54','814.20',25,'62.39','0.00',69,'2007-08-09 05:00:21','3.19',2),(751,'227.78','147.60','5.43','651.60',25,'29.29','0.00',69,'2007-08-09 05:00:22','5.67',3),(752,'19.64','15.51','3.68','518.88',25,'3.08','0.00',69,'2007-08-09 05:00:22','3.92',5),(753,'17.86','14.20','3.68','522.56',23,'2.79','0.00',69,'2007-08-09 05:00:23','3.92',6),(754,'-14.94','-45.88','6.18','457.32',25,'-9.12','0.00',69,'2007-08-09 05:00:24','5.76',7),(755,'-34.22','-93.72','6.18','407.88',23,'-18.68','0.00',69,'2007-08-09 05:00:24','5.76',8),(756,'-60.56','-125.35','7.61','875.15',25,'-12.53','0.00',69,'2007-08-09 05:00:25','8.28',9),(757,'-72.16','-167.64','18.99','835.56',24,'-16.71','0.00',69,'2007-08-09 05:00:25','19.67',10),(758,'63.64','73.15','53.99','1025.81',24,'7.68','0.00',69,'2007-08-09 05:00:26','51.21',12),(759,'-120.65','-187.00','5.43','543.00',23,'-25.62','0.00',69,'2007-08-09 05:00:27','6.76',13),(760,'4.54','13.20','30.05','991.65',29,'1.35','0.00',70,'2007-08-10 05:00:19','29.70',1),(761,'158.70','335.80','3.64','837.20',26,'66.97','0.00',70,'2007-08-10 05:00:20','3.28',2),(762,'214.81','139.20','5.36','643.20',26,'27.62','0.00',70,'2007-08-10 05:00:20','5.67',3),(763,'17.86','14.10','3.67','517.47',26,'2.80','0.00',70,'2007-08-10 05:00:21','3.92',5),(764,'16.07','12.78','3.67','521.14',23,'2.51','0.00',70,'2007-08-10 05:00:22','3.92',6),(765,'-4.82','-14.80','6.60','488.40',25,'-2.94','0.00',70,'2007-08-10 05:00:22','5.94',7),(766,'-24.10','-66.00','6.60','435.60',23,'-13.16','0.00',70,'2007-08-10 05:00:23','5.94',8),(767,'-59.44','-123.05','7.63','877.45',25,'-12.30','0.00',70,'2007-08-10 05:00:23','8.28',9),(768,'-59.66','-138.60','19.65','864.60',25,'-13.82','0.00',70,'2007-08-10 05:00:24','19.67',10),(769,'77.02','88.54','54.80','1041.20',24,'9.29','0.00',70,'2007-08-10 05:00:25','51.21',12),(770,'-122.58','-190.00','5.40','540.00',23,'-26.03','0.00',70,'2007-08-10 05:00:25','6.76',13),(771,'-8.39','-24.42','28.91','954.03',29,'-2.50','0.00',71,'2007-08-11 05:00:13','29.70',1),(772,'157.61','333.50','3.63','834.90',26,'66.51','0.00',71,'2007-08-11 05:00:14','3.28',2),(773,'168.52','109.20','5.11','613.20',26,'21.67','0.00',71,'2007-08-11 05:00:14','5.67',3),(774,'-28.57','-22.56','3.41','480.81',26,'-4.48','0.00',71,'2007-08-11 05:00:15','3.92',5),(775,'-30.36','-24.14','3.41','484.22',23,'-4.75','0.00',71,'2007-08-11 05:00:16','3.92',6),(776,'-9.64','-29.60','6.40','473.60',25,'-5.88','0.00',71,'2007-08-11 05:00:16','5.94',7),(777,'-28.92','-79.20','6.40','422.40',23,'-15.79','0.00',71,'2007-08-11 05:00:17','5.94',8),(778,'-76.11','-157.55','7.33','842.95',25,'-15.75','0.00',71,'2007-08-11 05:00:18','8.28',9),(779,'-70.08','-162.80','19.10','840.40',25,'-16.23','0.00',71,'2007-08-11 05:00:18','19.67',10),(780,'53.06','60.99','53.35','1013.65',24,'6.40','0.00',71,'2007-08-11 05:00:19','51.21',12),(781,'-129.68','-201.00','5.29','529.00',23,'-27.53','0.00',71,'2007-08-11 05:00:19','6.76',13),(782,'-8.39','-24.42','28.91','954.03',29,'-2.50','0.00',72,'2007-08-12 05:00:26','29.70',1),(783,'157.61','333.50','3.63','834.90',26,'66.51','0.00',72,'2007-08-12 05:00:27','3.28',2),(784,'168.52','109.20','5.11','613.20',26,'21.67','0.00',72,'2007-08-12 05:00:28','5.67',3),(785,'-28.57','-22.56','3.41','480.81',26,'-4.48','0.00',72,'2007-08-12 05:00:28','3.92',5),(786,'-30.36','-24.14','3.41','484.22',23,'-4.75','0.00',72,'2007-08-12 05:00:29','3.92',6),(787,'-9.64','-29.60','6.40','473.60',25,'-5.88','0.00',72,'2007-08-12 05:00:30','5.94',7),(788,'-28.92','-79.20','6.40','422.40',23,'-15.79','0.00',72,'2007-08-12 05:00:31','5.94',8),(789,'-76.11','-157.55','7.33','842.95',25,'-15.75','0.00',72,'2007-08-12 05:00:31','8.28',9),(790,'-70.08','-162.80','19.10','840.40',25,'-16.23','0.00',72,'2007-08-12 05:00:32','19.67',10),(791,'53.06','60.99','53.35','1013.65',24,'6.40','0.00',72,'2007-08-12 05:00:33','51.21',12),(792,'-129.68','-201.00','5.29','529.00',23,'-27.53','0.00',72,'2007-08-12 05:00:33','6.76',13),(793,'-8.39','-24.42','28.91','954.03',29,'-2.50','0.00',73,'2007-08-13 05:00:19','29.70',1),(794,'157.61','333.50','3.63','834.90',26,'66.51','0.00',73,'2007-08-13 05:00:20','3.28',2),(795,'168.52','109.20','5.11','613.20',26,'21.67','0.00',73,'2007-08-13 05:00:20','5.67',3),(796,'-28.57','-22.56','3.41','480.81',26,'-4.48','0.00',73,'2007-08-13 05:00:21','3.92',5),(797,'-30.36','-24.14','3.41','484.22',23,'-4.75','0.00',73,'2007-08-13 05:00:22','3.92',6),(798,'-9.64','-29.60','6.40','473.60',26,'-5.88','0.00',73,'2007-08-13 05:00:22','5.94',7),(799,'-28.92','-79.20','6.40','422.40',23,'-15.79','0.00',73,'2007-08-13 05:00:23','5.94',8),(800,'-76.11','-157.55','7.33','842.95',26,'-15.75','0.00',73,'2007-08-13 05:00:23','8.28',9),(801,'-70.08','-162.80','19.10','840.40',25,'-16.23','0.00',73,'2007-08-13 05:00:24','19.67',10),(802,'53.06','60.99','53.35','1013.65',24,'6.40','0.00',73,'2007-08-13 05:00:24','51.21',12),(803,'-129.68','-201.00','5.29','529.00',24,'-27.53','0.00',73,'2007-08-13 05:00:25','6.76',13),(804,'-7.26','-21.12','29.01','957.33',30,'-2.16','0.00',74,'2007-08-14 05:00:37','29.70',1),(805,'141.30','299.00','3.48','800.40',26,'59.63','0.00',74,'2007-08-14 05:00:37','3.28',2),(806,'144.44','93.60','4.98','597.60',26,'18.57','0.00',74,'2007-08-14 05:00:38','5.67',3),(807,'-21.43','-16.92','3.45','486.45',26,'-3.36','0.00',74,'2007-08-14 05:00:39','3.92',5),(808,'-23.21','-18.46','3.45','489.90',23,'-3.63','0.00',74,'2007-08-14 05:00:40','3.92',6),(809,'-9.40','-28.86','6.41','474.34',26,'-5.74','0.00',74,'2007-08-14 05:00:41','5.94',7),(810,'-28.67','-78.54','6.41','423.06',23,'-15.66','0.00',74,'2007-08-14 05:00:42','5.94',8),(811,'-80.56','-166.75','7.25','833.75',26,'-16.67','0.00',74,'2007-08-14 05:00:42','8.28',9),(812,'-64.77','-150.48','19.38','852.72',25,'-15.00','0.00',74,'2007-08-14 05:00:44','19.67',10),(813,'73.72','84.74','54.60','1037.40',24,'8.90','0.00',74,'2007-08-14 05:00:45','51.21',12),(814,'-132.26','-205.00','5.25','525.00',24,'-28.08','0.00',74,'2007-08-14 05:00:46','6.76',13),(815,'-11.90','-34.65','28.60','943.80',30,'-3.54','0.00',75,'2007-08-15 05:00:20','29.70',1),(816,'121.74','257.60','3.30','759.00',26,'51.38','0.00',75,'2007-08-15 05:00:21','3.28',2),(817,'162.96','105.60','5.08','609.60',26,'20.95','0.00',75,'2007-08-15 05:00:22','5.67',3),(818,'-25.00','-19.74','3.43','483.63',26,'-3.92','0.00',75,'2007-08-15 05:00:22','3.92',5),(819,'-26.79','-21.30','3.43','487.06',24,'-4.19','0.00',75,'2007-08-15 05:00:23','3.92',6),(820,'-19.28','-59.20','6.00','444.00',26,'-11.76','0.00',75,'2007-08-15 05:00:24','5.94',7),(821,'-38.55','-105.60','6.00','396.00',23,'-21.05','0.00',75,'2007-08-15 05:00:24','5.94',8),(822,'-79.44','-164.45','7.27','836.05',26,'-16.44','0.00',75,'2007-08-15 05:00:25','8.28',9),(823,'-68.37','-158.84','19.19','844.36',25,'-15.83','0.00',75,'2007-08-15 05:00:26','19.67',10),(824,'63.80','73.34','54.00','1026.00',24,'7.70','0.00',75,'2007-08-15 05:00:26','51.21',12),(825,'-141.94','-220.00','5.10','510.00',24,'-30.14','0.00',75,'2007-08-15 05:00:27','6.76',13),(826,'-20.41','-59.40','27.85','919.05',30,'-6.07','0.00',76,'2007-08-16 05:00:19','29.70',1),(827,'101.09','213.90','3.11','715.30',26,'42.66','0.00',76,'2007-08-16 05:00:20','3.28',2),(828,'161.11','104.40','5.07','608.40',26,'20.71','0.00',76,'2007-08-16 05:00:20','5.67',3),(829,'-57.14','-45.12','3.25','458.25',26,'-8.96','0.00',76,'2007-08-16 05:00:21','3.92',5),(830,'-58.93','-46.86','3.25','461.50',24,'-9.22','0.00',76,'2007-08-16 05:00:22','3.92',6),(831,'-29.88','-91.76','5.56','411.44',26,'-18.24','0.00',76,'2007-08-16 05:00:22','5.94',7),(832,'-49.16','-134.64','5.56','366.96',24,'-26.84','0.00',76,'2007-08-16 05:00:23','5.94',8),(833,'-86.11','-178.25','7.15','822.25',26,'-17.82','0.00',76,'2007-08-16 05:00:24','8.28',9),(834,'-77.84','-180.84','18.69','822.36',25,'-18.03','0.00',76,'2007-08-16 05:00:24','19.67',10),(835,'47.27','54.34','53.00','1007.00',25,'5.70','0.00',76,'2007-08-16 05:00:25','51.21',12),(836,'-140.65','-218.00','5.12','512.00',24,'-29.86','0.00',76,'2007-08-16 05:00:26','6.76',13),(837,'-26.53','-77.22','27.31','901.23',30,'-7.89','0.00',77,'2007-08-17 05:00:21','29.70',1),(838,'98.91','209.30','3.09','710.70',27,'41.74','0.00',77,'2007-08-17 05:00:22','3.28',2),(839,'133.33','86.40','4.92','590.40',27,'17.14','0.00',77,'2007-08-17 05:00:23','5.67',3),(840,'-57.14','-45.12','3.25','458.25',27,'-8.96','0.00',77,'2007-08-17 05:00:24','3.92',5),(841,'-58.93','-46.86','3.25','461.50',24,'-9.22','0.00',77,'2007-08-17 05:00:25','3.92',6),(842,'-42.89','-131.72','5.02','371.48',26,'-26.18','0.00',77,'2007-08-17 05:00:26','5.94',7),(843,'-62.17','-170.28','5.02','331.32',24,'-33.95','0.00',77,'2007-08-17 05:00:28','5.94',8),(844,'-86.67','-179.40','7.14','821.10',26,'-17.93','0.00',77,'2007-08-17 05:00:29','8.28',9),(845,'-76.89','-178.64','18.74','824.56',26,'-17.81','0.00',77,'2007-08-17 05:00:30','19.67',10),(846,'39.01','44.84','52.50','997.50',25,'4.71','0.00',77,'2007-08-17 05:00:31','51.21',12),(847,'-140.00','-217.00','5.13','513.00',24,'-29.73','0.00',77,'2007-08-17 05:00:32','6.76',13),(848,'-24.38','-70.95','27.50','907.50',30,'-7.25','0.00',78,'2007-08-18 05:00:19','29.70',1),(849,'77.17','163.30','2.89','664.70',27,'32.57','0.00',78,'2007-08-18 05:00:20','3.28',2),(850,'148.15','96.00','5.00','600.00',27,'19.05','0.00',78,'2007-08-18 05:00:20','5.67',3),(851,'-66.07','-52.17','3.20','451.20',27,'-10.36','0.00',78,'2007-08-18 05:00:21','3.92',5),(852,'-67.86','-53.96','3.20','454.40',24,'-10.61','0.00',78,'2007-08-18 05:00:22','3.92',6),(853,'-43.37','-133.20','5.00','370.00',26,'-26.47','0.00',78,'2007-08-18 05:00:23','5.94',7),(854,'-62.65','-171.60','5.00','330.00',24,'-34.21','0.00',78,'2007-08-18 05:00:23','5.94',8),(855,'-88.33','-182.85','7.11','817.65',26,'-18.28','0.00',78,'2007-08-18 05:00:24','8.28',9),(856,'-78.41','-182.16','18.66','821.04',26,'-18.16','0.00',78,'2007-08-18 05:00:25','19.67',10),(857,'39.01','44.84','52.50','997.50',25,'4.71','0.00',78,'2007-08-18 05:00:25','51.21',12),(858,'-141.29','-219.00','5.11','511.00',24,'-30.00','0.00',78,'2007-08-18 05:00:26','6.76',13),(859,'-24.38','-70.95','27.50','907.50',30,'-7.25','0.00',79,'2007-08-19 05:00:16','29.70',1),(860,'77.17','163.30','2.89','664.70',27,'32.57','0.00',79,'2007-08-19 05:00:17','3.28',2),(861,'148.15','96.00','5.00','600.00',27,'19.05','0.00',79,'2007-08-19 05:00:18','5.67',3),(862,'-66.07','-52.17','3.20','451.20',27,'-10.36','0.00',79,'2007-08-19 05:00:18','3.92',5),(863,'-67.86','-53.96','3.20','454.40',24,'-10.61','0.00',79,'2007-08-19 05:00:19','3.92',6),(864,'-43.37','-133.20','5.00','370.00',26,'-26.47','0.00',79,'2007-08-19 05:00:20','5.94',7),(865,'-62.65','-171.60','5.00','330.00',24,'-34.21','0.00',79,'2007-08-19 05:00:21','5.94',8),(866,'-88.33','-182.85','7.11','817.65',26,'-18.28','0.00',79,'2007-08-19 05:00:21','8.28',9),(867,'-78.41','-182.16','18.66','821.04',26,'-18.16','0.00',79,'2007-08-19 05:00:22','19.67',10),(868,'39.01','44.84','52.50','997.50',25,'4.71','0.00',79,'2007-08-19 05:00:23','51.21',12),(869,'-141.29','-219.00','5.11','511.00',24,'-30.00','0.00',79,'2007-08-19 05:00:24','6.76',13),(870,'-24.38','-70.95','27.50','907.50',30,'-7.25','0.00',80,'2007-08-20 05:00:19','29.70',1),(871,'77.17','163.30','2.89','664.70',27,'32.57','0.00',80,'2007-08-20 05:00:19','3.28',2),(872,'148.15','96.00','5.00','600.00',27,'19.05','0.00',80,'2007-08-20 05:00:20','5.67',3),(873,'-66.07','-52.17','3.20','451.20',27,'-10.36','0.00',80,'2007-08-20 05:00:21','3.92',5),(874,'-67.86','-53.96','3.20','454.40',24,'-10.61','0.00',80,'2007-08-20 05:00:21','3.92',6),(875,'-43.37','-133.20','5.00','370.00',27,'-26.47','0.00',80,'2007-08-20 05:00:22','5.94',7),(876,'-62.65','-171.60','5.00','330.00',24,'-34.21','0.00',80,'2007-08-20 05:00:23','5.94',8),(877,'-88.33','-182.85','7.11','817.65',27,'-18.28','0.00',80,'2007-08-20 05:00:23','8.28',9),(878,'-78.41','-182.16','18.66','821.04',26,'-18.16','0.00',80,'2007-08-20 05:00:24','19.67',10),(879,'39.01','44.84','52.50','997.50',25,'4.71','0.00',80,'2007-08-20 05:00:24','51.21',12),(880,'-141.29','-219.00','5.11','511.00',25,'-30.00','0.00',80,'2007-08-20 05:00:25','6.76',13),(881,'9.86','28.71','30.52','1007.16',31,'2.93','0.00',81,'2007-08-21 05:00:20','29.70',1),(882,'105.43','223.10','3.15','724.50',27,'44.50','0.00',81,'2007-08-21 05:00:21','3.28',2),(883,'148.15','96.00','5.00','600.00',27,'19.05','0.00',81,'2007-08-21 05:00:22','5.67',3),(884,'-30.36','-23.97','3.40','479.40',27,'-4.76','0.00',81,'2007-08-21 05:00:22','3.92',5),(885,'-32.14','-25.56','3.40','482.80',24,'-5.03','0.00',81,'2007-08-21 05:00:23','3.92',6),(886,'-37.35','-114.70','5.25','388.50',27,'-22.79','0.00',81,'2007-08-21 05:00:24','5.94',7),(887,'-56.63','-155.10','5.25','346.50',24,'-30.92','0.00',81,'2007-08-21 05:00:24','5.94',8),(888,'-64.44','-133.40','7.54','867.10',27,'-13.33','0.00',81,'2007-08-21 05:00:25','8.28',9),(889,'-68.94','-160.16','19.16','843.04',26,'-15.96','0.00',81,'2007-08-21 05:00:26','19.67',10),(890,'53.22','61.18','53.36','1013.84',25,'6.42','0.00',81,'2007-08-21 05:00:26','51.21',12),(891,'-137.42','-213.00','5.17','517.00',25,'-29.18','0.00',81,'2007-08-21 05:00:27','6.76',13),(892,'22.68','66.00','31.65','1044.45',31,'6.75','0.00',82,'2007-08-22 05:00:14','29.70',1),(893,'110.87','234.60','3.20','736.00',27,'46.79','0.00',82,'2007-08-22 05:00:15','3.28',2),(894,'129.63','84.00','4.90','588.00',27,'16.67','0.00',82,'2007-08-22 05:00:16','5.67',3),(895,'-55.36','-43.71','3.26','459.66',27,'-8.68','0.00',82,'2007-08-22 05:00:17','3.92',5),(896,'-57.14','-45.44','3.26','462.92',25,'-8.94','0.00',82,'2007-08-22 05:00:17','3.92',6),(897,'-41.45','-127.28','5.08','375.92',27,'-25.29','0.00',82,'2007-08-22 05:00:18','5.94',7),(898,'-60.72','-166.32','5.08','335.28',24,'-33.16','0.00',82,'2007-08-22 05:00:19','5.94',8),(899,'-57.78','-119.60','7.66','880.90',27,'-11.95','0.00',82,'2007-08-22 05:00:19','8.28',9),(900,'-62.69','-145.64','19.49','857.56',26,'-14.52','0.00',82,'2007-08-22 05:00:20','19.67',10),(901,'66.28','76.19','54.15','1028.85',25,'8.00','0.00',82,'2007-08-22 05:00:21','51.21',12),(902,'-109.03','-169.00','5.61','561.00',25,'-23.15','0.00',82,'2007-08-22 05:00:21','6.76',13),(903,'30.16','87.78','32.31','1066.23',31,'8.97','0.00',83,'2007-08-23 05:01:07','29.70',1),(904,'102.17','216.20','3.12','717.60',27,'43.12','0.00',83,'2007-08-23 05:01:08','3.28',2),(905,'148.15','96.00','5.00','600.00',27,'19.05','0.00',83,'2007-08-23 05:01:09','5.67',3),(906,'-30.36','-23.97','3.40','479.40',27,'-4.76','0.00',83,'2007-08-23 05:01:10','3.92',5),(907,'-32.14','-25.56','3.40','482.80',25,'-5.03','0.00',83,'2007-08-23 05:01:11','3.92',6),(908,'-38.80','-119.14','5.19','384.06',27,'-23.68','0.00',83,'2007-08-23 05:01:12','5.94',7),(909,'-58.07','-159.06','5.19','342.54',25,'-31.71','0.00',83,'2007-08-23 05:01:13','5.94',8),(910,'-51.11','-105.80','7.78','894.70',27,'-10.57','0.00',83,'2007-08-23 05:01:13','8.28',9),(911,'-57.20','-132.88','19.78','870.32',26,'-13.25','0.00',83,'2007-08-23 05:01:14','19.67',10),(912,'70.41','80.94','54.40','1033.60',26,'8.50','0.00',83,'2007-08-23 05:01:15','51.21',12),(913,'-83.87','-130.00','6.00','600.00',25,'-17.81','0.00',83,'2007-08-23 05:01:15','6.76',13),(914,'36.62','106.59','32.88','1085.04',31,'10.89','0.00',84,'2007-08-24 05:00:30','29.70',1),(915,'115.22','243.80','3.24','745.20',28,'48.62','0.00',84,'2007-08-24 05:00:31','3.28',2),(916,'168.52','109.20','5.11','613.20',28,'21.67','0.00',84,'2007-08-24 05:00:31','5.67',3),(917,'-23.21','-18.33','3.44','485.04',28,'-3.64','0.00',84,'2007-08-24 05:00:32','3.92',5),(918,'-25.00','-19.88','3.44','488.48',25,'-3.91','0.00',84,'2007-08-24 05:00:33','3.92',6),(919,'-33.73','-103.60','5.40','399.60',27,'-20.59','0.00',84,'2007-08-24 05:00:33','5.94',7),(920,'-53.01','-145.20','5.40','356.40',25,'-28.95','0.00',84,'2007-08-24 05:00:34','5.94',8),(921,'-58.33','-120.75','7.65','879.75',27,'-12.07','0.00',84,'2007-08-24 05:00:34','8.28',9),(922,'-49.24','-114.40','20.20','888.80',27,'-11.40','0.00',84,'2007-08-24 05:00:35','19.67',10),(923,'80.50','92.53','55.01','1045.19',26,'9.71','0.00',84,'2007-08-24 05:00:36','51.21',12),(924,'-90.97','-141.00','5.89','589.00',25,'-19.32','0.00',84,'2007-08-24 05:00:36','6.76',13),(925,'34.58','100.65','32.70','1079.10',31,'10.29','0.00',85,'2007-08-25 05:00:19','29.70',1),(926,'117.39','248.40','3.26','749.80',28,'49.54','0.00',85,'2007-08-25 05:00:19','3.28',2),(927,'188.89','122.40','5.22','626.40',28,'24.29','0.00',85,'2007-08-25 05:00:20','5.67',3),(928,'-28.57','-22.56','3.41','480.81',28,'-4.48','0.00',85,'2007-08-25 05:00:20','3.92',5),(929,'-30.36','-24.14','3.41','484.22',25,'-4.75','0.00',85,'2007-08-25 05:00:21','3.92',6),(930,'-33.73','-103.60','5.40','399.60',27,'-20.59','0.00',85,'2007-08-25 05:00:22','5.94',7),(931,'-53.01','-145.20','5.40','356.40',25,'-28.95','0.00',85,'2007-08-25 05:00:22','5.94',8),(932,'-66.67','-138.00','7.50','862.50',27,'-13.79','0.00',85,'2007-08-25 05:00:23','8.28',9),(933,'-50.19','-116.60','20.15','886.60',27,'-11.62','0.00',85,'2007-08-25 05:00:23','19.67',10),(934,'77.19','88.73','54.81','1041.39',26,'9.31','0.00',85,'2007-08-25 05:00:24','51.21',12),(935,'-90.32','-140.00','5.90','590.00',25,'-19.18','0.00',85,'2007-08-25 05:00:24','6.76',13),(936,'34.58','100.65','32.70','1079.10',31,'10.29','0.00',86,'2007-08-26 05:00:29','29.70',1),(937,'117.39','248.40','3.26','749.80',28,'49.54','0.00',86,'2007-08-26 05:00:30','3.28',2),(938,'188.89','122.40','5.22','626.40',28,'24.29','0.00',86,'2007-08-26 05:00:31','5.67',3),(939,'-28.57','-22.56','3.41','480.81',28,'-4.48','0.00',86,'2007-08-26 05:00:31','3.92',5),(940,'-30.36','-24.14','3.41','484.22',25,'-4.75','0.00',86,'2007-08-26 05:00:32','3.92',6),(941,'-33.73','-103.60','5.40','399.60',27,'-20.59','0.00',86,'2007-08-26 05:00:32','5.94',7),(942,'-53.01','-145.20','5.40','356.40',25,'-28.95','0.00',86,'2007-08-26 05:00:33','5.94',8),(943,'-66.67','-138.00','7.50','862.50',27,'-13.79','0.00',86,'2007-08-26 05:00:34','8.28',9),(944,'-50.19','-116.60','20.15','886.60',27,'-11.62','0.00',86,'2007-08-26 05:00:36','19.67',10),(945,'77.19','88.73','54.81','1041.39',26,'9.31','0.00',86,'2007-08-26 05:00:37','51.21',12),(946,'-90.32','-140.00','5.90','590.00',25,'-19.18','0.00',86,'2007-08-26 05:00:37','6.76',13),(947,'34.58','100.65','32.70','1079.10',31,'10.29','0.00',87,'2007-08-27 05:00:22','29.70',1),(948,'117.39','248.40','3.26','749.80',28,'49.54','0.00',87,'2007-08-27 05:00:22','3.28',2),(949,'188.89','122.40','5.22','626.40',28,'24.29','0.00',87,'2007-08-27 05:00:23','5.67',3),(950,'-28.57','-22.56','3.41','480.81',28,'-4.48','0.00',87,'2007-08-27 05:00:24','3.92',5),(951,'-30.36','-24.14','3.41','484.22',25,'-4.75','0.00',87,'2007-08-27 05:00:24','3.92',6),(952,'-33.73','-103.60','5.40','399.60',28,'-20.59','0.00',87,'2007-08-27 05:00:25','5.94',7),(953,'-53.01','-145.20','5.40','356.40',25,'-28.95','0.00',87,'2007-08-27 05:00:25','5.94',8),(954,'-66.67','-138.00','7.50','862.50',28,'-13.79','0.00',87,'2007-08-27 05:00:26','8.28',9),(955,'-50.19','-116.60','20.15','886.60',27,'-11.62','0.00',87,'2007-08-27 05:00:26','19.67',10),(956,'77.19','88.73','54.81','1041.39',26,'9.31','0.00',87,'2007-08-27 05:00:27','51.21',12),(957,'-90.32','-140.00','5.90','590.00',26,'-19.18','0.00',87,'2007-08-27 05:00:27','6.76',13),(958,'36.96','107.58','32.91','1086.03',32,'10.99','0.00',88,'2007-08-28 05:00:20','29.70',1),(959,'127.17','269.10','3.35','770.50',28,'53.67','0.00',88,'2007-08-28 05:00:20','3.28',2),(960,'205.56','133.20','5.31','637.20',28,'26.43','0.00',88,'2007-08-28 05:00:21','5.67',3),(961,'-3.57','-2.82','3.55','500.55',28,'-0.56','0.00',88,'2007-08-28 05:00:21','3.92',5),(962,'-5.36','-4.26','3.55','504.10',25,'-0.84','0.00',88,'2007-08-28 05:00:22','3.92',6),(963,'-26.99','-82.88','5.68','420.32',28,'-16.47','0.00',88,'2007-08-28 05:00:22','5.94',7),(964,'-46.27','-126.72','5.68','374.88',25,'-25.26','0.00',88,'2007-08-28 05:00:23','5.94',8),(965,'-53.89','-111.55','7.73','888.95',28,'-11.15','0.00',88,'2007-08-28 05:00:23','8.28',9),(966,'-45.45','-105.60','20.40','897.60',27,'-10.53','0.00',88,'2007-08-28 05:00:24','19.67',10),(967,'83.64','96.14','55.20','1048.80',26,'10.09','0.00',88,'2007-08-28 05:00:25','51.21',12),(968,'-80.00','-124.00','6.06','606.00',26,'-16.99','0.00',88,'2007-08-28 05:00:25','6.76',13),(969,'39.12','113.85','33.10','1092.30',32,'11.64','0.00',89,'2007-08-29 05:00:18','29.79',1),(970,'121.74','257.60','3.30','759.00',28,'51.38','0.00',89,'2007-08-29 05:00:19','3.28',2),(971,'196.30','127.20','5.26','631.20',28,'25.24','0.00',89,'2007-08-29 05:00:19','5.67',3),(972,'5.36','4.23','3.60','507.60',28,'0.84','0.00',89,'2007-08-29 05:00:20','3.92',5),(973,'3.57','2.84','3.60','511.20',26,'0.56','0.00',89,'2007-08-29 05:00:21','3.92',6),(974,'-25.06','-76.96','5.76','426.24',28,'-15.29','0.00',89,'2007-08-29 05:00:21','5.94',7),(975,'-44.34','-121.44','5.76','380.16',25,'-24.21','0.00',89,'2007-08-29 05:00:23','5.94',8),(976,'-53.89','-111.55','7.73','888.95',28,'-11.15','0.00',89,'2007-08-29 05:00:23','8.28',9),(977,'-34.28','-79.64','20.99','923.56',27,'-7.94','0.00',89,'2007-08-29 05:00:24','19.67',10),(978,'74.05','85.12','54.62','1037.78',26,'8.93','0.00',89,'2007-08-29 05:00:25','51.21',12),(979,'-76.77','-119.00','6.11','611.00',26,'-16.30','0.00',89,'2007-08-29 05:00:25','6.76',13),(980,'32.88','95.70','32.55','1074.15',32,'9.78','0.00',90,'2007-08-30 05:00:24','29.79',1),(981,'123.91','262.20','3.32','763.60',28,'52.29','0.00',90,'2007-08-30 05:00:25','3.28',2),(982,'168.52','109.20','5.11','613.20',28,'21.67','0.00',90,'2007-08-30 05:00:25','5.67',3),(983,'3.57','2.82','3.59','506.19',28,'0.56','0.00',90,'2007-08-30 05:00:26','3.92',5),(984,'1.79','1.42','3.59','509.78',26,'0.28','0.00',90,'2007-08-30 05:00:27','3.92',6),(985,'-25.78','-79.18','5.73','424.02',28,'-15.74','0.00',90,'2007-08-30 05:00:27','5.94',7),(986,'-45.06','-123.42','5.73','378.18',26,'-24.61','0.00',90,'2007-08-30 05:00:28','5.94',8),(987,'-54.44','-112.70','7.72','887.80',28,'-11.26','0.00',90,'2007-08-30 05:00:29','8.28',9),(988,'-41.10','-95.48','20.63','907.72',27,'-9.52','0.00',90,'2007-08-30 05:00:30','19.67',10),(989,'67.11','77.14','54.20','1029.80',27,'8.10','0.00',90,'2007-08-30 05:00:31','51.21',12),(990,'-76.13','-118.00','6.12','612.00',26,'-16.16','0.00',90,'2007-08-30 05:00:31','6.76',13),(991,'44.44','129.36','33.57','1107.81',32,'13.22','0.00',91,'2007-08-31 05:00:18','30.21',1),(992,'119.57','253.00','3.28','754.40',29,'50.46','0.00',91,'2007-08-31 05:00:18','3.28',2),(993,'220.37','142.80','5.39','646.80',29,'28.33','0.00',91,'2007-08-31 05:00:19','5.67',3),(994,'10.71','8.46','3.63','511.83',29,'1.68','0.00',91,'2007-08-31 05:00:20','3.92',5),(995,'8.93','7.10','3.63','515.46',26,'1.40','0.00',91,'2007-08-31 05:00:20','3.92',6),(996,'-23.13','-71.04','5.84','432.16',28,'-14.12','0.00',91,'2007-08-31 05:00:20','5.94',7),(997,'-42.41','-116.16','5.84','385.44',26,'-23.16','0.00',91,'2007-08-31 05:00:21','5.94',8),(998,'-52.78','-109.25','7.75','891.25',28,'-10.92','0.00',91,'2007-08-31 05:00:21','8.28',9),(999,'-38.07','-88.44','20.79','914.76',28,'-8.82','0.00',91,'2007-08-31 05:00:22','19.67',10),(1000,'61.49','70.68','53.86','1023.34',27,'7.42','0.00',91,'2007-08-31 05:00:23','51.21',12),(1001,'-69.68','-108.00','6.22','622.00',26,'-14.79','0.00',91,'2007-08-31 05:00:23','6.76',13),(1002,'58.96','171.60','34.85','1150.05',32,'17.54','0.00',92,'2007-09-01 05:00:22','31.37',1),(1003,'127.17','269.10','3.35','770.50',29,'53.67','0.00',92,'2007-09-01 05:00:23','3.28',2),(1004,'201.85','130.80','5.29','634.80',29,'25.95','0.00',92,'2007-09-01 05:00:24','5.67',3),(1005,'19.64','15.51','3.68','518.88',29,'3.08','0.00',92,'2007-09-01 05:00:24','3.92',5),(1006,'17.86','14.20','3.68','522.56',26,'2.79','0.00',92,'2007-09-01 05:00:25','3.92',6),(1007,'-17.59','-54.02','6.07','449.18',28,'-10.74','0.00',92,'2007-09-01 05:00:25','5.94',7),(1008,'-36.87','-100.98','6.07','400.62',26,'-20.13','0.00',92,'2007-09-01 05:00:26','5.94',8),(1009,'-45.00','-93.15','7.89','907.35',28,'-9.31','0.00',92,'2007-09-01 05:00:27','8.28',9),(1010,'-35.42','-82.28','20.93','920.92',28,'-8.20','0.00',92,'2007-09-01 05:00:27','19.67',10),(1011,'82.81','95.19','55.15','1047.85',27,'9.99','0.00',92,'2007-09-01 05:00:28','51.21',12),(1012,'-52.90','-82.00','6.48','648.00',26,'-11.23','0.00',92,'2007-09-01 05:00:28','6.76',13),(1013,'58.96','171.60','34.85','1150.05',32,'17.54','0.00',93,'2007-09-02 05:00:21','31.37',1),(1014,'127.17','269.10','3.35','770.50',29,'53.67','0.00',93,'2007-09-02 05:00:22','3.28',2),(1015,'201.85','130.80','5.29','634.80',29,'25.95','0.00',93,'2007-09-02 05:00:23','5.67',3),(1016,'19.64','15.51','3.68','518.88',29,'3.08','0.00',93,'2007-09-02 05:00:23','3.92',5),(1017,'17.86','14.20','3.68','522.56',26,'2.79','0.00',93,'2007-09-02 05:00:24','3.92',6),(1018,'-17.59','-54.02','6.07','449.18',28,'-10.74','0.00',93,'2007-09-02 05:00:25','5.94',7),(1019,'-36.87','-100.98','6.07','400.62',26,'-20.13','0.00',93,'2007-09-02 05:00:25','5.94',8),(1020,'-45.00','-93.15','7.89','907.35',28,'-9.31','0.00',93,'2007-09-02 05:00:26','8.28',9),(1021,'-35.42','-82.28','20.93','920.92',28,'-8.20','0.00',93,'2007-09-02 05:00:27','19.67',10),(1022,'82.81','95.19','55.15','1047.85',27,'9.99','0.00',93,'2007-09-02 05:00:27','51.21',12),(1023,'-52.90','-82.00','6.48','648.00',26,'-11.23','0.00',93,'2007-09-02 05:00:28','6.76',13),(1024,'58.96','171.60','34.85','1150.05',32,'17.54','0.00',94,'2007-09-03 05:00:20','31.37',1),(1025,'127.17','269.10','3.35','770.50',29,'53.67','0.00',94,'2007-09-03 05:00:21','3.28',2),(1026,'201.85','130.80','5.29','634.80',29,'25.95','0.00',94,'2007-09-03 05:00:22','5.67',3),(1027,'19.64','15.51','3.68','518.88',29,'3.08','0.00',94,'2007-09-03 05:00:22','3.92',5),(1028,'17.86','14.20','3.68','522.56',26,'2.79','0.00',94,'2007-09-03 05:00:23','3.92',6),(1029,'-17.59','-54.02','6.07','449.18',29,'-10.74','0.00',94,'2007-09-03 05:00:24','5.94',7),(1030,'-36.87','-100.98','6.07','400.62',26,'-20.13','0.00',94,'2007-09-03 05:00:24','5.94',8),(1031,'-45.00','-93.15','7.89','907.35',29,'-9.31','0.00',94,'2007-09-03 05:00:25','8.28',9),(1032,'-35.42','-82.28','20.93','920.92',28,'-8.20','0.00',94,'2007-09-03 05:00:27','19.67',10),(1033,'82.81','95.19','55.15','1047.85',27,'9.99','0.00',94,'2007-09-03 05:00:28','51.21',12),(1034,'-52.90','-82.00','6.48','648.00',27,'-11.23','0.00',94,'2007-09-03 05:00:29','6.76',13),(1035,'52.49','152.79','34.28','1131.24',33,'15.62','0.00',95,'2007-09-04 15:08:29','31.37',1),(1036,'131.52','278.30','3.39','779.70',29,'55.50','0.00',95,'2007-09-04 15:08:30','3.28',2),(1037,'196.30','127.20','5.26','631.20',29,'25.24','0.00',95,'2007-09-04 15:08:31','5.67',3),(1038,'21.43','16.92','3.69','520.29',29,'3.36','0.00',95,'2007-09-04 15:08:32','3.92',5),(1039,'19.64','15.62','3.69','523.98',27,'3.07','0.00',95,'2007-09-04 15:08:34','3.92',6),(1040,'-15.42','-47.36','6.16','455.84',29,'-9.41','0.00',95,'2007-09-04 15:08:35','5.94',7),(1041,'-34.70','-95.04','6.16','406.56',26,'-18.95','0.00',95,'2007-09-04 15:08:36','5.94',8),(1042,'-43.89','-90.85','7.91','909.65',29,'-9.08','0.00',95,'2007-09-04 15:08:36','8.28',9),(1043,'-34.28','-79.64','20.99','923.56',28,'-7.94','0.00',95,'2007-09-04 15:08:37','19.67',10),(1044,'84.79','97.47','55.27','1050.13',27,'10.23','0.00',95,'2007-09-04 15:08:38','51.21',12),(1045,'-61.29','-95.00','6.35','635.00',27,'-13.01','0.00',95,'2007-09-04 15:08:39','6.76',13),(1046,'54.42','158.40','34.45','1136.85',33,'16.19','0.00',96,'2007-09-05 05:00:22','31.37',1),(1047,'133.70','282.90','3.41','784.30',29,'56.42','0.00',96,'2007-09-05 05:00:23','3.28',2),(1048,'225.93','146.40','5.42','650.40',29,'29.05','0.00',96,'2007-09-05 05:00:23','5.67',3),(1049,'8.93','7.05','3.62','510.42',29,'1.40','0.00',96,'2007-09-05 05:00:24','3.92',5),(1050,'7.14','5.68','3.62','514.04',27,'1.12','0.00',96,'2007-09-05 05:00:24','3.92',6),(1051,'-15.42','-47.36','6.16','455.84',29,'-9.41','0.00',96,'2007-09-05 05:00:25','5.94',7),(1052,'-34.70','-95.04','6.16','406.56',26,'-18.95','0.00',96,'2007-09-05 05:00:25','5.94',8),(1053,'-52.78','-109.25','7.75','891.25',29,'-10.92','0.00',96,'2007-09-05 05:00:26','8.28',9),(1054,'-26.89','-62.48','21.38','940.72',28,'-6.23','0.00',96,'2007-09-05 05:00:26','19.67',10),(1055,'91.07','104.69','55.65','1057.35',27,'10.99','0.00',96,'2007-09-05 05:00:27','51.21',12),(1056,'-51.61','-80.00','6.50','650.00',27,'-10.96','0.00',96,'2007-09-05 05:00:28','6.76',13),(1057,'52.27','152.13','34.26','1130.58',33,'15.55','0.00',97,'2007-09-06 05:00:22','31.37',1),(1058,'132.61','280.60','3.40','782.00',29,'55.96','0.00',97,'2007-09-06 05:00:23','3.28',2),(1059,'225.93','146.40','5.42','650.40',29,'29.05','0.00',97,'2007-09-06 05:00:24','5.67',3),(1060,'5.36','4.23','3.60','507.60',29,'0.84','0.00',97,'2007-09-06 05:00:25','3.92',5),(1061,'3.57','2.84','3.60','511.20',27,'0.56','0.00',97,'2007-09-06 05:00:26','3.92',6),(1062,'-14.46','-44.40','6.20','458.80',29,'-8.82','0.00',97,'2007-09-06 05:00:28','5.94',7),(1063,'-33.73','-92.40','6.20','409.20',27,'-18.42','0.00',97,'2007-09-06 05:00:29','5.94',8),(1064,'-58.33','-120.75','7.65','879.75',29,'-12.07','0.00',97,'2007-09-06 05:00:30','8.28',9),(1065,'-28.41','-66.00','21.30','937.20',28,'-6.58','0.00',97,'2007-09-06 05:00:31','19.67',10),(1066,'81.98','94.24','55.10','1046.90',28,'9.89','0.00',97,'2007-09-06 05:00:32','51.21',12),(1067,'-61.29','-95.00','6.35','635.00',27,'-13.01','0.00',97,'2007-09-06 05:00:33','6.76',13),(1068,'49.32','143.55','34.00','1122.00',33,'14.67','0.00',98,'2007-09-07 05:00:19','31.37',1),(1069,'127.17','269.10','3.35','770.50',30,'53.67','0.00',98,'2007-09-07 05:00:20','3.28',2),(1070,'212.96','138.00','5.35','642.00',30,'27.38','0.00',98,'2007-09-07 05:00:22','5.67',3),(1071,'8.93','7.05','3.62','510.42',30,'1.40','0.00',98,'2007-09-07 05:00:23','3.92',5),(1072,'7.14','5.68','3.62','514.04',27,'1.12','0.00',98,'2007-09-07 05:00:24','3.92',6),(1073,'-20.00','-61.42','5.97','441.78',29,'-12.21','0.00',98,'2007-09-07 05:00:25','5.94',7),(1074,'-39.28','-107.58','5.97','394.02',27,'-21.45','0.00',98,'2007-09-07 05:00:26','5.94',8),(1075,'-52.22','-108.10','7.76','892.40',29,'-10.80','0.00',98,'2007-09-07 05:00:27','8.28',9),(1076,'-25.57','-59.40','21.45','943.80',29,'-5.92','0.00',98,'2007-09-07 05:00:28','19.67',10),(1077,'80.33','92.34','55.00','1045.00',28,'9.69','0.00',98,'2007-09-07 05:00:29','51.21',12),(1078,'-64.52','-100.00','6.30','630.00',27,'-13.70','0.00',98,'2007-09-07 05:00:30','6.76',13),(1079,'47.39','137.94','33.83','1116.39',33,'14.10','0.00',99,'2007-09-08 05:00:17','31.37',1),(1080,'136.96','289.80','3.44','791.20',30,'57.80','0.00',99,'2007-09-08 05:00:18','3.28',2),(1081,'222.22','144.00','5.40','648.00',30,'28.57','0.00',99,'2007-09-08 05:00:19','5.67',3),(1082,'12.50','9.87','3.64','513.24',30,'1.96','0.00',99,'2007-09-08 05:00:20','3.92',5),(1083,'10.71','8.52','3.64','516.88',27,'1.68','0.00',99,'2007-09-08 05:00:21','3.92',6),(1084,'-15.90','-48.84','6.14','454.36',29,'-9.71','0.00',99,'2007-09-08 05:00:22','5.94',7),(1085,'-35.18','-96.36','6.14','405.24',27,'-19.21','0.00',99,'2007-09-08 05:00:23','5.94',8),(1086,'-55.56','-115.00','7.70','885.50',29,'-11.49','0.00',99,'2007-09-08 05:00:24','8.28',9),(1087,'-23.67','-55.00','21.55','948.20',29,'-5.48','0.00',99,'2007-09-08 05:00:26','19.67',10),(1088,'74.88','86.07','54.67','1038.73',28,'9.03','0.00',99,'2007-09-08 05:00:27','51.21',12),(1089,'-61.29','-95.00','6.35','635.00',27,'-13.01','0.00',99,'2007-09-08 05:00:28','6.76',13),(1090,'47.39','137.94','33.83','1116.39',33,'14.10','0.00',100,'2007-09-09 05:00:18','31.37',1),(1091,'136.96','289.80','3.44','791.20',30,'57.80','0.00',100,'2007-09-09 05:00:19','3.28',2),(1092,'222.22','144.00','5.40','648.00',30,'28.57','0.00',100,'2007-09-09 05:00:20','5.67',3),(1093,'12.50','9.87','3.64','513.24',30,'1.96','0.00',100,'2007-09-09 05:00:21','3.92',5),(1094,'10.71','8.52','3.64','516.88',27,'1.68','0.00',100,'2007-09-09 05:00:22','3.92',6),(1095,'-15.90','-48.84','6.14','454.36',29,'-9.71','0.00',100,'2007-09-09 05:00:23','5.94',7),(1096,'-35.18','-96.36','6.14','405.24',27,'-19.21','0.00',100,'2007-09-09 05:00:24','5.94',8),(1097,'-55.56','-115.00','7.70','885.50',29,'-11.49','0.00',100,'2007-09-09 05:00:25','8.28',9),(1098,'-23.67','-55.00','21.55','948.20',29,'-5.48','0.00',100,'2007-09-09 05:00:27','19.67',10),(1099,'74.88','86.07','54.67','1038.73',28,'9.03','0.00',100,'2007-09-09 05:00:28','51.21',12),(1100,'-61.29','-95.00','6.35','635.00',27,'-13.01','0.00',100,'2007-09-09 05:00:29','6.76',13),(1101,'39.23','114.18','33.11','1092.63',34,'11.67','0.00',101,'2007-09-11 05:00:18','31.37',1),(1102,'136.96','289.80','3.44','791.20',30,'57.80','0.00',101,'2007-09-11 05:00:19','3.28',2),(1103,'212.96','138.00','5.35','642.00',30,'27.38','0.00',101,'2007-09-11 05:00:20','5.67',3),(1104,'21.43','16.92','3.69','520.29',30,'3.36','0.00',101,'2007-09-11 05:00:21','3.92',5),(1105,'19.64','15.62','3.69','523.98',27,'3.07','0.00',101,'2007-09-11 05:00:22','3.92',6),(1106,'-15.18','-46.62','6.17','456.58',30,'-9.26','0.00',101,'2007-09-11 05:00:24','5.94',7),(1107,'-34.46','-94.38','6.17','407.22',27,'-18.82','0.00',101,'2007-09-11 05:00:25','5.94',8),(1108,'-57.78','-119.60','7.66','880.90',30,'-11.95','0.00',101,'2007-09-11 05:00:26','8.28',9),(1109,'-29.55','-68.64','21.24','934.56',29,'-6.84','0.00',101,'2007-09-11 05:00:27','19.67',10),(1110,'69.59','79.99','54.35','1032.65',28,'8.40','0.00',101,'2007-09-11 05:00:28','51.21',12),(1111,'-58.71','-91.00','6.39','639.00',28,'-12.47','0.00',101,'2007-09-11 05:00:29','6.76',13),(1112,'41.95','122.10','33.35','1100.55',34,'12.48','0.00',102,'2007-09-12 05:00:18','31.37',1),(1113,'132.61','280.60','3.40','782.00',30,'55.96','0.00',102,'2007-09-12 05:00:19','3.28',2),(1114,'207.41','134.40','5.32','638.40',30,'26.67','0.00',102,'2007-09-12 05:00:20','5.67',3),(1115,'23.21','18.33','3.70','521.70',30,'3.64','0.00',102,'2007-09-12 05:00:21','3.92',5),(1116,'21.43','17.04','3.70','525.40',28,'3.35','0.00',102,'2007-09-12 05:00:22','3.92',6),(1117,'-14.22','-43.66','6.21','459.54',30,'-8.68','0.00',102,'2007-09-12 05:00:24','5.94',7),(1118,'-33.49','-91.74','6.21','409.86',27,'-18.29','0.00',102,'2007-09-12 05:00:25','5.94',8),(1119,'-60.56','-125.35','7.61','875.15',30,'-12.53','0.00',102,'2007-09-12 05:00:26','8.28',9),(1120,'-27.46','-63.80','21.35','939.40',29,'-6.36','0.00',102,'2007-09-12 05:00:27','19.67',10),(1121,'85.79','98.61','55.33','1051.27',28,'10.35','0.00',102,'2007-09-12 05:00:28','51.21',12),(1122,'-62.58','-97.00','6.33','633.00',28,'-13.29','0.00',102,'2007-09-12 05:00:29','6.76',13),(1123,'42.63','124.08','33.41','1102.53',34,'12.68','0.00',103,'2007-09-13 05:00:30','31.37',1),(1124,'119.57','253.00','3.28','754.40',30,'50.46','0.00',103,'2007-09-13 05:00:33','3.28',2),(1125,'175.93','114.00','5.15','618.00',30,'22.62','0.00',103,'2007-09-13 05:00:36','5.67',3),(1126,'16.07','12.69','3.66','516.06',30,'2.52','0.00',103,'2007-09-13 05:00:39','3.92',5),(1127,'14.29','11.36','3.66','519.72',28,'2.23','0.00',103,'2007-09-13 05:00:42','3.92',6),(1128,'-16.39','-50.32','6.12','452.88',30,'-10.00','0.00',103,'2007-09-13 05:00:44','5.94',7),(1129,'-35.66','-97.68','6.12','403.92',28,'-19.47','0.00',103,'2007-09-13 05:00:47','5.94',8),(1130,'-69.44','-143.75','7.45','856.75',30,'-14.37','0.00',103,'2007-09-13 05:00:50','8.28',9),(1131,'-32.20','-74.80','21.10','928.40',29,'-7.46','0.00',103,'2007-09-13 05:00:53','19.67',10),(1132,'83.64','96.14','55.20','1048.80',29,'10.09','0.00',103,'2007-09-13 05:00:55','51.21',12),(1133,'-62.58','-97.00','6.33','633.00',28,'-13.29','0.00',103,'2007-09-13 05:00:58','6.76',13),(1134,'48.19','140.25','33.90','1118.70',34,'14.33','0.00',104,'2007-09-14 05:00:19','31.37',1),(1135,'111.96','236.90','3.21','738.30',31,'47.25','0.00',104,'2007-09-14 05:00:20','3.28',2),(1136,'170.37','110.40','5.12','614.40',31,'21.90','0.00',104,'2007-09-14 05:00:21','5.67',3),(1137,'26.79','21.15','3.72','524.52',31,'4.20','0.00',104,'2007-09-14 05:00:22','3.92',5),(1138,'25.00','19.88','3.72','528.24',28,'3.91','0.00',104,'2007-09-14 05:00:23','3.92',6),(1139,'-16.39','-50.32','6.12','452.88',30,'-10.00','0.00',104,'2007-09-14 05:00:25','5.94',7),(1140,'-35.66','-97.68','6.12','403.92',28,'-19.47','0.00',104,'2007-09-14 05:00:26','5.94',8),(1141,'-77.78','-161.00','7.30','839.50',30,'-16.09','0.00',104,'2007-09-14 05:00:27','8.28',9),(1142,'-29.17','-67.76','21.26','935.44',30,'-6.75','0.00',104,'2007-09-14 05:00:28','19.67',10),(1143,'84.46','97.09','55.25','1049.75',29,'10.19','0.00',104,'2007-09-14 05:00:29','51.21',12),(1144,'-69.03','-107.00','6.23','623.00',28,'-14.66','0.00',104,'2007-09-14 05:00:30','6.76',13),(1145,'51.02','148.50','34.15','1126.95',34,'15.18','0.00',105,'2007-09-15 05:00:17','31.37',1),(1146,'111.96','236.90','3.21','738.30',31,'47.25','0.00',105,'2007-09-15 05:00:18','3.28',2),(1147,'212.96','138.00','5.35','642.00',31,'27.38','0.00',105,'2007-09-15 05:00:19','5.67',3),(1148,'50.00','39.48','3.85','542.85',31,'7.84','0.00',105,'2007-09-15 05:00:20','3.92',5),(1149,'48.21','38.34','3.85','546.70',28,'7.54','0.00',105,'2007-09-15 05:00:21','3.92',6),(1150,'-21.69','-66.60','5.90','436.60',30,'-13.24','0.00',105,'2007-09-15 05:00:22','5.94',7),(1151,'-40.96','-112.20','5.90','389.40',28,'-22.37','0.00',105,'2007-09-15 05:00:23','5.94',8),(1152,'-76.11','-157.55','7.33','842.95',30,'-15.75','0.00',105,'2007-09-15 05:00:24','8.28',9),(1153,'-22.73','-52.80','21.60','950.40',30,'-5.26','0.00',105,'2007-09-15 05:00:25','19.67',10),(1154,'91.90','105.64','55.70','1058.30',29,'11.09','0.00',105,'2007-09-15 05:00:26','51.21',12),(1155,'-67.74','-105.00','6.25','625.00',28,'-14.38','0.00',105,'2007-09-15 05:00:27','6.76',13),(1156,'51.02','148.50','34.15','1126.95',34,'15.18','0.00',106,'2007-09-16 05:00:16','31.37',1),(1157,'111.96','236.90','3.21','738.30',31,'47.25','0.00',106,'2007-09-16 05:00:17','3.28',2),(1158,'212.96','138.00','5.35','642.00',31,'27.38','0.00',106,'2007-09-16 05:00:18','5.67',3),(1159,'50.00','39.48','3.85','542.85',31,'7.84','0.00',106,'2007-09-16 05:00:19','3.92',5),(1160,'48.21','38.34','3.85','546.70',28,'7.54','0.00',106,'2007-09-16 05:00:20','3.92',6),(1161,'-21.69','-66.60','5.90','436.60',30,'-13.24','0.00',106,'2007-09-16 05:00:21','5.94',7),(1162,'-40.96','-112.20','5.90','389.40',28,'-22.37','0.00',106,'2007-09-16 05:00:22','5.94',8),(1163,'-76.11','-157.55','7.33','842.95',30,'-15.75','0.00',106,'2007-09-16 05:00:24','8.28',9),(1164,'-22.73','-52.80','21.60','950.40',30,'-5.26','0.00',106,'2007-09-16 05:00:25','19.67',10),(1165,'91.90','105.64','55.70','1058.30',29,'11.09','0.00',106,'2007-09-16 05:00:26','51.21',12),(1166,'-67.74','-105.00','6.25','625.00',28,'-14.38','0.00',106,'2007-09-16 05:00:27','6.76',13),(1167,'51.02','148.50','34.15','1126.95',34,'15.18','0.00',107,'2007-09-17 05:00:19','31.37',1),(1168,'111.96','236.90','3.21','738.30',31,'47.25','0.00',107,'2007-09-17 05:00:21','3.28',2),(1169,'212.96','138.00','5.35','642.00',31,'27.38','0.00',107,'2007-09-17 05:00:22','5.67',3),(1170,'50.00','39.48','3.85','542.85',31,'7.84','0.00',107,'2007-09-17 05:00:23','3.92',5),(1171,'48.21','38.34','3.85','546.70',28,'7.54','0.00',107,'2007-09-17 05:00:24','3.92',6),(1172,'-21.69','-66.60','5.90','436.60',31,'-13.24','0.00',107,'2007-09-17 05:00:25','5.94',7),(1173,'-40.96','-112.20','5.90','389.40',28,'-22.37','0.00',107,'2007-09-17 05:00:26','5.94',8),(1174,'-76.11','-157.55','7.33','842.95',31,'-15.75','0.00',107,'2007-09-17 05:00:27','8.28',9),(1175,'-22.73','-52.80','21.60','950.40',30,'-5.26','0.00',107,'2007-09-17 05:00:28','19.67',10),(1176,'91.90','105.64','55.70','1058.30',29,'11.09','0.00',107,'2007-09-17 05:00:29','51.21',12),(1177,'-67.74','-105.00','6.25','625.00',29,'-14.38','0.00',107,'2007-09-17 05:00:30','6.76',13),(1178,'51.47','149.82','34.19','1128.27',35,'15.31','0.00',108,'2007-09-18 05:00:23','31.37',1),(1179,'111.96','236.90','3.21','738.30',31,'47.25','0.00',108,'2007-09-18 05:00:24','3.28',2),(1180,'214.81','139.20','5.36','643.20',31,'27.62','0.00',108,'2007-09-18 05:00:25','5.67',3),(1181,'130.36','102.93','4.30','606.30',31,'20.45','0.00',108,'2007-09-18 05:00:26','3.92',5),(1182,'128.57','102.24','4.30','610.60',28,'20.11','0.00',108,'2007-09-18 05:00:27','3.92',6),(1183,'-23.37','-71.78','5.83','431.42',31,'-14.26','0.00',108,'2007-09-18 05:00:28','5.94',7),(1184,'-42.65','-116.82','5.83','384.78',28,'-23.29','0.00',108,'2007-09-18 05:00:29','5.94',8),(1185,'-82.78','-171.35','7.21','829.15',31,'-17.13','0.00',108,'2007-09-18 05:00:30','8.28',9),(1186,'-24.43','-56.76','21.51','946.44',30,'-5.66','0.00',108,'2007-09-18 05:00:31','19.67',10),(1187,'86.61','99.56','55.38','1052.22',29,'10.45','0.00',108,'2007-09-18 05:00:32','51.21',12),(1188,'-67.74','-105.00','6.25','625.00',29,'-14.38','0.00',108,'2007-09-18 05:00:34','6.76',13),(1189,'52.04','151.47','34.24','1129.92',35,'15.48','0.00',109,'2007-09-19 05:00:19','31.37',1),(1190,'111.96','236.90','3.21','738.30',31,'47.25','0.00',109,'2007-09-19 05:00:20','3.28',2),(1191,'170.37','110.40','5.12','614.40',31,'21.90','0.00',109,'2007-09-19 05:00:21','5.67',3),(1192,'130.36','102.93','4.30','606.30',31,'20.45','0.00',109,'2007-09-19 05:00:22','3.92',5),(1193,'128.57','102.24','4.30','610.60',29,'20.11','0.00',109,'2007-09-19 05:00:23','3.92',6),(1194,'-13.25','-40.70','6.25','462.50',31,'-8.09','0.00',109,'2007-09-19 05:00:24','5.94',7),(1195,'-32.53','-89.10','6.25','412.50',28,'-17.76','0.00',109,'2007-09-19 05:00:25','5.94',8),(1196,'-95.00','-196.65','6.99','803.85',31,'-19.66','0.00',109,'2007-09-19 05:00:26','8.28',9),(1197,'-35.98','-83.60','20.90','919.60',30,'-8.33','0.00',109,'2007-09-19 05:00:27','19.67',10),(1198,'80.33','92.34','55.00','1045.00',29,'9.69','0.00',109,'2007-09-19 05:00:28','51.21',12),(1199,'-76.13','-118.00','6.12','612.00',29,'-16.16','0.00',109,'2007-09-19 05:00:29','6.76',13),(1200,'56.69','165.00','34.65','1143.45',35,'16.86','0.00',110,'2007-09-20 05:00:20','31.37',1),(1201,'116.30','246.10','3.25','747.50',31,'49.08','0.00',110,'2007-09-20 05:00:21','3.28',2),(1202,'170.37','110.40','5.12','614.40',31,'21.90','0.00',110,'2007-09-20 05:00:22','5.67',3),(1203,'137.50','108.57','4.34','611.94',31,'21.57','0.00',110,'2007-09-20 05:00:23','3.92',5),(1204,'135.71','107.92','4.34','616.28',29,'21.23','0.00',110,'2007-09-20 05:00:24','3.92',6),(1205,'0.48','1.48','6.82','504.68',31,'0.29','0.00',110,'2007-09-20 05:00:25','6.14',7),(1206,'-18.80','-51.48','6.82','450.12',29,'-10.26','0.00',110,'2007-09-20 05:00:26','6.14',8),(1207,'-75.00','-155.25','7.35','845.25',31,'-15.52','0.00',110,'2007-09-20 05:00:27','8.28',9),(1208,'-28.03','-65.12','21.32','938.08',30,'-6.49','0.00',110,'2007-09-20 05:00:28','19.67',10),(1209,'94.71','108.87','55.87','1061.53',30,'11.43','0.00',110,'2007-09-20 05:00:29','51.21',12),(1210,'-70.97','-110.00','6.20','620.00',29,'-15.07','0.00',110,'2007-09-20 05:00:31','6.76',13),(1211,'62.81','182.82','35.19','1161.27',35,'18.68','0.00',111,'2007-09-21 05:00:18','31.67',1),(1212,'116.30','246.10','3.25','747.50',32,'49.08','0.00',111,'2007-09-21 05:00:20','3.28',2),(1213,'183.33','118.80','5.19','622.80',32,'23.57','0.00',111,'2007-09-21 05:00:21','5.67',3),(1214,'144.64','114.21','4.38','617.58',32,'22.69','0.00',111,'2007-09-21 05:00:22','3.94',5),(1215,'142.86','113.60','4.38','621.96',29,'22.35','0.00',111,'2007-09-21 05:00:23','3.94',6),(1216,'-2.89','-8.88','6.68','494.32',31,'-1.76','0.00',111,'2007-09-21 05:00:24','6.14',7),(1217,'-22.17','-60.72','6.68','440.88',29,'-12.11','0.00',111,'2007-09-21 05:00:25','6.14',8),(1218,'-71.67','-148.35','7.41','852.15',31,'-14.83','0.00',111,'2007-09-21 05:00:26','8.28',9),(1219,'-22.92','-53.24','21.59','949.96',31,'-5.31','0.00',111,'2007-09-21 05:00:27','19.67',10),(1220,'95.21','109.44','55.90','1062.10',30,'11.49','0.00',111,'2007-09-21 05:00:28','51.21',12),(1221,'-70.97','-110.00','6.20','620.00',29,'-15.07','0.00',111,'2007-09-21 05:00:29','6.76',13),(1222,'57.26','166.65','34.70','1145.10',35,'17.03','0.00',112,'2007-09-22 13:24:24','31.67',1),(1223,'121.74','257.60','3.30','759.00',32,'51.38','0.00',112,'2007-09-22 13:24:25','3.28',2),(1224,'196.30','127.20','5.26','631.20',32,'25.24','0.00',112,'2007-09-22 13:24:26','5.67',3),(1225,'142.86','112.80','4.37','616.17',32,'22.41','0.00',112,'2007-09-22 13:24:28','3.94',5),(1226,'141.07','112.18','4.37','620.54',29,'22.07','0.00',112,'2007-09-22 13:24:29','3.94',6),(1227,'7.71','23.68','7.12','526.88',31,'4.71','0.00',112,'2007-09-22 13:24:30','6.41',7),(1228,'-11.57','-31.68','7.12','469.92',29,'-6.32','0.00',112,'2007-09-22 13:24:31','6.41',8),(1229,'-77.78','-161.00','7.30','839.50',31,'-16.09','0.00',112,'2007-09-22 13:24:33','8.28',9),(1230,'-28.41','-66.00','21.30','937.20',31,'-6.58','0.00',112,'2007-09-22 13:24:34','19.67',10),(1231,'90.91','104.50','55.64','1057.16',30,'10.97','0.00',112,'2007-09-22 13:24:35','51.21',12),(1232,'-69.03','-107.00','6.23','623.00',29,'-14.66','0.00',112,'2007-09-22 13:24:36','6.76',13),(1233,'57.26','166.65','34.70','1145.10',35,'17.03','0.00',113,'2007-09-24 02:18:07','31.67',1),(1234,'121.74','257.60','3.30','759.00',32,'51.38','0.00',113,'2007-09-24 02:18:09','3.28',2),(1235,'196.30','127.20','5.26','631.20',32,'25.24','0.00',113,'2007-09-24 02:18:10','5.67',3),(1236,'142.86','112.80','4.37','616.17',32,'22.41','0.00',113,'2007-09-24 02:18:11','3.94',5),(1237,'141.07','112.18','4.37','620.54',29,'22.07','0.00',113,'2007-09-24 02:18:13','3.94',6),(1238,'7.71','23.68','7.12','526.88',32,'4.71','0.00',113,'2007-09-24 02:18:14','6.41',7),(1239,'-11.57','-31.68','7.12','469.92',29,'-6.32','0.00',113,'2007-09-24 02:18:15','6.41',8),(1240,'-77.78','-161.00','7.30','839.50',32,'-16.09','0.00',113,'2007-09-24 02:18:16','8.28',9),(1241,'-28.41','-66.00','21.30','937.20',31,'-6.58','0.00',113,'2007-09-24 02:18:17','19.67',10),(1242,'90.91','104.50','55.64','1057.16',30,'10.97','0.00',113,'2007-09-24 02:18:18','51.21',12),(1243,'-69.03','-107.00','6.23','623.00',30,'-14.66','0.00',113,'2007-09-24 02:18:20','6.76',13),(1244,'57.26','166.65','34.70','1145.10',35,'17.03','0.00',114,'2007-09-24 05:00:17','31.67',1),(1245,'121.74','257.60','3.30','759.00',32,'51.38','0.00',114,'2007-09-24 05:00:18','3.28',2),(1246,'196.30','127.20','5.26','631.20',32,'25.24','0.00',114,'2007-09-24 05:00:19','5.67',3),(1247,'142.86','112.80','4.37','616.17',32,'22.41','0.00',114,'2007-09-24 05:00:20','3.94',5),(1248,'141.07','112.18','4.37','620.54',29,'22.07','0.00',114,'2007-09-24 05:00:21','3.94',6),(1249,'7.71','23.68','7.12','526.88',32,'4.71','0.00',114,'2007-09-24 05:00:22','6.41',7),(1250,'-11.57','-31.68','7.12','469.92',29,'-6.32','0.00',114,'2007-09-24 05:00:23','6.41',8),(1251,'-77.78','-161.00','7.30','839.50',32,'-16.09','0.00',114,'2007-09-24 05:00:24','8.28',9),(1252,'-28.41','-66.00','21.30','937.20',31,'-6.58','0.00',114,'2007-09-24 05:00:25','19.67',10),(1253,'90.91','104.50','55.64','1057.16',30,'10.97','0.00',114,'2007-09-24 05:00:26','51.21',12),(1254,'-69.03','-107.00','6.23','623.00',30,'-14.66','0.00',114,'2007-09-24 05:00:27','6.76',13),(1255,'53.06','154.44','34.33','1132.89',36,'15.78','0.00',115,'2007-09-25 05:00:23','31.67',1),(1256,'127.17','269.10','3.35','770.50',32,'53.67','0.00',115,'2007-09-25 05:00:24','3.28',2),(1257,'183.33','118.80','5.19','622.80',32,'23.57','0.00',115,'2007-09-25 05:00:25','5.67',3),(1258,'132.14','104.34','4.31','607.71',32,'20.73','0.00',115,'2007-09-25 05:00:26','3.94',5),(1259,'130.36','103.66','4.31','612.02',29,'20.39','0.00',115,'2007-09-25 05:00:27','3.94',6),(1260,'9.64','29.60','7.20','532.80',32,'5.88','0.00',115,'2007-09-25 05:00:28','6.48',7),(1261,'-9.64','-26.40','7.20','475.20',29,'-5.26','0.00',115,'2007-09-25 05:00:29','6.48',8),(1262,'-78.89','-163.30','7.28','837.20',32,'-16.32','0.00',115,'2007-09-25 05:00:30','8.28',9),(1263,'-28.60','-66.44','21.29','936.76',31,'-6.62','0.00',115,'2007-09-25 05:00:32','19.67',10),(1264,'100.50','115.52','56.22','1068.18',30,'12.13','0.00',115,'2007-09-25 05:00:33','51.21',12),(1265,'-66.45','-103.00','6.27','627.00',30,'-14.11','0.00',115,'2007-09-25 05:00:34','6.76',13),(1266,'52.72','153.45','34.30','1131.90',36,'15.68','0.00',116,'2007-09-26 05:00:20','31.67',1),(1267,'133.70','282.90','3.41','784.30',32,'56.42','0.00',116,'2007-09-26 05:00:21','3.28',2),(1268,'201.85','130.80','5.29','634.80',32,'25.95','0.00',116,'2007-09-26 05:00:22','5.67',3),(1269,'144.64','114.21','4.38','617.58',32,'22.69','0.00',116,'2007-09-26 05:00:23','3.94',5),(1270,'142.86','113.60','4.38','621.96',30,'22.35','0.00',116,'2007-09-26 05:00:24','3.94',6),(1271,'3.61','11.10','6.95','514.30',32,'2.21','0.00',116,'2007-09-26 05:00:25','6.48',7),(1272,'-15.66','-42.90','6.95','458.70',29,'-8.55','0.00',116,'2007-09-26 05:00:26','6.48',8),(1273,'-82.78','-171.35','7.21','829.15',32,'-17.13','0.00',116,'2007-09-26 05:00:28','8.28',9),(1274,'-23.48','-54.56','21.56','948.64',31,'-5.44','0.00',116,'2007-09-26 05:00:29','19.67',10),(1275,'103.47','118.94','56.40','1071.60',30,'12.49','0.00',116,'2007-09-26 05:00:30','51.21',12),(1276,'-67.10','-104.00','6.26','626.00',30,'-14.25','0.00',116,'2007-09-26 05:00:31','6.76',13),(1277,'48.75','141.90','33.95','1120.35',36,'14.50','0.00',117,'2007-09-27 05:00:18','31.67',1),(1278,'133.70','282.90','3.41','784.30',32,'56.42','0.00',117,'2007-09-27 05:00:19','3.28',2),(1279,'194.44','126.00','5.25','630.00',32,'25.00','0.00',117,'2007-09-27 05:00:20','5.67',3),(1280,'148.21','117.03','4.40','620.40',32,'23.25','0.00',117,'2007-09-27 05:00:21','3.96',5),(1281,'146.43','116.44','4.40','624.80',30,'22.91','0.00',117,'2007-09-27 05:00:22','3.96',6),(1282,'9.16','28.12','7.18','531.32',32,'5.59','0.00',117,'2007-09-27 05:00:23','6.48',7),(1283,'-10.12','-27.72','7.18','473.88',30,'-5.53','0.00',117,'2007-09-27 05:00:24','6.48',8),(1284,'-86.11','-178.25','7.15','822.25',32,'-17.82','0.00',117,'2007-09-27 05:00:25','8.28',9),(1285,'-20.08','-46.64','21.74','956.56',31,'-4.65','0.00',117,'2007-09-27 05:00:26','19.67',10),(1286,'104.13','119.70','56.44','1072.36',31,'12.56','0.00',117,'2007-09-27 05:00:28','51.21',12),(1287,'-72.26','-112.00','6.18','618.00',30,'-15.34','0.00',117,'2007-09-27 05:00:29','6.76',13),(1288,'49.89','145.20','34.05','1123.65',36,'14.84','0.00',118,'2007-09-28 05:00:23','31.67',1),(1289,'132.61','280.60','3.40','782.00',33,'55.96','0.00',118,'2007-09-28 05:00:24','3.28',2),(1290,'212.96','138.00','5.35','642.00',33,'27.38','0.00',118,'2007-09-28 05:00:25','5.67',3),(1291,'133.93','105.75','4.32','609.12',33,'21.01','0.00',118,'2007-09-28 05:00:26','3.96',5),(1292,'132.14','105.08','4.32','613.44',30,'20.67','0.00',118,'2007-09-28 05:00:27','3.96',6),(1293,'8.19','25.16','7.14','528.36',32,'5.00','0.00',118,'2007-09-28 05:00:29','6.48',7),(1294,'-11.08','-30.36','7.14','471.24',30,'-6.05','0.00',118,'2007-09-28 05:00:30','6.48',8),(1295,'-82.22','-170.20','7.22','830.30',32,'-17.01','0.00',118,'2007-09-28 05:00:31','8.28',9),(1296,'-24.24','-56.32','21.52','946.88',32,'-5.61','0.00',118,'2007-09-28 05:00:32','19.67',10),(1297,'110.41','126.92','56.82','1079.58',31,'13.32','0.00',118,'2007-09-28 05:00:33','51.21',12),(1298,'-56.77','-88.00','6.42','642.00',30,'-12.05','0.00',118,'2007-09-28 05:00:34','6.76',13),(1299,'47.05','136.95','33.80','1115.40',36,'14.00','0.00',119,'2007-09-29 05:00:26','31.67',1),(1300,'132.61','280.60','3.40','782.00',33,'55.96','0.00',119,'2007-09-29 05:00:28','3.28',2),(1301,'231.48','150.00','5.45','654.00',33,'29.76','0.00',119,'2007-09-29 05:00:29','5.67',3),(1302,'121.43','95.88','4.25','599.25',33,'19.05','0.00',119,'2007-09-29 05:00:30','3.96',5),(1303,'119.64','95.14','4.25','603.50',30,'18.72','0.00',119,'2007-09-29 05:00:31','3.96',6),(1304,'17.35','53.28','7.52','556.48',32,'10.59','0.00',119,'2007-09-29 05:00:32','6.77',7),(1305,'-1.93','-5.28','7.52','496.32',30,'-1.05','0.00',119,'2007-09-29 05:00:33','6.77',8),(1306,'-83.89','-173.65','7.19','826.85',32,'-17.36','0.00',119,'2007-09-29 05:00:34','8.28',9),(1307,'-20.83','-48.40','21.70','954.80',32,'-4.82','0.00',119,'2007-09-29 05:00:35','19.67',10),(1308,'103.31','118.75','56.39','1071.41',31,'12.47','0.00',119,'2007-09-29 05:00:36','51.21',12),(1309,'-67.10','-104.00','6.26','626.00',30,'-14.25','0.00',119,'2007-09-29 05:00:38','6.76',13),(1310,'40.70','118.47','33.24','1096.92',37,'12.11','0.00',120,'2007-10-02 02:34:10','31.67',1),(1311,'122.83','259.90','3.31','761.30',33,'51.83','0.00',120,'2007-10-02 02:34:11','3.28',2),(1312,'231.48','150.00','5.45','654.00',33,'29.76','0.00',120,'2007-10-02 02:34:12','5.67',3),(1313,'117.86','93.06','4.23','596.43',33,'18.49','0.00',120,'2007-10-02 02:34:13','3.96',5),(1314,'116.07','92.30','4.23','600.66',30,'18.16','0.00',120,'2007-10-02 02:34:17','3.96',6),(1315,'27.95','85.84','7.96','589.04',33,'17.06','0.00',120,'2007-10-02 02:34:18','7.16',7),(1316,'8.67','23.76','7.96','525.36',30,'4.74','0.00',120,'2007-10-02 02:34:19','7.16',8),(1317,'-86.11','-178.25','7.15','822.25',33,'-17.82','0.00',120,'2007-10-02 02:34:20','8.28',9),(1318,'-26.52','-61.60','21.40','941.60',32,'-6.14','0.00',120,'2007-10-02 02:34:21','19.67',10),(1319,'106.78','122.74','56.60','1075.40',31,'12.88','0.00',120,'2007-10-02 02:34:22','51.21',12),(1320,'-67.74','-105.00','6.25','625.00',31,'-14.38','0.00',120,'2007-10-02 02:34:23','6.76',13),(1321,'40.70','118.47','33.24','1096.92',37,'12.11','0.00',121,'2007-10-02 14:38:15','31.67',1),(1322,'122.83','259.90','3.31','761.30',33,'51.83','0.00',121,'2007-10-02 14:38:17','3.28',2),(1323,'231.48','150.00','5.45','654.00',33,'29.76','0.00',121,'2007-10-02 14:38:20','5.67',3),(1324,'117.86','93.06','4.23','596.43',33,'18.49','0.00',121,'2007-10-02 14:38:25','3.96',5),(1325,'116.07','92.30','4.23','600.66',31,'18.16','0.00',121,'2007-10-02 14:38:30','3.96',6),(1326,'27.95','85.84','7.96','589.04',33,'17.06','0.00',121,'2007-10-02 14:38:37','7.16',7),(1327,'8.67','23.76','7.96','525.36',30,'4.74','0.00',121,'2007-10-02 14:38:49','7.16',8),(1328,'-86.11','-178.25','7.15','822.25',33,'-17.82','0.00',121,'2007-10-02 14:38:55','8.28',9),(1329,'-26.52','-61.60','21.40','941.60',32,'-6.14','0.00',121,'2007-10-02 14:38:58','19.67',10),(1330,'106.78','122.74','56.60','1075.40',31,'12.88','0.00',121,'2007-10-02 14:38:59','51.21',12),(1331,'-67.74','-105.00','6.25','625.00',31,'-14.38','0.00',121,'2007-10-02 14:39:01','6.76',13),(1332,'38.10','110.88','33.01','1089.33',37,'11.33','0.00',122,'2007-10-03 14:33:24','31.67',1),(1333,'129.35','273.70','3.37','775.10',33,'54.59','0.00',122,'2007-10-03 14:33:25','3.28',2),(1334,'238.89','154.80','5.49','658.80',33,'30.71','0.00',122,'2007-10-03 14:33:28','5.67',3),(1335,'105.36','83.19','4.16','586.56',33,'16.53','0.00',122,'2007-10-03 14:33:29','3.96',5),(1336,'103.57','82.36','4.16','590.72',31,'16.20','0.00',122,'2007-10-03 14:33:31','3.96',6),(1337,'20.48','62.90','7.65','566.10',33,'12.50','0.00',122,'2007-10-03 14:33:33','7.16',7),(1338,'1.20','3.30','7.65','504.90',31,'0.66','0.00',122,'2007-10-03 14:33:34','7.16',8),(1339,'-77.22','-159.85','7.31','840.65',33,'-15.98','0.00',122,'2007-10-03 14:33:35','8.28',9),(1340,'-25.57','-59.40','21.45','943.80',32,'-5.92','0.00',122,'2007-10-03 14:33:37','19.67',10),(1341,'123.31','141.74','57.60','1094.40',32,'14.88','0.00',122,'2007-10-03 14:33:39','51.84',12),(1342,'-64.52','-100.00','6.30','630.00',31,'-13.70','0.00',122,'2007-10-03 14:33:41','6.76',13),(1343,'43.42','126.39','33.48','1104.84',37,'12.92','0.00',123,'2007-10-04 05:00:20','31.67',1),(1344,'125.00','264.50','3.33','765.90',33,'52.75','0.00',123,'2007-10-04 05:00:21','3.28',2),(1345,'212.96','138.00','5.35','642.00',33,'27.38','0.00',123,'2007-10-04 05:00:22','5.67',3),(1346,'94.64','74.73','4.10','578.10',33,'14.85','0.00',123,'2007-10-04 05:00:23','3.96',5),(1347,'92.86','73.84','4.10','582.20',31,'14.53','0.00',123,'2007-10-04 05:00:24','3.96',6),(1348,'14.22','43.66','7.39','546.86',33,'8.68','0.00',123,'2007-10-04 05:00:25','7.16',7),(1349,'-5.06','-13.86','7.39','487.74',31,'-2.76','0.00',123,'2007-10-04 05:00:27','7.16',8),(1350,'-78.89','-163.30','7.28','837.20',33,'-16.32','0.00',123,'2007-10-04 05:00:28','8.28',9),(1351,'-23.67','-55.00','21.55','948.20',32,'-5.48','0.00',123,'2007-10-04 05:00:29','19.67',10),(1352,'129.09','148.39','57.95','1101.05',32,'15.58','0.00',123,'2007-10-04 05:00:30','52.16',12),(1353,'-52.90','-82.00','6.48','648.00',31,'-11.23','0.00',123,'2007-10-04 05:00:31','6.76',13),(1354,'40.93','119.13','33.26','1097.58',37,'12.18','0.00',124,'2007-10-05 05:00:20','31.67',1),(1355,'122.83','259.90','3.31','761.30',34,'51.83','0.00',124,'2007-10-05 05:00:21','3.28',2),(1356,'203.70','132.00','5.30','636.00',34,'26.19','0.00',124,'2007-10-05 05:00:23','5.67',3),(1357,'87.50','69.09','4.06','572.46',34,'13.73','0.00',124,'2007-10-05 05:00:24','3.96',5),(1358,'85.71','68.16','4.06','576.52',31,'13.41','0.00',124,'2007-10-05 05:00:25','3.96',6),(1359,'1.93','5.92','6.88','509.12',33,'1.18','0.00',124,'2007-10-05 05:00:26','7.16',7),(1360,'-17.35','-47.52','6.88','454.08',31,'-9.47','0.00',124,'2007-10-05 05:00:27','7.16',8),(1361,'-82.22','-170.20','7.22','830.30',33,'-17.01','0.00',124,'2007-10-05 05:00:28','8.28',9),(1362,'-29.92','-69.52','21.22','933.68',33,'-6.93','0.00',124,'2007-10-05 05:00:29','19.67',10),(1363,'116.69','134.14','57.20','1086.80',32,'14.08','0.00',124,'2007-10-05 05:00:30','52.16',12),(1364,'-40.65','-63.00','6.67','667.00',31,'-8.63','0.00',124,'2007-10-05 05:00:31','6.76',13),(1365,'44.10','128.37','33.54','1106.82',37,'13.12','0.00',125,'2007-10-06 05:00:28','31.67',1),(1366,'125.00','264.50','3.33','765.90',34,'52.75','0.00',125,'2007-10-06 05:00:30','3.28',2),(1367,'237.04','153.60','5.48','657.60',34,'30.48','0.00',125,'2007-10-06 05:00:31','5.67',3),(1368,'107.14','84.60','4.17','587.97',34,'16.81','0.00',125,'2007-10-06 05:00:32','3.96',5),(1369,'105.36','83.78','4.17','592.14',31,'16.48','0.00',125,'2007-10-06 05:00:33','3.96',6),(1370,'7.23','22.20','7.10','525.40',33,'4.41','0.00',125,'2007-10-06 05:00:34','7.16',7),(1371,'-12.05','-33.00','7.10','468.60',31,'-6.58','0.00',125,'2007-10-06 05:00:35','7.16',8),(1372,'-78.89','-163.30','7.28','837.20',33,'-16.32','0.00',125,'2007-10-06 05:00:36','8.28',9),(1373,'-34.85','-80.96','20.96','922.24',33,'-8.07','0.00',125,'2007-10-06 05:00:37','19.67',10),(1374,'114.38','131.48','57.06','1084.14',32,'13.80','0.00',125,'2007-10-06 05:00:38','52.16',12),(1375,'-48.39','-75.00','6.55','655.00',31,'-10.27','0.00',125,'2007-10-06 05:00:39','6.76',13),(1376,'44.10','128.37','33.54','1106.82',37,'13.12','0.00',126,'2007-10-07 19:49:28','31.67',1),(1377,'125.00','264.50','3.33','765.90',34,'52.75','0.00',126,'2007-10-07 19:49:30','3.28',2),(1378,'237.04','153.60','5.48','657.60',34,'30.48','0.00',126,'2007-10-07 19:49:31','5.67',3),(1379,'107.14','84.60','4.17','587.97',34,'16.81','0.00',126,'2007-10-07 19:49:32','3.96',5),(1380,'105.36','83.78','4.17','592.14',31,'16.48','0.00',126,'2007-10-07 19:49:33','3.96',6),(1381,'7.23','22.20','7.10','525.40',34,'4.41','0.00',126,'2007-10-07 19:49:35','7.16',7),(1382,'-12.05','-33.00','7.10','468.60',31,'-6.58','0.00',126,'2007-10-07 19:49:36','7.16',8),(1383,'-78.89','-163.30','7.28','837.20',34,'-16.32','0.00',126,'2007-10-07 19:49:37','8.28',9),(1384,'-34.85','-80.96','20.96','922.24',33,'-8.07','0.00',126,'2007-10-07 19:49:38','19.67',10),(1385,'114.38','131.48','57.06','1084.14',32,'13.80','0.00',126,'2007-10-07 19:49:39','52.16',12),(1386,'-48.39','-75.00','6.55','655.00',32,'-10.27','0.00',126,'2007-10-07 19:49:40','6.76',13),(1387,'44.10','128.37','33.54','1106.82',37,'13.12','0.00',127,'2007-10-08 05:00:28','31.67',1),(1388,'125.00','264.50','3.33','765.90',34,'52.75','0.00',127,'2007-10-08 05:00:29','3.28',2),(1389,'237.04','153.60','5.48','657.60',34,'30.48','0.00',127,'2007-10-08 05:00:31','5.67',3),(1390,'107.14','84.60','4.17','587.97',34,'16.81','0.00',127,'2007-10-08 05:00:32','3.96',5),(1391,'105.36','83.78','4.17','592.14',31,'16.48','0.00',127,'2007-10-08 05:00:33','3.96',6),(1392,'7.23','22.20','7.10','525.40',34,'4.41','0.00',127,'2007-10-08 05:00:34','7.16',7),(1393,'-12.05','-33.00','7.10','468.60',31,'-6.58','0.00',127,'2007-10-08 05:00:36','7.16',8),(1394,'-78.89','-163.30','7.28','837.20',34,'-16.32','0.00',127,'2007-10-08 05:00:37','8.28',9),(1395,'-34.85','-80.96','20.96','922.24',33,'-8.07','0.00',127,'2007-10-08 05:00:38','19.67',10),(1396,'114.38','131.48','57.06','1084.14',32,'13.80','0.00',127,'2007-10-08 05:00:39','52.16',12),(1397,'-48.39','-75.00','6.55','655.00',32,'-10.27','0.00',127,'2007-10-08 05:00:40','6.76',13),(1398,'43.31','126.06','33.47','1104.51',38,'12.88','0.00',128,'2007-10-09 05:00:18','31.67',1),(1399,'122.83','259.90','3.31','761.30',34,'51.83','0.00',128,'2007-10-09 05:00:19','3.28',2),(1400,'240.74','156.00','5.50','660.00',34,'30.95','0.00',128,'2007-10-09 05:00:20','5.67',3),(1401,'130.36','102.93','4.30','606.30',34,'20.45','0.00',128,'2007-10-09 05:00:21','3.96',5),(1402,'128.57','102.24','4.30','610.60',31,'20.11','0.00',128,'2007-10-09 05:00:23','3.96',6),(1403,'12.53','38.48','7.32','541.68',34,'7.65','0.00',128,'2007-10-09 05:00:24','7.16',7),(1404,'-6.75','-18.48','7.32','483.12',31,'-3.68','0.00',128,'2007-10-09 05:00:26','7.16',8),(1405,'-77.22','-159.85','7.31','840.65',34,'-15.98','0.00',128,'2007-10-09 05:00:27','8.28',9),(1406,'-35.61','-82.72','20.92','920.48',33,'-8.25','0.00',128,'2007-10-09 05:00:28','19.67',10),(1407,'119.17','136.99','57.35','1089.65',32,'14.38','0.00',128,'2007-10-09 05:00:29','52.16',12),(1408,'-48.39','-75.00','6.55','655.00',32,'-10.27','0.00',128,'2007-10-09 05:00:30','6.76',13),(1409,'45.92','133.65','33.70','1112.10',38,'13.66','0.00',129,'2007-10-10 05:00:22','31.67',1),(1410,'114.13','241.50','3.23','742.90',34,'48.17','0.00',129,'2007-10-10 05:00:23','3.28',2),(1411,'237.04','153.60','5.48','657.60',34,'30.48','0.00',129,'2007-10-10 05:00:25','5.67',3),(1412,'119.64','94.47','4.24','597.84',34,'18.77','0.00',129,'2007-10-10 05:00:26','3.96',5),(1413,'117.86','93.72','4.24','602.08',32,'18.44','0.00',129,'2007-10-10 05:00:27','3.96',6),(1414,'9.88','30.34','7.21','533.54',34,'6.03','0.00',129,'2007-10-10 05:00:28','7.16',7),(1415,'-9.40','-25.74','7.21','475.86',31,'-5.13','0.00',129,'2007-10-10 05:00:29','7.16',8),(1416,'-76.11','-157.55','7.33','842.95',34,'-15.75','0.00',129,'2007-10-10 05:00:31','8.28',9),(1417,'-27.27','-63.36','21.36','939.84',33,'-6.32','0.00',129,'2007-10-10 05:00:32','19.67',10),(1418,'127.93','147.06','57.88','1099.72',32,'15.44','0.00',129,'2007-10-10 05:00:33','52.16',12),(1419,'-57.42','-89.00','6.41','641.00',32,'-12.19','0.00',129,'2007-10-10 05:00:34','6.76',13),(1420,'41.61','121.11','33.32','1099.56',38,'12.38','0.00',130,'2007-10-11 14:27:50','31.67',1),(1421,'120.65','255.30','3.29','756.70',35,'50.92','0.00',130,'2007-10-11 14:27:51','3.28',2),(1422,'231.48','150.00','5.45','654.00',35,'29.76','0.00',130,'2007-10-11 14:27:53','5.67',3),(1423,'133.93','105.75','4.32','609.12',35,'21.01','0.00',130,'2007-10-11 14:27:54','3.96',5),(1424,'132.14','105.08','4.32','613.44',32,'20.67','0.00',130,'2007-10-11 14:27:55','3.96',6),(1425,'6.27','19.24','7.06','522.44',34,'3.82','0.00',130,'2007-10-11 14:27:56','7.16',7),(1426,'-13.01','-35.64','7.06','465.96',32,'-7.11','0.00',130,'2007-10-11 14:27:57','7.16',8),(1427,'-68.89','-142.60','7.46','857.90',34,'-14.25','0.00',130,'2007-10-11 14:27:58','8.28',9),(1428,'-21.59','-50.16','21.66','953.04',34,'-5.00','0.00',130,'2007-10-11 14:27:59','19.67',10),(1429,'143.14','164.54','58.80','1117.20',33,'17.27','0.00',130,'2007-10-11 14:28:01','52.92',12),(1430,'-51.61','-80.00','6.50','650.00',32,'-10.96','0.00',130,'2007-10-11 14:28:02','6.76',13),(1431,'47.05','136.95','33.80','1115.40',38,'14.00','0.00',131,'2007-10-12 14:42:39','31.67',1),(1432,'115.22','243.80','3.24','745.20',35,'48.62','0.00',131,'2007-10-12 14:42:40','3.28',2),(1433,'200.00','129.60','5.28','633.60',35,'25.71','0.00',131,'2007-10-12 14:42:41','5.67',3),(1434,'142.86','112.80','4.37','616.17',35,'22.41','0.00',131,'2007-10-12 14:42:42','3.96',5),(1435,'141.07','112.18','4.37','620.54',32,'22.07','0.00',131,'2007-10-12 14:42:43','3.96',6),(1436,'10.60','32.56','7.24','535.76',34,'6.47','0.00',131,'2007-10-12 14:42:45','7.16',7),(1437,'-8.67','-23.76','7.24','477.84',32,'-4.74','0.00',131,'2007-10-12 14:42:46','7.16',8),(1438,'-72.78','-150.65','7.39','849.85',34,'-15.06','0.00',131,'2007-10-12 14:42:47','8.28',9),(1439,'-15.15','-35.20','22.00','968.00',34,'-3.51','0.00',131,'2007-10-12 14:42:48','19.80',10),(1440,'157.19','180.69','59.65','1133.35',33,'18.97','0.00',131,'2007-10-12 14:42:49','53.69',12),(1441,'-49.68','-77.00','6.53','653.00',32,'-10.55','0.00',131,'2007-10-12 14:42:50','6.76',13),(1442,'45.69','132.99','33.68','1111.44',38,'13.59','0.00',132,'2007-10-13 05:00:23','31.67',1),(1443,'122.83','259.90','3.31','761.30',35,'51.83','0.00',132,'2007-10-13 05:00:24','3.28',2),(1444,'214.81','139.20','5.36','643.20',35,'27.62','0.00',132,'2007-10-13 05:00:25','5.67',3),(1445,'139.29','109.98','4.35','613.35',35,'21.85','0.00',132,'2007-10-13 05:00:26','3.96',5),(1446,'137.50','109.34','4.35','617.70',32,'21.51','0.00',132,'2007-10-13 05:00:27','3.96',6),(1447,'11.81','36.26','7.29','539.46',34,'7.21','0.00',132,'2007-10-13 05:00:29','7.16',7),(1448,'-7.47','-20.46','7.29','481.14',32,'-4.08','0.00',132,'2007-10-13 05:00:30','7.16',8),(1449,'-73.33','-151.80','7.38','848.70',34,'-15.17','0.00',132,'2007-10-13 05:00:31','8.28',9),(1450,'-14.20','-33.00','22.05','970.20',34,'-3.29','0.00',132,'2007-10-13 05:00:32','19.85',10),(1451,'159.50','183.35','59.79','1136.01',33,'19.25','0.00',132,'2007-10-13 05:00:33','53.81',12),(1452,'-42.58','-66.00','6.64','664.00',32,'-9.04','0.00',132,'2007-10-13 05:00:34','6.76',13),(1453,'45.69','132.99','33.68','1111.44',38,'13.59','0.00',133,'2007-10-14 05:00:23','31.67',1),(1454,'122.83','259.90','3.31','761.30',35,'51.83','0.00',133,'2007-10-14 05:00:24','3.28',2),(1455,'214.81','139.20','5.36','643.20',35,'27.62','0.00',133,'2007-10-14 05:00:25','5.67',3),(1456,'139.29','109.98','4.35','613.35',35,'21.85','0.00',133,'2007-10-14 05:00:26','3.96',5),(1457,'137.50','109.34','4.35','617.70',32,'21.51','0.00',133,'2007-10-14 05:00:27','3.96',6),(1458,'11.81','36.26','7.29','539.46',34,'7.21','0.00',133,'2007-10-14 05:00:28','7.16',7),(1459,'-7.47','-20.46','7.29','481.14',32,'-4.08','0.00',133,'2007-10-14 05:00:29','7.16',8),(1460,'-73.33','-151.80','7.38','848.70',34,'-15.17','0.00',133,'2007-10-14 05:00:30','8.28',9),(1461,'-14.20','-33.00','22.05','970.20',34,'-3.29','0.00',133,'2007-10-14 05:00:31','19.85',10),(1462,'159.50','183.35','59.79','1136.01',33,'19.25','0.00',133,'2007-10-14 05:00:32','53.81',12),(1463,'-42.58','-66.00','6.64','664.00',32,'-9.04','0.00',133,'2007-10-14 05:00:33','6.76',13),(1464,'45.69','132.99','33.68','1111.44',39,'13.59','0.00',134,'2007-10-15 15:15:11','31.67',1),(1465,'122.83','259.90','3.31','761.30',35,'51.83','0.00',134,'2007-10-15 15:15:12','3.28',2),(1466,'214.81','139.20','5.36','643.20',35,'27.62','0.00',134,'2007-10-15 15:15:14','5.67',3),(1467,'139.29','109.98','4.35','613.35',35,'21.85','0.00',134,'2007-10-15 15:15:15','3.96',5),(1468,'137.50','109.34','4.35','617.70',32,'21.51','0.00',134,'2007-10-15 15:15:17','3.96',6),(1469,'11.81','36.26','7.29','539.46',35,'7.21','0.00',134,'2007-10-15 15:15:18','7.16',7),(1470,'-7.47','-20.46','7.29','481.14',32,'-4.08','0.00',134,'2007-10-15 15:15:19','7.16',8),(1471,'-73.33','-151.80','7.38','848.70',35,'-15.17','0.00',134,'2007-10-15 15:15:20','8.28',9),(1472,'-14.20','-33.00','22.05','970.20',34,'-3.29','0.00',134,'2007-10-15 15:15:21','19.85',10),(1473,'159.50','183.35','59.79','1136.01',33,'19.25','0.00',134,'2007-10-15 15:15:22','53.81',12),(1474,'-42.58','-66.00','6.64','664.00',33,'-9.04','0.00',134,'2007-10-15 15:15:24','6.76',13),(1475,'43.08','125.40','33.45','1103.85',39,'12.82','0.00',135,'2007-10-16 14:22:56','31.67',1),(1476,'127.17','269.10','3.35','770.50',35,'53.67','0.00',135,'2007-10-16 14:22:58','3.28',2),(1477,'205.56','133.20','5.31','637.20',35,'26.43','0.00',135,'2007-10-16 14:22:59','5.67',3),(1478,'162.50','128.31','4.48','631.68',35,'25.49','0.00',135,'2007-10-16 14:23:01','4.03',5),(1479,'160.71','127.80','4.48','636.16',33,'25.14','0.00',135,'2007-10-16 14:23:02','4.03',6),(1480,'9.64','29.60','7.20','532.80',35,'5.88','0.00',135,'2007-10-16 14:23:03','7.16',7),(1481,'-9.64','-26.40','7.20','475.20',32,'-5.26','0.00',135,'2007-10-16 14:23:04','7.16',8),(1482,'-74.44','-154.10','7.36','846.40',35,'-15.40','0.00',135,'2007-10-16 14:23:05','8.28',9),(1483,'-18.94','-44.00','21.80','959.20',34,'-4.39','0.00',135,'2007-10-16 14:23:06','19.85',10),(1484,'152.73','175.56','59.38','1128.22',33,'18.43','0.00',135,'2007-10-16 14:23:07','53.81',12),(1485,'-38.71','-60.00','6.70','670.00',33,'-8.22','0.00',135,'2007-10-16 14:23:08','6.76',13),(1486,'39.12','113.85','33.10','1092.30',39,'11.64','0.00',136,'2007-10-17 14:34:52','31.67',1),(1487,'132.61','280.60','3.40','782.00',35,'55.96','0.00',136,'2007-10-17 14:34:54','3.28',2),(1488,'222.22','144.00','5.40','648.00',35,'28.57','0.00',136,'2007-10-17 14:34:55','5.67',3),(1489,'157.14','124.08','4.45','627.45',35,'24.65','0.00',136,'2007-10-17 14:34:56','4.03',5),(1490,'155.36','123.54','4.45','631.90',33,'24.30','0.00',136,'2007-10-17 14:34:58','4.03',6),(1491,'13.25','40.70','7.35','543.90',35,'8.09','0.00',136,'2007-10-17 14:34:59','7.16',7),(1492,'-6.02','-16.50','7.35','485.10',33,'-3.29','0.00',136,'2007-10-17 14:35:00','7.16',8),(1493,'-80.00','-165.60','7.26','834.90',35,'-16.55','0.00',136,'2007-10-17 14:35:02','8.28',9),(1494,'-23.86','-55.44','21.54','947.76',34,'-5.53','0.00',136,'2007-10-17 14:35:03','19.85',10),(1495,'144.79','166.44','58.90','1119.10',34,'17.47','0.00',136,'2007-10-17 14:35:04','53.81',12),(1496,'-43.23','-67.00','6.63','663.00',33,'-9.18','0.00',136,'2007-10-17 14:35:05','6.76',13),(1497,'36.51','106.26','32.87','1084.71',39,'10.86','0.00',137,'2007-10-19 05:00:18','31.67',1),(1498,'132.61','280.60','3.40','782.00',36,'55.96','0.00',137,'2007-10-19 05:00:20','3.28',2),(1499,'235.19','152.40','5.47','656.40',36,'30.24','0.00',137,'2007-10-19 05:00:21','5.67',3),(1500,'176.79','139.59','4.56','642.96',36,'27.73','0.00',137,'2007-10-19 05:00:22','4.10',5),(1501,'175.00','139.16','4.56','647.52',33,'27.37','0.00',137,'2007-10-19 05:00:23','4.10',6),(1502,'20.96','64.38','7.67','567.58',35,'12.79','0.00',137,'2007-10-19 05:00:24','7.16',7),(1503,'1.69','4.62','7.67','506.22',33,'0.92','0.00',137,'2007-10-19 05:00:25','7.16',8),(1504,'-78.89','-163.30','7.28','837.20',35,'-16.32','0.00',137,'2007-10-19 05:00:26','8.28',9),(1505,'-20.45','-47.52','21.72','955.68',35,'-4.74','0.00',137,'2007-10-19 05:00:27','19.85',10),(1506,'164.46','189.05','60.09','1141.71',34,'19.84','0.00',137,'2007-10-19 05:00:28','54.08',12),(1507,'-31.61','-49.00','6.81','681.00',33,'-6.71','0.00',137,'2007-10-19 05:00:29','6.76',13),(1508,'31.18','90.75','32.40','1069.20',39,'9.27','0.00',138,'2007-10-20 05:00:20','31.67',1),(1509,'125.00','264.50','3.33','765.90',36,'52.75','0.00',138,'2007-10-20 05:00:22','3.28',2),(1510,'214.81','139.20','5.36','643.20',36,'27.62','0.00',138,'2007-10-20 05:00:23','5.67',3),(1511,'166.07','131.13','4.50','634.50',36,'26.05','0.00',138,'2007-10-20 05:00:24','4.10',5),(1512,'164.29','130.64','4.50','639.00',33,'25.70','0.00',138,'2007-10-20 05:00:25','4.10',6),(1513,'31.57','96.94','8.11','600.14',35,'19.26','0.00',138,'2007-10-20 05:00:26','7.30',7),(1514,'12.29','33.66','8.11','535.26',33,'6.71','0.00',138,'2007-10-20 05:00:28','7.30',8),(1515,'-80.00','-165.60','7.26','834.90',35,'-16.55','0.00',138,'2007-10-20 05:00:29','8.28',9),(1516,'-21.97','-51.04','21.64','952.16',35,'-5.09','0.00',138,'2007-10-20 05:00:30','19.85',10),(1517,'148.76','171.00','59.14','1123.66',34,'17.95','0.00',138,'2007-10-20 05:00:31','54.08',12),(1518,'-32.26','-50.00','6.80','680.00',33,'-6.85','0.00',138,'2007-10-20 05:00:32','6.76',13),(1519,'31.18','90.75','32.40','1069.20',39,'9.27','0.00',139,'2007-10-21 05:00:20','31.67',1),(1520,'125.00','264.50','3.33','765.90',36,'52.75','0.00',139,'2007-10-21 05:00:22','3.28',2),(1521,'214.81','139.20','5.36','643.20',36,'27.62','0.00',139,'2007-10-21 05:00:23','5.67',3),(1522,'166.07','131.13','4.50','634.50',36,'26.05','0.00',139,'2007-10-21 05:00:24','4.10',5),(1523,'164.29','130.64','4.50','639.00',33,'25.70','0.00',139,'2007-10-21 05:00:26','4.10',6),(1524,'31.57','96.94','8.11','600.14',35,'19.26','0.00',139,'2007-10-21 05:00:27','7.30',7),(1525,'12.29','33.66','8.11','535.26',33,'6.71','0.00',139,'2007-10-21 05:00:28','7.30',8),(1526,'-80.00','-165.60','7.26','834.90',35,'-16.55','0.00',139,'2007-10-21 05:00:30','8.28',9),(1527,'-21.97','-51.04','21.64','952.16',35,'-5.09','0.00',139,'2007-10-21 05:00:31','19.85',10),(1528,'148.76','171.00','59.14','1123.66',34,'17.95','0.00',139,'2007-10-21 05:00:33','54.08',12),(1529,'-32.26','-50.00','6.80','680.00',33,'-6.85','0.00',139,'2007-10-21 05:00:34','6.76',13),(1530,'25.85','75.24','31.93','1053.69',40,'7.69','0.00',140,'2007-10-23 01:43:07','31.67',1),(1531,'121.74','257.60','3.30','759.00',36,'51.38','0.00',140,'2007-10-23 01:43:09','3.28',2),(1532,'188.89','122.40','5.22','626.40',36,'24.29','0.00',140,'2007-10-23 01:43:10','5.67',3),(1533,'117.86','93.06','4.23','596.43',36,'18.49','0.00',140,'2007-10-23 01:43:11','4.10',5),(1534,'116.07','92.30','4.23','600.66',33,'18.16','0.00',140,'2007-10-23 01:43:13','4.10',6),(1535,'26.51','81.40','7.90','584.60',36,'16.18','0.00',140,'2007-10-23 01:43:15','7.30',7),(1536,'7.23','19.80','7.90','521.40',33,'3.95','0.00',140,'2007-10-23 01:43:16','7.30',8),(1537,'-88.89','-184.00','7.10','816.50',36,'-18.39','0.00',140,'2007-10-23 01:43:17','8.28',9),(1538,'-29.55','-68.64','21.24','934.56',35,'-6.84','0.00',140,'2007-10-23 01:43:19','19.85',10),(1539,'139.34','160.17','58.57','1112.83',34,'16.81','0.00',140,'2007-10-23 01:43:20','54.08',12),(1540,'-38.71','-60.00','6.70','670.00',34,'-8.22','0.00',140,'2007-10-23 01:43:21','6.76',13),(1541,'25.85','75.24','31.93','1053.69',40,'7.69','0.00',141,'2007-10-23 05:00:25','31.67',1),(1542,'121.74','257.60','3.30','759.00',36,'51.38','0.00',141,'2007-10-23 05:00:27','3.28',2),(1543,'188.89','122.40','5.22','626.40',36,'24.29','0.00',141,'2007-10-23 05:00:28','5.67',3),(1544,'117.86','93.06','4.23','596.43',36,'18.49','0.00',141,'2007-10-23 05:00:29','4.10',5),(1545,'116.07','92.30','4.23','600.66',33,'18.16','0.00',141,'2007-10-23 05:00:31','4.10',6),(1546,'26.51','81.40','7.90','584.60',36,'16.18','0.00',141,'2007-10-23 05:00:32','7.30',7),(1547,'7.23','19.80','7.90','521.40',33,'3.95','0.00',141,'2007-10-23 05:00:33','7.30',8),(1548,'-88.89','-184.00','7.10','816.50',36,'-18.39','0.00',141,'2007-10-23 05:00:34','8.28',9),(1549,'-29.55','-68.64','21.24','934.56',35,'-6.84','0.00',141,'2007-10-23 05:00:36','19.85',10),(1550,'139.34','160.17','58.57','1112.83',34,'16.81','0.00',141,'2007-10-23 05:00:37','54.08',12),(1551,'-38.71','-60.00','6.70','670.00',34,'-8.22','0.00',141,'2007-10-23 05:00:38','6.76',13),(1552,'29.82','86.79','32.28','1065.24',40,'8.87','0.00',142,'2007-10-24 14:49:22','31.67',1),(1553,'122.83','259.90','3.31','761.30',36,'51.83','0.00',142,'2007-10-24 14:49:24','3.28',2),(1554,'207.41','134.40','5.32','638.40',36,'26.67','0.00',142,'2007-10-24 14:49:27','5.67',3),(1555,'144.64','114.21','4.38','617.58',36,'22.69','0.00',142,'2007-10-24 14:49:30','4.10',5),(1556,'142.86','113.60','4.38','621.96',34,'22.35','0.00',142,'2007-10-24 14:49:31','4.10',6),(1557,'21.45','65.86','7.69','569.06',36,'13.09','0.00',142,'2007-10-24 14:49:33','7.30',7),(1558,'2.17','5.94','7.69','507.54',34,'1.18','0.00',142,'2007-10-24 14:49:34','7.30',8),(1559,'-88.33','-182.85','7.11','817.65',36,'-18.28','0.00',142,'2007-10-24 14:49:35','8.28',9),(1560,'-24.43','-56.76','21.51','946.44',35,'-5.66','0.00',142,'2007-10-24 14:49:37','19.85',10),(1561,'146.61','168.53','59.01','1121.19',35,'17.69','0.00',142,'2007-10-24 14:49:38','54.08',12),(1562,'-35.48','-55.00','6.75','675.00',34,'-7.53','0.00',142,'2007-10-24 14:49:39','6.76',13),(1563,'22.11','64.35','31.60','1042.80',40,'6.58','0.00',143,'2007-10-25 05:00:29','31.67',1),(1564,'127.17','269.10','3.35','770.50',36,'53.67','0.00',143,'2007-10-25 05:00:31','3.28',2),(1565,'212.96','138.00','5.35','642.00',36,'27.38','0.00',143,'2007-10-25 05:00:32','5.67',3),(1566,'130.36','102.93','4.30','606.30',36,'20.45','0.00',143,'2007-10-25 05:00:33','4.10',5),(1567,'128.57','102.24','4.30','610.60',34,'20.11','0.00',143,'2007-10-25 05:00:34','4.10',6),(1568,'18.80','57.72','7.58','560.92',36,'11.47','0.00',143,'2007-10-25 05:00:36','7.30',7),(1569,'-0.48','-1.32','7.58','500.28',34,'-0.26','0.00',143,'2007-10-25 05:00:37','7.30',8),(1570,'-92.22','-190.90','7.04','809.60',36,'-19.08','0.00',143,'2007-10-25 05:00:38','8.28',9),(1571,'-18.75','-43.56','21.81','959.64',35,'-4.34','0.00',143,'2007-10-25 05:00:41','19.85',10),(1572,'140.66','161.69','58.65','1114.35',35,'16.97','0.00',143,'2007-10-25 05:00:42','54.08',12),(1573,'-36.77','-57.00','6.73','673.00',34,'-7.81','0.00',143,'2007-10-25 05:00:43','6.76',13),(1574,'22.68','66.00','31.65','1044.45',40,'6.75','0.00',144,'2007-10-26 14:35:08','31.67',1),(1575,'128.26','271.40','3.36','772.80',37,'54.13','0.00',144,'2007-10-26 14:35:09','3.28',2),(1576,'205.56','133.20','5.31','637.20',37,'26.43','0.00',144,'2007-10-26 14:35:10','5.67',3),(1577,'155.36','122.67','4.44','626.04',37,'24.37','0.00',144,'2007-10-26 14:35:11','4.10',5),(1578,'153.57','122.12','4.44','630.48',34,'24.02','0.00',144,'2007-10-26 14:35:13','4.10',6),(1579,'12.53','38.48','7.32','541.68',36,'7.65','0.00',144,'2007-10-26 14:35:14','7.30',7),(1580,'-6.75','-18.48','7.32','483.12',34,'-3.68','0.00',144,'2007-10-26 14:35:15','7.30',8),(1581,'-100.00','-207.00','6.90','793.50',36,'-20.69','0.00',144,'2007-10-26 14:35:16','8.28',9),(1582,'-13.26','-30.80','22.10','972.40',36,'-3.07','0.00',144,'2007-10-26 14:35:18','19.89',10),(1583,'154.71','177.84','59.50','1130.50',35,'18.67','0.00',144,'2007-10-26 14:35:20','54.08',12),(1584,'-39.35','-61.00','6.69','669.00',34,'-8.36','0.00',144,'2007-10-26 14:35:21','6.76',13),(1585,'27.32','79.53','32.06','1057.98',40,'8.13','0.00',145,'2007-10-27 05:00:21','31.67',1),(1586,'128.26','271.40','3.36','772.80',37,'54.13','0.00',145,'2007-10-27 05:00:23','3.28',2),(1587,'220.37','142.80','5.39','646.80',37,'28.33','0.00',145,'2007-10-27 05:00:24','5.67',3),(1588,'148.21','117.03','4.40','620.40',37,'23.25','0.00',145,'2007-10-27 05:00:25','4.10',5),(1589,'146.43','116.44','4.40','624.80',34,'22.91','0.00',145,'2007-10-27 05:00:26','4.10',6),(1590,'19.04','58.46','7.59','561.66',36,'11.62','0.00',145,'2007-10-27 05:00:27','7.30',7),(1591,'-0.24','-0.66','7.59','500.94',34,'-0.13','0.00',145,'2007-10-27 05:00:29','7.30',8),(1592,'-104.44','-216.20','6.82','784.30',36,'-21.61','0.00',145,'2007-10-27 05:00:30','8.28',9),(1593,'-15.15','-35.20','22.00','968.00',36,'-3.51','0.00',145,'2007-10-27 05:00:31','19.89',10),(1594,'165.12','189.81','60.13','1142.47',35,'19.92','0.00',145,'2007-10-27 05:00:32','54.12',12),(1595,'-38.71','-60.00','6.70','670.00',34,'-8.22','0.00',145,'2007-10-27 05:00:34','6.76',13),(1596,'27.32','79.53','32.06','1057.98',40,'8.13','0.00',146,'2007-10-28 05:00:22','31.67',1),(1597,'128.26','271.40','3.36','772.80',37,'54.13','0.00',146,'2007-10-28 05:00:26','3.28',2),(1598,'220.37','142.80','5.39','646.80',37,'28.33','0.00',146,'2007-10-28 05:00:27','5.67',3),(1599,'148.21','117.03','4.40','620.40',37,'23.25','0.00',146,'2007-10-28 05:00:34','4.10',5),(1600,'146.43','116.44','4.40','624.80',34,'22.91','0.00',146,'2007-10-28 05:00:36','4.10',6),(1601,'19.04','58.46','7.59','561.66',36,'11.62','0.00',146,'2007-10-28 05:00:37','7.30',7),(1602,'-0.24','-0.66','7.59','500.94',34,'-0.13','0.00',146,'2007-10-28 05:00:42','7.30',8),(1603,'-104.44','-216.20','6.82','784.30',36,'-21.61','0.00',146,'2007-10-28 05:00:46','8.28',9),(1604,'-15.15','-35.20','22.00','968.00',36,'-3.51','0.00',146,'2007-10-28 05:00:47','19.89',10),(1605,'165.12','189.81','60.13','1142.47',35,'19.92','0.00',146,'2007-10-28 05:00:51','54.12',12),(1606,'-38.71','-60.00','6.70','670.00',34,'-8.22','0.00',146,'2007-10-28 05:00:52','6.76',13),(1607,'27.32','79.53','32.06','1057.98',40,'8.13','0.00',147,'2007-10-29 05:11:43','31.67',1),(1608,'128.26','271.40','3.36','772.80',37,'54.13','0.00',147,'2007-10-29 05:11:44','3.28',2),(1609,'220.37','142.80','5.39','646.80',37,'28.33','0.00',147,'2007-10-29 05:11:45','5.67',3),(1610,'148.21','117.03','4.40','620.40',37,'23.25','0.00',147,'2007-10-29 05:11:46','4.10',5),(1611,'146.43','116.44','4.40','624.80',34,'22.91','0.00',147,'2007-10-29 05:11:46','4.10',6),(1612,'19.04','58.46','7.59','561.66',37,'11.62','0.00',147,'2007-10-29 05:11:47','7.30',7),(1613,'-0.24','-0.66','7.59','500.94',34,'-0.13','0.00',147,'2007-10-29 05:11:48','7.30',8),(1614,'-104.44','-216.20','6.82','784.30',37,'-21.61','0.00',147,'2007-10-29 05:11:49','8.28',9),(1615,'-15.15','-35.20','22.00','968.00',36,'-3.51','0.00',147,'2007-10-29 05:11:50','19.89',10),(1616,'165.12','189.81','60.13','1142.47',35,'19.92','0.00',147,'2007-10-29 05:11:51','54.12',12),(1617,'-38.71','-60.00','6.70','670.00',35,'-8.22','0.00',147,'2007-10-29 05:11:52','6.76',13),(1618,'28.91','84.15','32.20','1062.60',41,'8.60','0.00',148,'2007-10-30 05:00:19','31.67',1),(1619,'133.70','282.90','3.41','784.30',37,'56.42','0.00',148,'2007-10-30 05:00:20','3.28',2),(1620,'225.93','146.40','5.42','650.40',37,'29.05','0.00',148,'2007-10-30 05:00:21','5.67',3),(1621,'155.36','122.67','4.44','626.04',37,'24.37','0.00',148,'2007-10-30 05:00:22','4.10',5),(1622,'153.57','122.12','4.44','630.48',34,'24.02','0.00',148,'2007-10-30 05:00:24','4.10',6),(1623,'24.34','74.74','7.81','577.94',37,'14.85','0.00',148,'2007-10-30 05:00:25','7.30',7),(1624,'5.06','13.86','7.81','515.46',34,'2.76','0.00',148,'2007-10-30 05:00:26','7.30',8),(1625,'-107.22','-221.95','6.77','778.55',37,'-22.18','0.00',148,'2007-10-30 05:00:27','8.28',9),(1626,'-16.48','-38.28','21.93','964.92',36,'-3.82','0.00',148,'2007-10-30 05:00:28','19.89',10),(1627,'182.81','210.14','61.20','1162.80',35,'22.06','0.00',148,'2007-10-30 05:00:29','55.08',12),(1628,'-43.23','-67.00','6.63','663.00',35,'-9.18','0.00',148,'2007-10-30 05:00:30','6.76',13),(1629,'30.84','89.76','32.37','1068.21',41,'9.17','0.00',149,'2007-10-31 15:17:25','31.67',1),(1630,'151.09','319.70','3.57','821.10',37,'63.76','0.00',149,'2007-10-31 15:17:27','3.28',2),(1631,'229.63','148.80','5.44','652.80',37,'29.52','0.00',149,'2007-10-31 15:17:28','5.67',3),(1632,'139.29','109.98','4.35','613.35',37,'21.85','0.00',149,'2007-10-31 15:17:29','4.10',5),(1633,'137.50','109.34','4.35','617.70',35,'21.51','0.00',149,'2007-10-31 15:17:30','4.10',6),(1634,'21.69','66.60','7.70','569.80',37,'13.24','0.00',149,'2007-10-31 15:17:31','7.30',7),(1635,'2.41','6.60','7.70','508.20',35,'1.32','0.00',149,'2007-10-31 15:17:32','7.30',8),(1636,'-100.56','-208.15','6.89','792.35',37,'-20.80','0.00',149,'2007-10-31 15:17:33','8.28',9),(1637,'-18.18','-42.24','21.84','960.96',36,'-4.21','0.00',149,'2007-10-31 15:17:34','19.89',10),(1638,'186.94','214.89','61.45','1167.55',36,'22.56','0.00',149,'2007-10-31 15:17:35','55.31',12),(1639,'-45.16','-70.00','6.60','660.00',35,'-9.59','0.00',149,'2007-10-31 15:17:36','6.76',13),(1640,'32.31','94.05','32.50','1072.50',41,'9.61','0.00',150,'2007-11-01 05:00:37','31.67',1),(1641,'175.00','370.30','3.79','871.70',37,'73.85','0.00',150,'2007-11-01 05:00:40','3.41',2),(1642,'227.78','147.60','5.43','651.60',37,'29.29','0.00',150,'2007-11-01 05:00:44','5.67',3),(1643,'121.43','95.88','4.25','599.25',37,'19.05','0.00',150,'2007-11-01 05:00:59','4.10',5),(1644,'119.64','95.14','4.25','603.50',35,'18.72','0.00',150,'2007-11-01 05:01:17','4.10',6),(1645,'18.07','55.50','7.55','558.70',37,'11.03','0.00',150,'2007-11-01 05:01:29','7.30',7),(1646,'-1.20','-3.30','7.55','498.30',35,'-0.66','0.00',150,'2007-11-01 05:01:38','7.30',8),(1647,'-107.22','-221.95','6.77','778.55',37,'-22.18','0.00',150,'2007-11-01 05:01:55','8.28',9),(1648,'-18.94','-44.00','21.80','959.20',36,'-4.39','0.00',150,'2007-11-01 05:02:03','19.89',10),(1649,'187.77','215.84','61.50','1168.50',36,'22.66','0.00',150,'2007-11-01 05:02:16','55.35',12),(1650,'-43.23','-67.00','6.63','663.00',35,'-9.18','0.00',150,'2007-11-01 05:02:34','6.76',13),(1651,'34.81','101.31','32.72','1079.76',41,'10.35','0.00',151,'2007-11-02 05:00:22','31.67',1),(1652,'176.09','372.60','3.80','874.00',38,'74.31','0.00',151,'2007-11-02 05:00:23','3.42',2),(1653,'244.44','158.40','5.52','662.40',38,'31.43','0.00',151,'2007-11-02 05:00:24','5.67',3),(1654,'166.07','131.13','4.50','634.50',38,'26.05','0.00',151,'2007-11-02 05:00:25','4.10',5),(1655,'164.29','130.64','4.50','639.00',35,'25.70','0.00',151,'2007-11-02 05:00:26','4.10',6),(1656,'20.96','64.38','7.67','567.58',37,'12.79','0.00',151,'2007-11-02 05:00:27','7.30',7),(1657,'1.69','4.62','7.67','506.22',35,'0.92','0.00',151,'2007-11-02 05:00:28','7.30',8),(1658,'-104.44','-216.20','6.82','784.30',37,'-21.61','0.00',151,'2007-11-02 05:00:28','8.28',9),(1659,'-14.20','-33.00','22.05','970.20',37,'-3.29','0.00',151,'2007-11-02 05:00:29','19.89',10),(1660,'190.25','218.69','61.65','1171.35',36,'22.96','0.00',151,'2007-11-02 05:00:30','55.49',12),(1661,'-42.58','-66.00','6.64','664.00',35,'-9.04','0.00',151,'2007-11-02 05:00:31','6.76',13),(1662,'27.32','79.53','32.06','1057.98',41,'8.13','0.00',152,'2007-11-03 05:00:19','31.67',1),(1663,'177.17','374.90','3.81','876.30',38,'74.77','0.00',152,'2007-11-03 05:00:20','3.43',2),(1664,'231.48','150.00','5.45','654.00',38,'29.76','0.00',152,'2007-11-03 05:00:22','5.67',3),(1665,'144.64','114.21','4.38','617.58',38,'22.69','0.00',152,'2007-11-03 05:00:23','4.10',5),(1666,'142.86','113.60','4.38','621.96',35,'22.35','0.00',152,'2007-11-03 05:00:24','4.10',6),(1667,'16.63','51.06','7.49','554.26',37,'10.15','0.00',152,'2007-11-03 05:00:25','7.30',7),(1668,'-2.65','-7.26','7.49','494.34',35,'-1.45','0.00',152,'2007-11-03 05:00:26','7.30',8),(1669,'-105.56','-218.50','6.80','782.00',37,'-21.84','0.00',152,'2007-11-03 05:00:28','8.28',9),(1670,'-23.48','-54.56','21.56','948.64',37,'-5.44','0.00',152,'2007-11-03 05:00:29','19.89',10),(1671,'182.81','210.14','61.20','1162.80',36,'22.06','0.00',152,'2007-11-03 05:00:30','55.49',12),(1672,'-97.42','-151.00','5.79','579.00',35,'-20.68','0.00',152,'2007-11-03 05:00:31','6.76',13),(1673,'27.32','79.53','32.06','1057.98',41,'8.13','0.00',153,'2007-11-04 15:58:11','31.67',1),(1674,'177.17','374.90','3.81','876.30',38,'74.77','0.00',153,'2007-11-04 15:58:12','3.43',2),(1675,'231.48','150.00','5.45','654.00',38,'29.76','0.00',153,'2007-11-04 15:58:14','5.67',3),(1676,'144.64','114.21','4.38','617.58',38,'22.69','0.00',153,'2007-11-04 15:58:15','4.10',5),(1677,'142.86','113.60','4.38','621.96',35,'22.35','0.00',153,'2007-11-04 15:58:17','4.10',6),(1678,'16.63','51.06','7.49','554.26',38,'10.15','0.00',153,'2007-11-04 15:58:18','7.30',7),(1679,'-2.65','-7.26','7.49','494.34',35,'-1.45','0.00',153,'2007-11-04 15:58:19','7.30',8),(1680,'-105.56','-218.50','6.80','782.00',38,'-21.84','0.00',153,'2007-11-04 15:58:20','8.28',9),(1681,'-23.48','-54.56','21.56','948.64',37,'-5.44','0.00',153,'2007-11-04 15:58:21','19.89',10),(1682,'182.81','210.14','61.20','1162.80',36,'22.06','0.00',153,'2007-11-04 15:58:22','55.49',12),(1683,'-97.42','-151.00','5.79','579.00',36,'-20.68','0.00',153,'2007-11-04 15:58:24','6.76',13),(1684,'27.32','79.53','32.06','1057.98',41,'8.13','0.00',154,'2007-11-05 06:00:21','31.67',1),(1685,'177.17','374.90','3.81','876.30',38,'74.77','0.00',154,'2007-11-05 06:00:22','3.43',2),(1686,'231.48','150.00','5.45','654.00',38,'29.76','0.00',154,'2007-11-05 06:00:24','5.67',3),(1687,'144.64','114.21','4.38','617.58',38,'22.69','0.00',154,'2007-11-05 06:00:25','4.10',5),(1688,'142.86','113.60','4.38','621.96',35,'22.35','0.00',154,'2007-11-05 06:00:26','4.10',6),(1689,'16.63','51.06','7.49','554.26',38,'10.15','0.00',154,'2007-11-05 06:00:28','7.30',7),(1690,'-2.65','-7.26','7.49','494.34',35,'-1.45','0.00',154,'2007-11-05 06:00:29','7.30',8),(1691,'-105.56','-218.50','6.80','782.00',38,'-21.84','0.00',154,'2007-11-05 06:00:31','8.28',9),(1692,'-23.48','-54.56','21.56','948.64',37,'-5.44','0.00',154,'2007-11-05 06:00:32','19.89',10),(1693,'182.81','210.14','61.20','1162.80',36,'22.06','0.00',154,'2007-11-05 06:00:33','55.49',12),(1694,'-97.42','-151.00','5.79','579.00',36,'-20.68','0.00',154,'2007-11-05 06:00:35','6.76',13),(1695,'20.52','59.73','31.46','1038.18',42,'6.10','0.00',155,'2007-11-06 06:00:20','31.67',1),(1696,'177.17','374.90','3.81','876.30',38,'74.77','0.00',155,'2007-11-06 06:00:21','3.43',2),(1697,'240.74','156.00','5.50','660.00',38,'30.95','0.00',155,'2007-11-06 06:00:22','5.67',3),(1698,'144.64','114.21','4.38','617.58',38,'22.69','0.00',155,'2007-11-06 06:00:23','4.10',5),(1699,'142.86','113.60','4.38','621.96',35,'22.35','0.00',155,'2007-11-06 06:00:24','4.10',6),(1700,'19.28','59.20','7.60','562.40',38,'11.76','0.00',155,'2007-11-06 06:00:27','7.30',7),(1701,'0.00','0.00','7.60','501.60',35,'0.00','0.00',155,'2007-11-06 06:00:28','7.30',8),(1702,'-102.22','-211.60','6.86','788.90',38,'-21.15','0.00',155,'2007-11-06 06:00:29','8.28',9),(1703,'-32.39','-75.24','21.09','927.96',37,'-7.50','0.00',155,'2007-11-06 06:00:30','19.89',10),(1704,'164.30','188.86','60.08','1141.52',36,'19.82','0.00',155,'2007-11-06 06:00:31','55.49',12),(1705,'-97.42','-151.00','5.79','579.00',36,'-20.68','0.00',155,'2007-11-06 06:00:32','6.76',13),(1706,'35.49','103.29','32.78','1081.74',42,'10.56','0.00',156,'2007-11-08 06:00:21','31.67',1),(1707,'185.87','393.30','3.89','894.70',38,'78.44','0.00',156,'2007-11-08 06:00:22','3.50',2),(1708,'231.48','150.00','5.45','654.00',38,'29.76','0.00',156,'2007-11-08 06:00:23','5.67',3),(1709,'169.64','133.95','4.52','637.32',38,'26.61','0.00',156,'2007-11-08 06:00:24','4.10',5),(1710,'167.86','133.48','4.52','641.84',36,'26.26','0.00',156,'2007-11-08 06:00:25','4.10',6),(1711,'23.86','73.26','7.79','576.46',38,'14.56','0.00',156,'2007-11-08 06:00:26','7.30',7),(1712,'4.58','12.54','7.79','514.14',36,'2.50','0.00',156,'2007-11-08 06:00:28','7.30',8),(1713,'-104.44','-216.20','6.82','784.30',38,'-21.61','0.00',156,'2007-11-08 06:00:30','8.28',9),(1714,'-30.49','-70.84','21.19','932.36',37,'-7.06','0.00',156,'2007-11-08 06:00:31','19.89',10),(1715,'175.37','201.59','60.75','1154.25',37,'21.16','0.00',156,'2007-11-08 06:00:32','55.49',12),(1716,'-129.03','-200.00','5.30','530.00',36,'-27.40','0.00',156,'2007-11-08 06:00:33','6.76',13),(1717,'28.00','81.51','32.12','1059.96',42,'8.33','0.00',157,'2007-11-09 06:00:18','31.67',1),(1718,'175.00','370.30','3.79','871.70',39,'73.85','0.00',157,'2007-11-09 06:00:20','3.50',2),(1719,'224.07','145.20','5.41','649.20',39,'28.81','0.00',157,'2007-11-09 06:00:21','5.67',3),(1720,'148.21','117.03','4.40','620.40',39,'23.25','0.00',157,'2007-11-09 06:00:22','4.10',5),(1721,'146.43','116.44','4.40','624.80',36,'22.91','0.00',157,'2007-11-09 06:00:23','4.10',6),(1722,'27.71','85.10','7.95','588.30',38,'16.91','0.00',157,'2007-11-09 06:00:24','7.30',7),(1723,'8.43','23.10','7.95','524.70',36,'4.61','0.00',157,'2007-11-09 06:00:25','7.30',8),(1724,'-109.44','-226.55','6.73','773.95',38,'-22.64','0.00',157,'2007-11-09 06:00:26','8.28',9),(1725,'-45.45','-105.60','20.40','897.60',38,'-10.53','0.00',157,'2007-11-09 06:00:27','19.89',10),(1726,'161.49','185.63','59.91','1138.29',37,'19.49','0.00',157,'2007-11-09 06:00:28','55.49',12),(1727,'-150.97','-234.00','4.96','496.00',36,'-32.05','0.00',157,'2007-11-09 06:00:29','6.76',13),(1728,'27.78','80.85','32.10','1059.30',42,'8.26','0.00',158,'2007-11-10 06:00:25','31.67',1),(1729,'177.17','374.90','3.81','876.30',39,'74.77','0.00',158,'2007-11-10 06:00:28','3.50',2),(1730,'224.07','145.20','5.41','649.20',39,'28.81','0.00',158,'2007-11-10 06:00:31','5.67',3),(1731,'189.29','149.46','4.63','652.83',39,'29.69','0.00',158,'2007-11-10 06:00:32','4.17',5),(1732,'187.50','149.10','4.63','657.46',36,'29.33','0.00',158,'2007-11-10 06:00:33','4.17',6),(1733,'30.12','92.50','8.05','595.70',38,'18.38','0.00',158,'2007-11-10 06:00:34','7.30',7),(1734,'10.84','29.70','8.05','531.30',36,'5.92','0.00',158,'2007-11-10 06:00:35','7.30',8),(1735,'-108.33','-224.25','6.75','776.25',38,'-22.41','0.00',158,'2007-11-10 06:00:37','8.28',9),(1736,'-45.45','-105.60','20.40','897.60',38,'-10.53','0.00',158,'2007-11-10 06:00:42','19.89',10),(1737,'153.06','175.94','59.40','1128.60',37,'18.47','0.00',158,'2007-11-10 06:00:46','55.49',12),(1738,'-138.06','-214.00','5.16','516.00',36,'-29.32','0.00',158,'2007-11-10 06:00:48','6.76',13),(1739,'27.78','80.85','32.10','1059.30',42,'8.26','0.00',159,'2007-11-11 06:00:18','31.67',1),(1740,'177.17','374.90','3.81','876.30',39,'74.77','0.00',159,'2007-11-11 06:00:19','3.50',2),(1741,'224.07','145.20','5.41','649.20',39,'28.81','0.00',159,'2007-11-11 06:00:20','5.67',3),(1742,'189.29','149.46','4.63','652.83',39,'29.69','0.00',159,'2007-11-11 06:00:21','4.17',5),(1743,'187.50','149.10','4.63','657.46',36,'29.33','0.00',159,'2007-11-11 06:00:22','4.17',6),(1744,'30.12','92.50','8.05','595.70',38,'18.38','0.00',159,'2007-11-11 06:00:23','7.30',7),(1745,'10.84','29.70','8.05','531.30',36,'5.92','0.00',159,'2007-11-11 06:00:24','7.30',8),(1746,'-108.33','-224.25','6.75','776.25',38,'-22.41','0.00',159,'2007-11-11 06:00:25','8.28',9),(1747,'-45.45','-105.60','20.40','897.60',38,'-10.53','0.00',159,'2007-11-11 06:00:26','19.89',10),(1748,'153.06','175.94','59.40','1128.60',37,'18.47','0.00',159,'2007-11-11 06:00:27','55.49',12),(1749,'-138.06','-214.00','5.16','516.00',36,'-29.32','0.00',159,'2007-11-11 06:00:28','6.76',13),(1750,'23.70','68.97','31.74','1047.42',43,'7.05','0.00',160,'2007-11-13 15:40:39','31.67',1),(1751,'165.22','349.60','3.70','851.00',39,'69.72','0.00',160,'2007-11-13 15:40:40','3.50',2),(1752,'207.41','134.40','5.32','638.40',39,'26.67','0.00',160,'2007-11-13 15:40:41','5.67',3),(1753,'160.71','126.90','4.47','630.27',39,'25.21','0.00',160,'2007-11-13 15:40:42','4.17',5),(1754,'158.93','126.38','4.47','634.74',37,'24.86','0.00',160,'2007-11-13 15:40:43','4.17',6),(1755,'16.87','51.80','7.50','555.00',39,'10.29','0.00',160,'2007-11-13 15:40:44','7.30',7),(1756,'-2.41','-6.60','7.50','495.00',36,'-1.32','0.00',160,'2007-11-13 15:40:45','7.30',8),(1757,'-125.00','-258.75','6.45','741.75',39,'-25.86','0.00',160,'2007-11-13 15:40:46','8.28',9),(1758,'-57.39','-133.32','19.77','869.88',38,'-13.29','0.00',160,'2007-11-13 15:40:47','19.89',10),(1759,'151.90','174.61','59.33','1127.27',37,'18.33','0.00',160,'2007-11-13 15:40:48','55.49',12),(1760,'-155.48','-241.00','4.89','489.00',37,'-33.01','0.00',160,'2007-11-13 15:40:49','6.76',13),(1761,'25.17','73.26','31.87','1051.71',43,'7.49','0.00',161,'2007-11-14 16:05:04','31.67',1),(1762,'144.57','305.90','3.51','807.30',39,'61.01','0.00',161,'2007-11-14 16:05:05','3.50',2),(1763,'220.37','142.80','5.39','646.80',39,'28.33','0.00',161,'2007-11-14 16:05:07','5.67',3),(1764,'173.21','136.77','4.54','640.14',39,'27.17','0.00',161,'2007-11-14 16:05:08','4.17',5),(1765,'171.43','136.32','4.54','644.68',37,'26.82','0.00',161,'2007-11-14 16:05:09','4.17',6),(1766,'6.75','20.72','7.08','523.92',39,'4.12','0.00',161,'2007-11-14 16:05:10','7.30',7),(1767,'-12.53','-34.32','7.08','467.28',37,'-6.84','0.00',161,'2007-11-14 16:05:11','7.30',8),(1768,'-113.89','-235.75','6.65','764.75',39,'-23.56','0.00',161,'2007-11-14 16:05:12','8.28',9),(1769,'-50.95','-118.36','20.11','884.84',38,'-11.80','0.00',161,'2007-11-14 16:05:13','19.89',10),(1770,'169.26','194.56','60.38','1147.22',38,'20.42','0.00',161,'2007-11-14 16:05:14','55.49',12),(1771,'-156.13','-242.00','4.88','488.00',37,'-33.15','0.00',161,'2007-11-14 16:05:15','6.76',13),(1772,'20.98','61.05','31.50','1039.50',43,'6.24','0.00',162,'2007-11-16 02:41:12','31.67',1),(1773,'176.09','372.60','3.80','874.00',40,'74.31','0.00',162,'2007-11-16 02:41:14','3.50',2),(1774,'207.41','134.40','5.32','638.40',40,'26.67','0.00',162,'2007-11-16 02:41:15','5.67',3),(1775,'194.64','153.69','4.66','657.06',40,'30.53','0.00',162,'2007-11-16 02:41:16','4.19',5),(1776,'192.86','153.36','4.66','661.72',37,'30.17','0.00',162,'2007-11-16 02:41:17','4.19',6),(1777,'12.05','37.00','7.30','540.20',39,'7.35','0.00',162,'2007-11-16 02:41:18','7.30',7),(1778,'-7.23','-19.80','7.30','481.80',37,'-3.95','0.00',162,'2007-11-16 02:41:19','7.30',8),(1779,'-112.22','-232.30','6.68','768.20',39,'-23.22','0.00',162,'2007-11-16 02:41:20','8.28',9),(1780,'-44.70','-103.84','20.44','899.36',39,'-10.35','0.00',162,'2007-11-16 02:41:21','19.89',10),(1781,'170.41','195.89','60.45','1148.55',38,'20.56','0.00',162,'2007-11-16 02:41:22','55.49',12),(1782,'-156.13','-242.00','4.88','488.00',37,'-33.15','0.00',162,'2007-11-16 02:41:23','6.76',13),(1783,'20.98','61.05','31.50','1039.50',43,'6.24','0.00',163,'2007-11-16 16:09:00','31.67',1),(1784,'176.09','372.60','3.80','874.00',40,'74.31','0.00',163,'2007-11-16 16:09:01','3.50',2),(1785,'207.41','134.40','5.32','638.40',40,'26.67','0.00',163,'2007-11-16 16:09:02','5.67',3),(1786,'194.64','153.69','4.66','657.06',40,'30.53','0.00',163,'2007-11-16 16:09:03','4.19',5),(1787,'192.86','153.36','4.66','661.72',37,'30.17','0.00',163,'2007-11-16 16:09:05','4.19',6),(1788,'12.05','37.00','7.30','540.20',39,'7.35','0.00',163,'2007-11-16 16:09:06','7.30',7),(1789,'-7.23','-19.80','7.30','481.80',37,'-3.95','0.00',163,'2007-11-16 16:09:07','7.30',8),(1790,'-112.22','-232.30','6.68','768.20',39,'-23.22','0.00',163,'2007-11-16 16:09:08','8.28',9),(1791,'-44.70','-103.84','20.44','899.36',39,'-10.35','0.00',163,'2007-11-16 16:09:09','19.89',10),(1792,'170.41','195.89','60.45','1148.55',38,'20.56','0.00',163,'2007-11-16 16:09:10','55.49',12),(1793,'-156.13','-242.00','4.88','488.00',37,'-33.15','0.00',163,'2007-11-16 16:09:12','6.76',13),(1794,'14.17','41.25','30.90','1019.70',43,'4.22','0.00',164,'2007-11-17 07:22:57','31.67',1),(1795,'176.09','372.60','3.80','874.00',40,'74.31','0.00',164,'2007-11-17 07:22:59','3.50',2),(1796,'205.56','133.20','5.31','637.20',40,'26.43','0.00',164,'2007-11-17 07:23:01','5.67',3),(1797,'208.93','164.97','4.74','668.34',40,'32.77','0.00',164,'2007-11-17 07:23:02','4.27',5),(1798,'207.14','164.72','4.74','673.08',37,'32.40','0.00',164,'2007-11-17 07:23:05','4.27',6),(1799,'12.77','39.22','7.33','542.42',39,'7.79','0.00',164,'2007-11-17 07:23:07','7.30',7),(1800,'-6.51','-17.82','7.33','483.78',37,'-3.55','0.00',164,'2007-11-17 07:23:10','7.30',8),(1801,'-114.44','-236.90','6.64','763.60',39,'-23.68','0.00',164,'2007-11-17 07:23:12','8.28',9),(1802,'-45.27','-105.16','20.41','898.04',39,'-10.48','0.00',164,'2007-11-17 07:23:14','19.89',10),(1803,'162.48','186.77','59.97','1139.43',38,'19.61','0.00',164,'2007-11-17 07:23:16','55.49',12),(1804,'-153.55','-238.00','4.92','492.00',37,'-32.60','0.00',164,'2007-11-17 07:23:18','6.76',13),(1805,'14.17','41.25','30.90','1019.70',43,'4.22','0.00',165,'2007-11-19 05:07:51','31.67',1),(1806,'176.09','372.60','3.80','874.00',40,'74.31','0.00',165,'2007-11-19 05:07:52','3.50',2),(1807,'205.56','133.20','5.31','637.20',40,'26.43','0.00',165,'2007-11-19 05:07:54','5.67',3),(1808,'208.93','164.97','4.74','668.34',40,'32.77','0.00',165,'2007-11-19 05:07:55','4.27',5),(1809,'207.14','164.72','4.74','673.08',37,'32.40','0.00',165,'2007-11-19 05:07:56','4.27',6),(1810,'12.77','39.22','7.33','542.42',40,'7.79','0.00',165,'2007-11-19 05:07:57','7.30',7),(1811,'-6.51','-17.82','7.33','483.78',37,'-3.55','0.00',165,'2007-11-19 05:07:58','7.30',8),(1812,'-114.44','-236.90','6.64','763.60',40,'-23.68','0.00',165,'2007-11-19 05:08:00','8.28',9),(1813,'-45.27','-105.16','20.41','898.04',39,'-10.48','0.00',165,'2007-11-19 05:08:01','19.89',10),(1814,'162.48','186.77','59.97','1139.43',38,'19.61','0.00',165,'2007-11-19 05:08:02','55.49',12),(1815,'-153.55','-238.00','4.92','492.00',38,'-32.60','0.00',165,'2007-11-19 05:08:03','6.76',13),(1816,'14.17','41.25','30.90','1019.70',43,'4.22','0.00',166,'2007-11-19 06:00:23','31.67',1),(1817,'176.09','372.60','3.80','874.00',40,'74.31','0.00',166,'2007-11-19 06:00:24','3.50',2),(1818,'205.56','133.20','5.31','637.20',40,'26.43','0.00',166,'2007-11-19 06:00:25','5.67',3),(1819,'208.93','164.97','4.74','668.34',40,'32.77','0.00',166,'2007-11-19 06:00:26','4.27',5),(1820,'207.14','164.72','4.74','673.08',37,'32.40','0.00',166,'2007-11-19 06:00:27','4.27',6),(1821,'12.77','39.22','7.33','542.42',40,'7.79','0.00',166,'2007-11-19 06:00:28','7.30',7),(1822,'-6.51','-17.82','7.33','483.78',37,'-3.55','0.00',166,'2007-11-19 06:00:29','7.30',8),(1823,'-114.44','-236.90','6.64','763.60',40,'-23.68','0.00',166,'2007-11-19 06:00:29','8.28',9),(1824,'-45.27','-105.16','20.41','898.04',39,'-10.48','0.00',166,'2007-11-19 06:00:30','19.89',10),(1825,'162.48','186.77','59.97','1139.43',38,'19.61','0.00',166,'2007-11-19 06:00:32','55.49',12),(1826,'-153.55','-238.00','4.92','492.00',38,'-32.60','0.00',166,'2007-11-19 06:00:33','6.76',13),(1827,'14.06','40.92','30.89','1019.37',44,'4.18','0.00',167,'2007-11-21 03:42:15','31.67',1),(1828,'172.83','365.70','3.77','867.10',40,'72.94','0.00',167,'2007-11-21 03:42:16','3.50',2),(1829,'203.70','132.00','5.30','636.00',40,'26.19','0.00',167,'2007-11-21 03:42:17','5.67',3),(1830,'182.14','143.82','4.59','647.19',40,'28.57','0.00',167,'2007-11-21 03:42:18','4.27',5),(1831,'180.36','143.42','4.59','651.78',38,'28.21','0.00',167,'2007-11-21 03:42:19','4.27',6),(1832,'5.30','16.28','7.02','519.48',40,'3.24','0.00',167,'2007-11-21 03:42:21','7.30',7),(1833,'-13.98','-38.28','7.02','463.32',37,'-7.63','0.00',167,'2007-11-21 03:42:22','7.30',8),(1834,'-113.89','-235.75','6.65','764.75',40,'-23.56','0.00',167,'2007-11-21 03:42:24','8.28',9),(1835,'-41.10','-95.48','20.63','907.72',39,'-9.52','0.00',167,'2007-11-21 03:42:25','19.89',10),(1836,'150.58','173.09','59.25','1125.75',38,'18.17','0.00',167,'2007-11-21 03:42:26','55.49',12),(1837,'-147.74','-229.00','5.01','501.00',38,'-31.37','0.00',167,'2007-11-21 03:42:27','6.76',13),(1838,'23.81','69.30','31.75','1047.75',44,'7.08','0.00',168,'2007-11-24 16:30:16','31.67',1),(1839,'160.87','340.40','3.66','841.80',41,'67.89','0.00',168,'2007-11-24 16:30:18','3.50',2),(1840,'185.19','120.00','5.20','624.00',41,'23.81','0.00',168,'2007-11-24 16:30:19','5.67',3),(1841,'201.79','159.33','4.70','662.70',41,'31.65','0.00',168,'2007-11-24 16:30:20','4.27',5),(1842,'200.00','159.04','4.70','667.40',38,'31.28','0.00',168,'2007-11-24 16:30:22','4.27',6),(1843,'3.61','11.10','6.95','514.30',40,'2.21','0.00',168,'2007-11-24 16:30:23','7.30',7),(1844,'-15.66','-42.90','6.95','458.70',38,'-8.55','0.00',168,'2007-11-24 16:30:24','7.30',8),(1845,'-128.89','-266.80','6.38','733.70',40,'-26.67','0.00',168,'2007-11-24 16:30:25','8.28',9),(1846,'-36.17','-84.04','20.89','919.16',40,'-8.38','0.00',168,'2007-11-24 16:30:26','19.89',10),(1847,'116.69','134.14','57.20','1086.80',39,'14.08','0.00',168,'2007-11-24 16:30:27','55.49',12),(1848,'-145.16','-225.00','5.05','505.00',38,'-30.82','0.00',168,'2007-11-24 16:30:27','6.76',13),(1849,'23.81','69.30','31.75','1047.75',44,'7.08','0.00',169,'2007-11-25 07:23:31','31.67',1),(1850,'160.87','340.40','3.66','841.80',41,'67.89','0.00',169,'2007-11-25 07:23:32','3.50',2),(1851,'185.19','120.00','5.20','624.00',41,'23.81','0.00',169,'2007-11-25 07:23:34','5.67',3),(1852,'201.79','159.33','4.70','662.70',41,'31.65','0.00',169,'2007-11-25 07:23:35','4.27',5),(1853,'200.00','159.04','4.70','667.40',38,'31.28','0.00',169,'2007-11-25 07:23:36','4.27',6),(1854,'3.61','11.10','6.95','514.30',40,'2.21','0.00',169,'2007-11-25 07:23:37','7.30',7),(1855,'-15.66','-42.90','6.95','458.70',38,'-8.55','0.00',169,'2007-11-25 07:23:38','7.30',8),(1856,'-128.89','-266.80','6.38','733.70',40,'-26.67','0.00',169,'2007-11-25 07:23:39','8.28',9),(1857,'-36.17','-84.04','20.89','919.16',40,'-8.38','0.00',169,'2007-11-25 07:23:40','19.89',10),(1858,'116.69','134.14','57.20','1086.80',39,'14.08','0.00',169,'2007-11-25 07:23:41','55.49',12),(1859,'-145.16','-225.00','5.05','505.00',38,'-30.82','0.00',169,'2007-11-25 07:23:42','6.76',13),(1860,'23.81','69.30','31.75','1047.75',44,'7.08','0.00',170,'2007-11-26 06:00:33','31.67',1),(1861,'160.87','340.40','3.66','841.80',41,'67.89','0.00',170,'2007-11-26 06:00:34','3.50',2),(1862,'185.19','120.00','5.20','624.00',41,'23.81','0.00',170,'2007-11-26 06:00:35','5.67',3),(1863,'201.79','159.33','4.70','662.70',41,'31.65','0.00',170,'2007-11-26 06:00:37','4.27',5),(1864,'200.00','159.04','4.70','667.40',38,'31.28','0.00',170,'2007-11-26 06:00:38','4.27',6),(1865,'3.61','11.10','6.95','514.30',41,'2.21','0.00',170,'2007-11-26 06:00:39','7.30',7),(1866,'-15.66','-42.90','6.95','458.70',38,'-8.55','0.00',170,'2007-11-26 06:00:40','7.30',8),(1867,'-128.89','-266.80','6.38','733.70',41,'-26.67','0.00',170,'2007-11-26 06:00:41','8.28',9),(1868,'-36.17','-84.04','20.89','919.16',40,'-8.38','0.00',170,'2007-11-26 06:00:42','19.89',10),(1869,'116.69','134.14','57.20','1086.80',39,'14.08','0.00',170,'2007-11-26 06:00:43','55.49',12),(1870,'-145.16','-225.00','5.05','505.00',39,'-30.82','0.00',170,'2007-11-26 06:00:44','6.76',13),(1871,'26.98','78.54','32.03','1056.99',45,'8.03','0.00',171,'2007-11-30 16:24:52','31.67',1),(1872,'169.57','358.80','3.74','860.20',42,'71.56','0.00',171,'2007-11-30 16:24:53','3.50',2),(1873,'109.26','70.80','4.79','574.80',42,'14.05','0.00',171,'2007-11-30 16:24:55','5.67',3),(1874,'175.00','138.18','4.55','641.55',42,'27.45','0.00',171,'2007-11-30 16:24:56','4.27',5),(1875,'173.21','137.74','4.55','646.10',39,'27.09','0.00',171,'2007-11-30 16:24:57','4.27',6),(1876,'2.41','7.40','6.90','510.60',41,'1.47','0.00',171,'2007-11-30 16:24:59','7.30',7),(1877,'-16.87','-46.20','6.90','455.40',39,'-9.21','0.00',171,'2007-11-30 16:25:00','7.30',8),(1878,'-127.78','-264.50','6.40','736.00',41,'-26.44','0.00',171,'2007-11-30 16:25:01','8.28',9),(1879,'-41.48','-96.36','20.61','906.84',41,'-9.61','0.00',171,'2007-11-30 16:25:02','19.89',10),(1880,'134.71','154.85','58.29','1107.51',40,'16.25','0.00',171,'2007-11-30 16:25:04','55.49',12),(1881,'-154.19','-239.00','4.91','491.00',39,'-32.74','0.00',171,'2007-11-30 16:25:05','6.76',13),(1882,'31.41','91.41','32.42','1069.86',45,'9.34','0.00',172,'2007-12-01 06:00:20','31.67',1),(1883,'176.09','372.60','3.80','874.00',42,'74.31','0.00',172,'2007-12-01 06:00:21','3.50',2),(1884,'111.11','72.00','4.80','576.00',42,'14.29','0.00',172,'2007-12-01 06:00:22','5.67',3),(1885,'191.07','150.87','4.64','654.24',42,'29.97','0.00',172,'2007-12-01 06:00:23','4.27',5),(1886,'189.29','150.52','4.64','658.88',39,'29.61','0.00',172,'2007-12-01 06:00:24','4.27',6),(1887,'4.82','14.80','7.00','518.00',41,'2.94','0.00',172,'2007-12-01 06:00:26','7.30',7),(1888,'-14.46','-39.60','7.00','462.00',39,'-7.89','0.00',172,'2007-12-01 06:00:27','7.30',8),(1889,'-127.22','-263.35','6.41','737.15',41,'-26.32','0.00',172,'2007-12-01 06:00:28','8.28',9),(1890,'-44.70','-103.84','20.44','899.36',41,'-10.35','0.00',172,'2007-12-01 06:00:29','19.89',10),(1891,'157.19','180.69','59.65','1133.35',40,'18.97','0.00',172,'2007-12-01 06:00:30','55.49',12),(1892,'-152.26','-236.00','4.94','494.00',39,'-32.33','0.00',172,'2007-12-01 06:00:31','6.76',13),(1893,'31.41','91.41','32.42','1069.86',45,'9.34','0.00',173,'2007-12-02 06:00:19','31.67',1),(1894,'176.09','372.60','3.80','874.00',42,'74.31','0.00',173,'2007-12-02 06:00:20','3.50',2),(1895,'111.11','72.00','4.80','576.00',42,'14.29','0.00',173,'2007-12-02 06:00:21','5.67',3),(1896,'191.07','150.87','4.64','654.24',42,'29.97','0.00',173,'2007-12-02 06:00:22','4.27',5),(1897,'189.29','150.52','4.64','658.88',39,'29.61','0.00',173,'2007-12-02 06:00:23','4.27',6),(1898,'4.82','14.80','7.00','518.00',41,'2.94','0.00',173,'2007-12-02 06:00:24','7.30',7),(1899,'-14.46','-39.60','7.00','462.00',39,'-7.89','0.00',173,'2007-12-02 06:00:25','7.30',8),(1900,'-127.22','-263.35','6.41','737.15',41,'-26.32','0.00',173,'2007-12-02 06:00:26','8.28',9),(1901,'-44.70','-103.84','20.44','899.36',41,'-10.35','0.00',173,'2007-12-02 06:00:26','19.89',10),(1902,'157.19','180.69','59.65','1133.35',40,'18.97','0.00',173,'2007-12-02 06:00:27','55.49',12),(1903,'-152.26','-236.00','4.94','494.00',39,'-32.33','0.00',173,'2007-12-02 06:00:28','6.76',13),(1904,'31.41','91.41','32.42','1069.86',45,'9.34','0.00',174,'2007-12-03 06:00:30','31.67',1),(1905,'176.09','372.60','3.80','874.00',42,'74.31','0.00',174,'2007-12-03 06:00:31','3.50',2),(1906,'111.11','72.00','4.80','576.00',42,'14.29','0.00',174,'2007-12-03 06:00:32','5.67',3),(1907,'191.07','150.87','4.64','654.24',42,'29.97','0.00',174,'2007-12-03 06:00:33','4.27',5),(1908,'189.29','150.52','4.64','658.88',39,'29.61','0.00',174,'2007-12-03 06:00:34','4.27',6),(1909,'4.82','14.80','7.00','518.00',42,'2.94','0.00',174,'2007-12-03 06:00:35','7.30',7),(1910,'-14.46','-39.60','7.00','462.00',39,'-7.89','0.00',174,'2007-12-03 06:00:36','7.30',8),(1911,'-127.22','-263.35','6.41','737.15',42,'-26.32','0.00',174,'2007-12-03 06:00:37','8.28',9),(1912,'-44.70','-103.84','20.44','899.36',41,'-10.35','0.00',174,'2007-12-03 06:00:38','19.89',10),(1913,'157.19','180.69','59.65','1133.35',40,'18.97','0.00',174,'2007-12-03 06:00:39','55.49',12),(1914,'-152.26','-236.00','4.94','494.00',40,'-32.33','0.00',174,'2007-12-03 06:00:40','6.76',13),(1915,'22.68','66.00','31.65','1044.45',46,'6.75','0.00',175,'2007-12-04 06:00:18','31.67',1),(1916,'186.96','395.60','3.90','897.00',42,'78.90','0.00',175,'2007-12-04 06:00:19','3.51',2),(1917,'120.37','78.00','4.85','582.00',42,'15.48','0.00',175,'2007-12-04 06:00:20','5.67',3),(1918,'171.43','135.36','4.53','638.73',42,'26.89','0.00',175,'2007-12-04 06:00:21','4.27',5),(1919,'169.64','134.90','4.53','643.26',39,'26.54','0.00',175,'2007-12-04 06:00:22','4.27',6),(1920,'-1.20','-3.70','6.75','499.50',42,'-0.74','0.00',175,'2007-12-04 06:00:23','7.30',7),(1921,'-20.48','-56.10','6.75','445.50',39,'-11.18','0.00',175,'2007-12-04 06:00:24','7.30',8),(1922,'-132.78','-274.85','6.31','725.65',42,'-27.47','0.00',175,'2007-12-04 06:00:24','8.28',9),(1923,'-34.85','-80.96','20.96','922.24',41,'-8.07','0.00',175,'2007-12-04 06:00:25','19.89',10),(1924,'157.36','180.88','59.66','1133.54',40,'18.99','0.00',175,'2007-12-04 06:00:26','55.49',12),(1925,'-148.39','-230.00','5.00','500.00',40,'-31.51','0.00',175,'2007-12-04 06:00:27','6.76',13),(1926,'30.05','87.45','32.30','1065.90',46,'8.94','0.00',176,'2007-12-06 03:02:26','31.67',1),(1927,'190.22','402.50','3.93','903.90',42,'80.28','0.00',176,'2007-12-06 03:02:27','3.54',2),(1928,'151.85','98.40','5.02','602.40',42,'19.52','0.00',176,'2007-12-06 03:02:28','5.67',3),(1929,'205.36','162.15','4.72','665.52',42,'32.21','0.00',176,'2007-12-06 03:02:29','4.27',5),(1930,'203.57','161.88','4.72','670.24',40,'31.84','0.00',176,'2007-12-06 03:02:30','4.27',6),(1931,'1.20','3.70','6.85','506.90',42,'0.74','0.00',176,'2007-12-06 03:02:31','7.30',7),(1932,'-18.07','-49.50','6.85','452.10',40,'-9.87','0.00',176,'2007-12-06 03:02:32','7.30',8),(1933,'-137.78','-285.20','6.22','715.30',42,'-28.51','0.00',176,'2007-12-06 03:02:33','8.28',9),(1934,'-35.61','-82.72','20.92','920.48',41,'-8.25','0.00',176,'2007-12-06 03:02:34','19.89',10),(1935,'155.37','178.60','59.54','1131.26',41,'18.75','0.00',176,'2007-12-06 03:02:35','55.49',12),(1936,'-141.94','-220.00','5.10','510.00',40,'-30.14','0.00',176,'2007-12-06 03:02:36','6.76',13),(1937,'30.05','87.45','32.30','1065.90',46,'8.94','0.00',177,'2007-12-06 06:00:18','31.67',1),(1938,'190.22','402.50','3.93','903.90',42,'80.28','0.00',177,'2007-12-06 06:00:19','3.54',2),(1939,'151.85','98.40','5.02','602.40',42,'19.52','0.00',177,'2007-12-06 06:00:20','5.67',3),(1940,'205.36','162.15','4.72','665.52',42,'32.21','0.00',177,'2007-12-06 06:00:21','4.27',5),(1941,'203.57','161.88','4.72','670.24',40,'31.84','0.00',177,'2007-12-06 06:00:22','4.27',6),(1942,'1.20','3.70','6.85','506.90',42,'0.74','0.00',177,'2007-12-06 06:00:23','7.30',7),(1943,'-18.07','-49.50','6.85','452.10',40,'-9.87','0.00',177,'2007-12-06 06:00:24','7.30',8),(1944,'-137.78','-285.20','6.22','715.30',42,'-28.51','0.00',177,'2007-12-06 06:00:24','8.28',9),(1945,'-35.61','-82.72','20.92','920.48',41,'-8.25','0.00',177,'2007-12-06 06:00:25','19.89',10),(1946,'155.37','178.60','59.54','1131.26',41,'18.75','0.00',177,'2007-12-06 06:00:26','55.49',12),(1947,'-141.94','-220.00','5.10','510.00',40,'-30.14','0.00',177,'2007-12-06 06:00:27','6.76',13),(1948,'36.85','107.25','32.90','1085.70',46,'10.96','0.00',178,'2007-12-08 02:38:23','31.67',1),(1949,'196.74','416.30','3.99','917.70',43,'83.03','0.00',178,'2007-12-08 02:38:24','3.59',2),(1950,'148.15','96.00','5.00','600.00',43,'19.05','0.00',178,'2007-12-08 02:38:25','5.67',3),(1951,'208.93','164.97','4.74','668.34',43,'32.77','0.00',178,'2007-12-08 02:38:26','4.27',5),(1952,'207.14','164.72','4.74','673.08',40,'32.40','0.00',178,'2007-12-08 02:38:27','4.27',6),(1953,'0.00','0.00','6.80','503.20',42,'0.00','0.00',178,'2007-12-08 02:38:29','7.30',7),(1954,'-19.28','-52.80','6.80','448.80',40,'-10.53','0.00',178,'2007-12-08 02:38:30','7.30',8),(1955,'-128.33','-265.65','6.39','734.85',42,'-26.55','0.00',178,'2007-12-08 02:38:31','8.28',9),(1956,'-20.64','-47.96','21.71','955.24',42,'-4.78','0.00',178,'2007-12-08 02:38:32','19.89',10),(1957,'174.38','200.45','60.69','1153.11',41,'21.04','0.00',178,'2007-12-08 02:38:33','55.49',12),(1958,'-130.32','-202.00','5.28','528.00',40,'-27.67','0.00',178,'2007-12-08 02:38:34','6.76',13),(1959,'36.85','107.25','32.90','1085.70',46,'10.96','0.00',179,'2007-12-08 06:00:19','31.67',1),(1960,'196.74','416.30','3.99','917.70',43,'83.03','0.00',179,'2007-12-08 06:00:20','3.59',2),(1961,'148.15','96.00','5.00','600.00',43,'19.05','0.00',179,'2007-12-08 06:00:21','5.67',3),(1962,'208.93','164.97','4.74','668.34',43,'32.77','0.00',179,'2007-12-08 06:00:22','4.27',5),(1963,'207.14','164.72','4.74','673.08',40,'32.40','0.00',179,'2007-12-08 06:00:23','4.27',6),(1964,'0.00','0.00','6.80','503.20',42,'0.00','0.00',179,'2007-12-08 06:00:24','7.30',7),(1965,'-19.28','-52.80','6.80','448.80',40,'-10.53','0.00',179,'2007-12-08 06:00:25','7.30',8),(1966,'-128.33','-265.65','6.39','734.85',42,'-26.55','0.00',179,'2007-12-08 06:00:26','8.28',9),(1967,'-20.64','-47.96','21.71','955.24',42,'-4.78','0.00',179,'2007-12-08 06:00:27','19.89',10),(1968,'174.38','200.45','60.69','1153.11',41,'21.04','0.00',179,'2007-12-08 06:00:28','55.49',12),(1969,'-130.32','-202.00','5.28','528.00',40,'-27.67','0.00',179,'2007-12-08 06:00:29','6.76',13),(1970,'36.85','107.25','32.90','1085.70',46,'10.96','0.00',180,'2007-12-10 02:48:24','31.67',1),(1971,'196.74','416.30','3.99','917.70',43,'83.03','0.00',180,'2007-12-10 02:48:26','3.59',2),(1972,'148.15','96.00','5.00','600.00',43,'19.05','0.00',180,'2007-12-10 02:48:27','5.67',3),(1973,'208.93','164.97','4.74','668.34',43,'32.77','0.00',180,'2007-12-10 02:48:28','4.27',5),(1974,'207.14','164.72','4.74','673.08',40,'32.40','0.00',180,'2007-12-10 02:48:29','4.27',6),(1975,'0.00','0.00','6.80','503.20',43,'0.00','0.00',180,'2007-12-10 02:48:31','7.30',7),(1976,'-19.28','-52.80','6.80','448.80',40,'-10.53','0.00',180,'2007-12-10 02:48:32','7.30',8),(1977,'-128.33','-265.65','6.39','734.85',43,'-26.55','0.00',180,'2007-12-10 02:48:33','8.28',9),(1978,'-20.64','-47.96','21.71','955.24',42,'-4.78','0.00',180,'2007-12-10 02:48:34','19.89',10),(1979,'174.38','200.45','60.69','1153.11',41,'21.04','0.00',180,'2007-12-10 02:48:35','55.49',12),(1980,'-130.32','-202.00','5.28','528.00',41,'-27.67','0.00',180,'2007-12-10 02:48:37','6.76',13),(1981,'36.85','107.25','32.90','1085.70',46,'10.96','0.00',181,'2007-12-10 06:00:22','31.67',1),(1982,'196.74','416.30','3.99','917.70',43,'83.03','0.00',181,'2007-12-10 06:00:24','3.59',2),(1983,'148.15','96.00','5.00','600.00',43,'19.05','0.00',181,'2007-12-10 06:00:25','5.67',3),(1984,'208.93','164.97','4.74','668.34',43,'32.77','0.00',181,'2007-12-10 06:00:26','4.27',5),(1985,'207.14','164.72','4.74','673.08',40,'32.40','0.00',181,'2007-12-10 06:00:27','4.27',6),(1986,'0.00','0.00','6.80','503.20',43,'0.00','0.00',181,'2007-12-10 06:00:28','7.30',7),(1987,'-19.28','-52.80','6.80','448.80',40,'-10.53','0.00',181,'2007-12-10 06:00:29','7.30',8),(1988,'-128.33','-265.65','6.39','734.85',43,'-26.55','0.00',181,'2007-12-10 06:00:30','8.28',9),(1989,'-20.64','-47.96','21.71','955.24',42,'-4.78','0.00',181,'2007-12-10 06:00:31','19.89',10),(1990,'174.38','200.45','60.69','1153.11',41,'21.04','0.00',181,'2007-12-10 06:00:32','55.49',12),(1991,'-130.32','-202.00','5.28','528.00',41,'-27.67','0.00',181,'2007-12-10 06:00:33','6.76',13),(1992,'37.98','110.55','33.00','1089.00',47,'11.30','0.00',182,'2007-12-11 06:00:18','31.67',1),(1993,'213.04','450.80','4.14','952.20',43,'89.91','0.00',182,'2007-12-11 06:00:19','3.73',2),(1994,'124.07','80.40','4.87','584.40',43,'15.95','0.00',182,'2007-12-11 06:00:20','5.67',3),(1995,'191.07','150.87','4.64','654.24',43,'29.97','0.00',182,'2007-12-11 06:00:21','4.27',5),(1996,'189.29','150.52','4.64','658.88',40,'29.61','0.00',182,'2007-12-11 06:00:22','4.27',6),(1997,'37.98','110.55','33.00','1089.00',47,'11.30','0.00',183,'2007-12-13 06:00:21','31.67',1),(1998,'219.57','464.60','4.20','966.00',43,'92.66','0.00',183,'2007-12-13 06:00:22','3.78',2),(1999,'138.89','90.00','4.95','594.00',43,'17.86','0.00',183,'2007-12-13 06:00:23','5.67',3),(2000,'205.36','162.15','4.72','665.52',43,'32.21','0.00',183,'2007-12-13 06:00:24','4.27',5),(2001,'203.57','161.88','4.72','670.24',41,'31.84','0.00',183,'2007-12-13 06:00:25','4.27',6),(2002,'-1.20','-3.70','6.75','499.50',43,'-0.74','0.00',182,'2007-12-13 06:00:26','7.30',7),(2003,'-20.48','-56.10','6.75','445.50',41,'-11.18','0.00',182,'2007-12-13 06:00:27','7.30',8),(2004,'-131.67','-272.55','6.33','727.95',43,'-27.24','0.00',182,'2007-12-13 06:00:28','8.28',9),(2005,'-22.73','-52.80','21.60','950.40',42,'-5.26','0.00',182,'2007-12-13 06:00:29','19.89',10),(2006,'171.90','197.60','60.54','1150.26',42,'20.74','0.00',182,'2007-12-13 06:00:30','55.49',12),(2007,'-116.13','-180.00','5.50','550.00',41,'-24.66','0.00',182,'2007-12-13 06:00:31','6.76',13),(2008,'35.49','103.29','32.78','1081.74',47,'10.56','0.00',184,'2007-12-14 15:40:31','31.67',1),(2009,'206.52','437.00','4.08','938.40',44,'87.16','0.00',184,'2007-12-14 15:40:32','3.78',2),(2010,'112.96','73.20','4.81','577.20',44,'14.52','0.00',184,'2007-12-14 15:40:33','5.67',3),(2011,'225.00','177.66','4.83','681.03',44,'35.29','0.00',184,'2007-12-14 15:40:34','4.35',5),(2012,'223.21','177.50','4.83','685.86',41,'34.92','0.00',184,'2007-12-14 15:40:35','4.35',6),(2013,'-1.20','-3.70','6.75','499.50',43,'-0.74','0.00',183,'2007-12-14 15:40:36','7.30',7),(2014,'-20.48','-56.10','6.75','445.50',41,'-11.18','0.00',183,'2007-12-14 15:40:37','7.30',8),(2015,'-129.44','-267.95','6.37','732.55',43,'-26.78','0.00',183,'2007-12-14 15:40:38','8.28',9),(2016,'-32.77','-76.12','21.07','927.08',43,'-7.59','0.00',183,'2007-12-14 15:40:39','19.89',10),(2017,'173.22','199.12','60.62','1151.78',42,'20.90','0.00',183,'2007-12-14 15:40:40','55.49',12),(2018,'-116.77','-181.00','5.49','549.00',41,'-24.79','0.00',183,'2007-12-14 15:40:41','6.76',13),(2019,'30.61','89.10','32.35','1067.55',47,'9.11','0.00',185,'2007-12-15 06:00:18','31.67',1),(2020,'186.96','395.60','3.90','897.00',44,'78.90','0.00',185,'2007-12-15 06:00:20','3.78',2),(2021,'81.48','52.80','4.64','556.80',44,'10.48','0.00',185,'2007-12-15 06:00:21','5.67',3),(2022,'226.79','179.07','4.84','682.44',44,'35.57','0.00',185,'2007-12-15 06:00:22','4.36',5),(2023,'225.00','178.92','4.84','687.28',41,'35.20','0.00',185,'2007-12-15 06:00:23','4.36',6),(2024,'-4.82','-14.80','6.60','488.40',43,'-2.94','0.00',184,'2007-12-15 06:00:24','7.30',7),(2025,'-24.10','-66.00','6.60','435.60',41,'-13.16','0.00',184,'2007-12-15 06:00:25','7.30',8),(2026,'-136.67','-282.90','6.24','717.60',43,'-28.28','0.00',184,'2007-12-15 06:00:26','8.28',9),(2027,'-38.45','-89.32','20.77','913.88',43,'-8.90','0.00',184,'2007-12-15 06:00:27','19.89',10),(2028,'175.21','201.40','60.74','1154.06',42,'21.14','0.00',184,'2007-12-15 06:00:29','55.49',12),(2029,'-121.29','-188.00','5.42','542.00',41,'-25.75','0.00',184,'2007-12-15 06:00:31','6.76',13),(2030,'30.61','89.10','32.35','1067.55',47,'9.11','0.00',186,'2007-12-16 06:00:26','31.67',1),(2031,'186.96','395.60','3.90','897.00',44,'78.90','0.00',186,'2007-12-16 06:00:28','3.78',2),(2032,'81.48','52.80','4.64','556.80',44,'10.48','0.00',186,'2007-12-16 06:00:30','5.67',3),(2033,'226.79','179.07','4.84','682.44',44,'35.57','0.00',186,'2007-12-16 06:00:31','4.36',5),(2034,'225.00','178.92','4.84','687.28',41,'35.20','0.00',186,'2007-12-16 06:00:33','4.36',6),(2035,'-4.82','-14.80','6.60','488.40',43,'-2.94','0.00',185,'2007-12-16 06:00:35','7.30',7),(2036,'-24.10','-66.00','6.60','435.60',41,'-13.16','0.00',185,'2007-12-16 06:00:36','7.30',8),(2037,'-136.67','-282.90','6.24','717.60',43,'-28.28','0.00',185,'2007-12-16 06:00:37','8.28',9),(2038,'-38.45','-89.32','20.77','913.88',43,'-8.90','0.00',185,'2007-12-16 06:00:39','19.89',10),(2039,'175.21','201.40','60.74','1154.06',42,'21.14','0.00',185,'2007-12-16 06:00:40','55.49',12),(2040,'-121.29','-188.00','5.42','542.00',41,'-25.75','0.00',185,'2007-12-16 06:00:42','6.76',13),(2041,'25.51','74.25','31.90','1052.70',48,'7.59','0.00',187,'2007-12-18 06:00:20','31.67',1),(2042,'170.65','361.10','3.75','862.50',44,'72.02','0.00',187,'2007-12-18 06:00:21','3.78',2),(2043,'59.26','38.40','4.52','542.40',44,'7.62','0.00',187,'2007-12-18 06:00:22','5.67',3),(2044,'178.57','141.00','4.57','644.37',44,'28.01','0.00',187,'2007-12-18 06:00:23','4.36',5),(2045,'176.79','140.58','4.57','648.94',41,'27.65','0.00',187,'2007-12-18 06:00:23','4.36',6),(2046,'-10.84','-33.30','6.35','469.90',44,'-6.62','0.00',186,'2007-12-18 06:00:25','7.30',7),(2047,'-30.12','-82.50','6.35','419.10',41,'-16.45','0.00',186,'2007-12-18 06:00:26','7.30',8),(2048,'-141.11','-292.10','6.16','708.40',44,'-29.20','0.00',186,'2007-12-18 06:00:27','8.28',9),(2049,'-61.17','-142.12','19.57','861.08',43,'-14.17','0.00',186,'2007-12-18 06:00:28','19.89',10),(2050,'162.98','187.34','60.00','1140.00',42,'19.66','0.00',186,'2007-12-18 06:00:29','55.49',12),(2051,'-140.65','-218.00','5.12','512.00',42,'-29.86','0.00',186,'2007-12-18 06:00:30','6.76',13),(2052,'23.47','68.31','31.72','1046.76',48,'6.98','0.00',188,'2007-12-19 06:00:21','31.67',1),(2053,'185.87','393.30','3.89','894.70',44,'78.44','0.00',188,'2007-12-19 06:00:22','3.78',2),(2054,'20.37','13.20','4.31','517.20',44,'2.62','0.00',188,'2007-12-19 06:00:23','5.67',3),(2055,'173.21','136.77','4.54','640.14',44,'27.17','0.00',188,'2007-12-19 06:00:24','4.36',5),(2056,'171.43','136.32','4.54','644.68',42,'26.82','0.00',188,'2007-12-19 06:00:25','4.36',6),(2057,'-14.46','-44.40','6.20','458.80',44,'-8.82','0.00',187,'2007-12-19 06:00:26','7.30',7),(2058,'-33.73','-92.40','6.20','409.20',41,'-18.42','0.00',187,'2007-12-19 06:00:27','7.30',8),(2059,'-139.44','-288.65','6.19','711.85',44,'-28.85','0.00',187,'2007-12-19 06:00:28','8.28',9),(2060,'-47.54','-110.44','20.29','892.76',43,'-11.01','0.00',187,'2007-12-19 06:00:29','19.89',10),(2061,'162.98','187.34','60.00','1140.00',42,'19.66','0.00',187,'2007-12-19 06:00:30','55.49',12),(2062,'-135.48','-210.00','5.20','520.00',42,'-28.77','0.00',187,'2007-12-19 06:00:30','6.76',13),(2063,'27.78','80.85','32.10','1059.30',48,'8.26','0.00',189,'2007-12-20 16:43:47','31.67',1),(2064,'191.30','404.80','3.94','906.20',45,'80.73','0.00',189,'2007-12-20 16:43:48','3.78',2),(2065,'31.48','20.40','4.37','524.40',45,'4.05','0.00',189,'2007-12-20 16:43:49','5.67',3),(2066,'171.43','135.36','4.53','638.73',45,'26.89','0.00',189,'2007-12-20 16:43:50','4.36',5),(2067,'169.64','134.90','4.53','643.26',42,'26.54','0.00',189,'2007-12-20 16:43:54','4.36',6),(2068,'-10.84','-33.30','6.35','469.90',44,'-6.62','0.00',188,'2007-12-20 16:43:55','7.30',7),(2069,'-30.12','-82.50','6.35','419.10',42,'-16.45','0.00',188,'2007-12-20 16:43:56','7.30',8),(2070,'-143.33','-296.70','6.12','703.80',44,'-29.66','0.00',188,'2007-12-20 16:43:57','8.28',9),(2071,'-41.67','-96.80','20.60','906.40',44,'-9.65','0.00',188,'2007-12-20 16:43:58','19.89',10),(2072,'138.68','159.41','58.53','1112.07',43,'16.73','0.00',188,'2007-12-20 16:43:59','55.49',12),(2073,'-121.29','-188.00','5.42','542.00',42,'-25.75','0.00',188,'2007-12-20 16:44:00','6.76',13),(2074,'23.24','67.65','31.70','1046.10',48,'6.91','0.00',190,'2007-12-21 06:00:21','31.67',1),(2075,'202.17','427.80','4.04','929.20',45,'85.32','0.00',190,'2007-12-21 06:00:23','3.78',2),(2076,'18.52','12.00','4.30','516.00',45,'2.38','0.00',190,'2007-12-21 06:00:26','5.67',3),(2077,'178.57','141.00','4.57','644.37',45,'28.01','0.00',190,'2007-12-21 06:00:29','4.36',5),(2078,'176.79','140.58','4.57','648.94',42,'27.65','0.00',190,'2007-12-21 06:00:31','4.36',6),(2079,'-11.08','-34.04','6.34','469.16',44,'-6.76','0.00',189,'2007-12-21 06:00:35','7.30',7),(2080,'-30.36','-83.16','6.34','418.44',42,'-16.58','0.00',189,'2007-12-21 06:00:38','7.30',8),(2081,'-149.44','-309.35','6.01','691.15',44,'-30.92','0.00',189,'2007-12-21 06:00:41','8.28',9),(2082,'-42.61','-99.00','20.55','904.20',44,'-9.87','0.00',189,'2007-12-21 06:00:45','19.89',10),(2083,'126.28','145.16','57.78','1097.82',43,'15.24','0.00',189,'2007-12-21 06:00:52','55.49',12),(2084,'-122.58','-190.00','5.40','540.00',42,'-26.03','0.00',189,'2007-12-21 06:00:59','6.76',13),(2085,'30.39','88.44','32.33','1066.89',48,'9.04','0.00',191,'2007-12-22 06:00:17','31.67',1),(2086,'202.17','427.80','4.04','929.20',45,'85.32','0.00',191,'2007-12-22 06:00:19','3.78',2),(2087,'9.26','6.00','4.25','510.00',45,'1.19','0.00',191,'2007-12-22 06:00:19','5.67',3),(2088,'167.86','132.54','4.51','635.91',45,'26.33','0.00',191,'2007-12-22 06:00:21','4.36',5),(2089,'166.07','132.06','4.51','640.42',42,'25.98','0.00',191,'2007-12-22 06:00:21','4.36',6),(2090,'-12.05','-37.00','6.30','466.20',44,'-7.35','0.00',190,'2007-12-22 06:00:23','7.30',7),(2091,'-31.33','-85.80','6.30','415.80',42,'-17.11','0.00',190,'2007-12-22 06:00:24','7.30',8),(2092,'-138.89','-287.50','6.20','713.00',44,'-28.74','0.00',190,'2007-12-22 06:00:25','8.28',9),(2093,'-32.20','-74.80','21.10','928.40',44,'-7.46','0.00',190,'2007-12-22 06:00:26','19.89',10),(2094,'126.12','144.97','57.77','1097.63',43,'15.22','0.00',190,'2007-12-22 06:00:28','55.49',12),(2095,'-124.52','-193.00','5.37','537.00',42,'-26.44','0.00',190,'2007-12-22 06:00:29','6.76',13),(2096,'29.93','87.12','32.29','1065.57',49,'8.90','0.00',192,'2007-12-26 17:26:32','31.67',1),(2097,'220.65','466.90','4.21','968.30',45,'93.12','0.00',192,'2007-12-26 17:26:33','3.79',2),(2098,'9.26','6.00','4.25','510.00',45,'1.19','0.00',192,'2007-12-26 17:26:34','5.67',3),(2099,'216.07','170.61','4.78','673.98',45,'33.89','0.00',192,'2007-12-26 17:26:35','4.36',5),(2100,'214.29','170.40','4.78','678.76',43,'33.52','0.00',192,'2007-12-26 17:26:36','4.36',6),(2101,'-4.34','-13.32','6.62','489.88',45,'-2.65','0.00',191,'2007-12-26 17:26:37','7.30',7),(2102,'-23.61','-64.68','6.62','436.92',43,'-12.89','0.00',191,'2007-12-26 17:26:38','7.30',8),(2103,'-138.89','-287.50','6.20','713.00',45,'-28.74','0.00',191,'2007-12-26 17:26:40','8.28',9),(2104,'-28.79','-66.88','21.28','936.32',44,'-6.67','0.00',191,'2007-12-26 17:26:41','19.89',10),(2105,'131.40','151.05','58.09','1103.71',44,'15.86','0.00',191,'2007-12-26 17:26:42','55.49',12),(2106,'-115.48','-179.00','5.51','551.00',43,'-24.52','0.00',191,'2007-12-26 17:26:43','6.76',13);
/*!40000 ALTER TABLE `Snapshot` ENABLE KEYS */;
UNLOCK TABLES;

--
-- Table structure for table `TechnicalAnalysis`
--

DROP TABLE IF EXISTS `TechnicalAnalysis`;
CREATE TABLE `TechnicalAnalysis` (
  `id` int(11) NOT NULL auto_increment,
  `lower_channel` decimal(19,2) default NULL,
  `stop_loss` decimal(19,2) NOT NULL,
  `upper_channel` decimal(19,2) default NULL,
  PRIMARY KEY  (`id`)
) ENGINE=MyISAM AUTO_INCREMENT=26 DEFAULT CHARSET=latin1;

--
-- Dumping data for table `TechnicalAnalysis`
--

LOCK TABLES `TechnicalAnalysis` WRITE;
/*!40000 ALTER TABLE `TechnicalAnalysis` DISABLE KEYS */;
INSERT INTO `TechnicalAnalysis` VALUES (1,'21.80','29.70','30.62'),(2,'1.32','2.37','2.24'),(3,'3.81','3.78','4.35'),(4,'3.14','3.26','3.70'),(5,'3.14','3.26','3.70'),(6,'3.84','6.63','7.99'),(7,'3.84','6.63','7.99'),(8,'6.91','7.93','8.71'),(9,'17.46','20.79','22.74'),(10,'45.75','46.09','51.80'),(11,'6.12','6.57','7.67'),(12,'48.00','51.00','54.00'),(13,'34.00','37.00','43.00'),(14,'76.00','80.00','88.00'),(15,'39.24','37.00','47.92'),(16,'7.70','8.00','10.00'),(17,'7.70','8.00','10.00'),(18,'8.46','7.97','10.21'),(19,'8.49','8.65','9.15'),(25,'39.75','39.00','44.58'),(24,'1.79','1.61','1.90');
/*!40000 ALTER TABLE `TechnicalAnalysis` ENABLE KEYS */;
UNLOCK TABLES;

--
-- Table structure for table `Transaction`
--

DROP TABLE IF EXISTS `Transaction`;
CREATE TABLE `Transaction` (
  `type` varchar(31) NOT NULL,
  `id` int(11) NOT NULL auto_increment,
  `brokerage` decimal(19,2) default NULL,
  `description` varchar(50) default NULL,
  `price` decimal(19,2) NOT NULL,
  `quantity` bigint(20) NOT NULL,
  `reference_number` varchar(255) default NULL,
  `timestamp` timestamp NOT NULL default CURRENT_TIMESTAMP,
  `technical_analysis_id` int(11) default NULL,
  `currency_id` int(11) NOT NULL,
  `security_id` int(11) NOT NULL,
  `shareholding_fk` int(11) default NULL,
  PRIMARY KEY  (`id`),
  UNIQUE KEY `reference_number` (`reference_number`),
  KEY `FKE30A7ABE45BF3EE9` (`currency_id`),
  KEY `FKE30A7ABEC2105A3A` (`security_id`),
  KEY `FKE30A7ABE2E6E4032` (`technical_analysis_id`),
  KEY `FKE30A7ABE489F9D99` (`currency_id`),
  KEY `FKE30A7ABEC4F0B8EA` (`security_id`),
  KEY `FKE30A7ABE2E5652E2` (`technical_analysis_id`),
  KEY `FKE30A7ABE1C22E8B0` (`shareholding_fk`)
) ENGINE=MyISAM AUTO_INCREMENT=33 DEFAULT CHARSET=latin1;

--
-- Dumping data for table `Transaction`
--

LOCK TABLES `Transaction` WRITE;
/*!40000 ALTER TABLE `Transaction` DISABLE KEYS */;
INSERT INTO `Transaction` VALUES ('BUY',1,'0.00',NULL,'29.65',33,'23179095','2007-01-15 13:00:00',1,1,1,8),('BUY',2,'0.00',NULL,'2.18',230,'23532280','2007-02-08 23:00:00',2,1,2,9),('BUY',3,'0.00',NULL,'4.20',120,'23532947','2007-02-08 23:00:00',3,1,3,10),('SELL',4,'0.00',NULL,'3.63',120,'23978246','2007-03-05 13:00:00',NULL,1,3,10),('BUY',5,'0.00',NULL,'3.57',141,'23534167','2007-02-08 23:00:00',4,1,4,11),('BUY',6,'0.00',NULL,'3.58',142,'23906949','2007-02-27 23:00:00',5,1,4,11),('BUY',7,'0.00',NULL,'6.80',74,'23560386','2007-02-11 23:00:00',6,1,5,12),('BUY',8,'0.00',NULL,'7.60',66,'23894159','2007-02-28 23:00:00',7,1,5,12),('BUY',9,'0.00',NULL,'8.70',115,'23540680','2007-02-11 13:00:00',8,1,6,13),('BUY',10,'0.00',NULL,'22.80',44,'23649045','2007-02-15 23:00:00',9,1,7,14),('SELL',11,'0.00',NULL,'20.70',44,'23969940','2007-03-05 23:00:00',NULL,1,7,14),('BUY',12,'0.00',NULL,'50.14',19,'23658230','2007-02-21 23:00:00',10,1,8,15),('BUY',13,'0.00',NULL,'7.30',100,'23789734','2007-02-25 23:00:00',11,1,9,16),('BUY',14,'21.90',NULL,'53.00',50,'26557892','2007-08-02 00:00:00',12,1,8,15),('BUY',15,'21.90',NULL,'40.00',65,'26733521','2007-08-10 00:00:00',13,1,11,18),('BUY',16,'21.90',NULL,'84.01',35,'26799107','2007-08-15 00:00:00',14,1,10,17),('SELL',17,'19.95',NULL,'5.64',140,'25770417','2007-06-25 00:00:00',NULL,1,5,12),('SELL',18,'21.90',NULL,'112.51',35,'27861757','2007-10-11 00:00:00',NULL,1,10,17),('SELL',19,'19.95',NULL,'3.33',232,'27909425','2007-10-15 00:00:00',NULL,1,2,9),('BUY',20,'21.90',NULL,'40.12',70,'28678225','2007-11-21 23:00:00',15,1,12,19),('BUY',21,'10.61',NULL,'9.00',90,'1408200701','2007-08-14 00:00:00',18,2,13,20),('BUY',22,'21.90',NULL,'9.01',222,'N31493450','2007-12-09 13:00:00',19,1,14,21),('BUY',32,'21.90',NULL,'40.12',70,'N31709941','2007-12-18 13:00:00',25,1,12,19),('BUY',31,'19.95',NULL,'1.79',450,'28985901','2007-12-10 13:00:00',24,1,15,22);
/*!40000 ALTER TABLE `Transaction` ENABLE KEYS */;
UNLOCK TABLES;

--
-- Table structure for table `WatchList`
--

DROP TABLE IF EXISTS `WatchList`;
CREATE TABLE `WatchList` (
  `id` int(11) NOT NULL auto_increment,
  `description` varchar(250) default NULL,
  `name` varchar(50) NOT NULL,
  PRIMARY KEY  (`id`),
  UNIQUE KEY `name` (`name`)
) ENGINE=MyISAM AUTO_INCREMENT=2 DEFAULT CHARSET=latin1;

--
-- Dumping data for table `WatchList`
--

LOCK TABLES `WatchList` WRITE;
/*!40000 ALTER TABLE `WatchList` DISABLE KEYS */;
INSERT INTO `WatchList` VALUES (1,'','Argentinean Watchlist');
/*!40000 ALTER TABLE `WatchList` ENABLE KEYS */;
UNLOCK TABLES;
/*!40103 SET TIME_ZONE=@OLD_TIME_ZONE */;

/*!40101 SET SQL_MODE=@OLD_SQL_MODE */;
/*!40014 SET FOREIGN_KEY_CHECKS=@OLD_FOREIGN_KEY_CHECKS */;
/*!40014 SET UNIQUE_CHECKS=@OLD_UNIQUE_CHECKS */;
/*!40101 SET CHARACTER_SET_CLIENT=@OLD_CHARACTER_SET_CLIENT */;
/*!40101 SET CHARACTER_SET_RESULTS=@OLD_CHARACTER_SET_RESULTS */;
/*!40101 SET COLLATION_CONNECTION=@OLD_COLLATION_CONNECTION */;
/*!40111 SET SQL_NOTES=@OLD_SQL_NOTES */;

-- Dump completed on 2007-12-26 10:02:45
