-- MySQL dump 10.11
--
-- Host: localhost    Database: tsd
-- ------------------------------------------------------
-- Server version	5.0.38-Ubuntu_0ubuntu1.1-log

/*!40101 SET @OLD_CHARACTER_SET_CLIENT=@@CHARACTER_SET_CLIENT */;
/*!40101 SET @OLD_CHARACTER_SET_RESULTS=@@CHARACTER_SET_RESULTS */;
/*!40101 SET @OLD_COLLATION_CONNECTION=@@COLLATION_CONNECTION */;
/*!40101 SET NAMES utf8 */;
/*!40103 SET @OLD_TIME_ZONE=@@TIME_ZONE */;
/*!40103 SET TIME_ZONE='+00:00' */;
/*!40014 SET @OLD_UNIQUE_CHECKS=@@UNIQUE_CHECKS, UNIQUE_CHECKS=0 */;
/*!40014 SET @OLD_FOREIGN_KEY_CHECKS=@@FOREIGN_KEY_CHECKS, FOREIGN_KEY_CHECKS=0 */;
/*!40101 SET @OLD_SQL_MODE=@@SQL_MODE, SQL_MODE='NO_AUTO_VALUE_ON_ZERO' */;
/*!40111 SET @OLD_SQL_NOTES=@@SQL_NOTES, SQL_NOTES=0 */;

--
-- Table structure for table `BuySellTransaction`
--

DROP TABLE IF EXISTS `BuySellTransaction`;
CREATE TABLE `BuySellTransaction` (
  `id` int(11) NOT NULL auto_increment,
  `sell_transaction_fk` int(11) default NULL,
  `buy_transaction_fk` int(11) default NULL,
  PRIMARY KEY  (`id`),
  KEY `FK29179CE6F027CE41` (`sell_transaction_fk`),
  KEY `FK29179CE65F52F915` (`buy_transaction_fk`),
  KEY `FK29179CE631E590F1` (`sell_transaction_fk`),
  KEY `FK29179CE6827A2065` (`buy_transaction_fk`)
) ENGINE=MyISAM AUTO_INCREMENT=7 DEFAULT CHARSET=latin1;

--
-- Dumping data for table `BuySellTransaction`
--

LOCK TABLES `BuySellTransaction` WRITE;
/*!40000 ALTER TABLE `BuySellTransaction` DISABLE KEYS */;
INSERT INTO `BuySellTransaction` VALUES (1,4,3),(2,11,10),(3,17,7),(4,17,8),(5,18,16),(6,19,2);
/*!40000 ALTER TABLE `BuySellTransaction` ENABLE KEYS */;
UNLOCK TABLES;

--
-- Table structure for table `Currency`
--

DROP TABLE IF EXISTS `Currency`;
CREATE TABLE `Currency` (
  `id` int(11) NOT NULL auto_increment,
  `code` varchar(3) NOT NULL,
  `creation_timestamp` timestamp NOT NULL default CURRENT_TIMESTAMP,
  `description` varchar(50) default NULL,
  `fx_rate` decimal(19,2) default NULL,
  PRIMARY KEY  (`id`),
  UNIQUE KEY `code` (`code`)
) ENGINE=MyISAM AUTO_INCREMENT=3 DEFAULT CHARSET=latin1;

--
-- Dumping data for table `Currency`
--

LOCK TABLES `Currency` WRITE;
/*!40000 ALTER TABLE `Currency` DISABLE KEYS */;
INSERT INTO `Currency` VALUES (1,'AUD','2007-10-07 08:31:47','Australian Dollar to US Dollar','0.83'),(2,'PES','2007-10-07 08:31:47','Argentinian Peso to US Dollar','0.32');
/*!40000 ALTER TABLE `Currency` ENABLE KEYS */;
UNLOCK TABLES;

--
-- Table structure for table `Dividend`
--

DROP TABLE IF EXISTS `Dividend`;
CREATE TABLE `Dividend` (
  `type` varchar(31) NOT NULL,
  `id` int(11) NOT NULL auto_increment,
  `franked_percentage` int(11) NOT NULL,
  `number_of_shares` bigint(20) NOT NULL,
  `payment_amount_per_share` decimal(15,4) NOT NULL,
  `payment_date` datetime NOT NULL,
  `alloted_shares` int(11) default NULL,
  `allotment_share_price` decimal(15,4) default NULL,
  `buy_transaction_fk` int(11) NOT NULL,
  PRIMARY KEY  (`id`),
  KEY `FK1990B40F827A2065` (`buy_transaction_fk`)
) ENGINE=MyISAM AUTO_INCREMENT=15 DEFAULT CHARSET=latin1;

--
-- Dumping data for table `Dividend`
--

LOCK TABLES `Dividend` WRITE;
/*!40000 ALTER TABLE `Dividend` DISABLE KEYS */;
INSERT INTO `Dividend` VALUES ('INVESTMENT',1,100,65,'1.4000','2007-11-29 00:00:00',2,'40.4672',15),('INVESTMENT',2,0,230,'0.0250','2007-04-30 00:00:00',2,'2.7222',2),('INVESTMENT',3,100,120,'0.0700','2007-04-02 00:00:00',2,'3.8300',3),('INVESTMENT',4,100,2,'0.1100','2007-09-28 00:00:00',0,'5.0200',3),('CASH',5,0,100,'0.0800','2007-10-18 00:00:00',NULL,NULL,13),('INVESTMENT',6,100,69,'1.4900','2007-08-24 00:00:00',1,'54.8000',14),('CASH',7,0,283,'0.0514','2007-03-22 00:00:00',NULL,NULL,6),('CASH',8,0,283,'0.0454','2007-09-28 00:00:00',NULL,NULL,6),('INVESTMENT',9,100,115,'0.1700','2007-03-02 00:00:00',3,'8.4342',9),('INVESTMENT',10,100,115,'0.1700','2007-08-29 00:00:00',3,'7.6678',9),('CASH',11,100,3,'0.1700','2007-08-29 00:00:00',NULL,NULL,9),('INVESTMENT',12,0,232,'0.0275','2007-10-30 00:00:00',2,'3.1069',2),('CASH',13,60,33,'0.5500','2007-03-14 00:00:00',NULL,NULL,1),('CASH',14,60,33,'0.5700','2007-09-10 00:00:00',NULL,NULL,1);
/*!40000 ALTER TABLE `Dividend` ENABLE KEYS */;
UNLOCK TABLES;

--
-- Table structure for table `Portfolio`
--

DROP TABLE IF EXISTS `Portfolio`;
CREATE TABLE `Portfolio` (
  `id` int(11) NOT NULL auto_increment,
  `name` varchar(255) NOT NULL,
  `description` varchar(250) default NULL,
  `currency_id` int(11) default NULL,
  PRIMARY KEY  (`id`),
  KEY `FKBA4F252845BF3EE9` (`currency_id`),
  KEY `FKBA4F2528489F9D99` (`currency_id`)
) ENGINE=MyISAM AUTO_INCREMENT=14 DEFAULT CHARSET=latin1;

--
-- Dumping data for table `Portfolio`
--

LOCK TABLES `Portfolio` WRITE;
/*!40000 ALTER TABLE `Portfolio` DISABLE KEYS */;
INSERT INTO `Portfolio` VALUES (12,'Australian Portfolio','',1),(13,'Argentinean Portfolio','',2);
/*!40000 ALTER TABLE `Portfolio` ENABLE KEYS */;
UNLOCK TABLES;

--
-- Table structure for table `Security`
--

DROP TABLE IF EXISTS `Security`;
CREATE TABLE `Security` (
  `id` int(11) NOT NULL auto_increment,
  `code` varchar(5) NOT NULL,
  `country` varchar(3) NOT NULL,
  `description` varchar(50) default NULL,
  PRIMARY KEY  (`id`),
  UNIQUE KEY `code` (`code`)
) ENGINE=MyISAM AUTO_INCREMENT=16 DEFAULT CHARSET=latin1;

--
-- Dumping data for table `Security`
--

LOCK TABLES `Security` WRITE;
/*!40000 ALTER TABLE `Security` DISABLE KEYS */;
INSERT INTO `Security` VALUES (1,'QBE','AX','Insurance Group Limited'),(2,'TGR','AX','Tassal Group Limited'),(3,'WTP','AX','Watpac Limited'),(4,'OSH','AX','Oil Search Ltd'),(5,'SGX','AX','Sino Gold Mining Ltd'),(6,'BLD','AX','Boral Limited'),(7,'WDC','AX','Westfield Group'),(8,'CBA','AX','Commonwealth Bank of Australia'),(9,'DOW','AX','Downer EDI Ltd'),(10,'RIO','AX','Rio Tinto'),(11,'WES','AX','Wesfarmers'),(12,'BHP','AX','BHP Billition'),(13,'BMA','BA','Macro Bansud'),(14,'ORG','AX','Origin Energy'),(15,'SWK','AX','Swick Mining');
/*!40000 ALTER TABLE `Security` ENABLE KEYS */;
UNLOCK TABLES;

--
-- Table structure for table `Snapshot`
--

DROP TABLE IF EXISTS `Snapshot`;
CREATE TABLE `Snapshot` (
  `id` int(11) NOT NULL auto_increment,
  `channel_taken` decimal(19,2) NOT NULL,
  `difference` decimal(19,2) NOT NULL,
  `last_price` decimal(19,2) NOT NULL,
  `market_value` decimal(19,2) NOT NULL,
  `number_weeks_since_buy` int(11) NOT NULL,
  `return_on_capital` decimal(19,2) NOT NULL,
  `risk` decimal(19,2) NOT NULL,
  `snapshot_number` int(11) NOT NULL,
  `timestamp` timestamp NOT NULL default CURRENT_TIMESTAMP,
  `trailing_stop_loss` decimal(19,2) NOT NULL,
  `buy_transaction_id` int(11) NOT NULL,
  PRIMARY KEY  (`id`),
  KEY `FK14D539E45F52F96B` (`buy_transaction_id`),
  KEY `FK14D539E4827A20BB` (`buy_transaction_id`)
) ENGINE=MyISAM AUTO_INCREMENT=1398 DEFAULT CHARSET=latin1;

--
-- Dumping data for table `Snapshot`
--

LOCK TABLES `Snapshot` WRITE;
/*!40000 ALTER TABLE `Snapshot` DISABLE KEYS */;
INSERT INTO `Snapshot` VALUES (1,'25.40','73.92','31.89','1052.37',18,'7.55','0.00',1,'2007-05-26 05:00:20','28.70',1),(2,'110.87','234.60','3.20','736.00',15,'46.79','0.00',1,'2007-05-26 05:00:21','2.88',2),(3,'170.37','110.40','5.12','614.40',15,'21.90','0.00',1,'2007-05-26 05:00:22','4.61',3),(4,'62.50','49.35','3.92','552.72',15,'9.80','0.00',1,'2007-05-26 05:00:22','3.53',5),(5,'60.71','48.28','3.92','556.64',12,'9.50','0.00',1,'2007-05-26 05:00:23','3.53',6),(6,'-26.51','-81.40','5.70','421.80',14,'-16.18','0.00',1,'2007-05-26 05:00:23','5.13',7),(7,'-45.78','-125.40','5.70','376.20',12,'-25.00','0.00',1,'2007-05-26 05:00:24','5.13',8),(8,'8.33','17.25','8.85','1017.75',14,'1.72','0.00',1,'2007-05-26 05:00:24','7.96',9),(9,'-45.64','-106.04','20.39','897.16',14,'-10.57','0.00',1,'2007-05-26 05:00:25','18.35',10),(10,'86.28','99.18','55.36','1051.84',13,'10.41','0.00',1,'2007-05-26 05:00:25','49.82',12),(11,'7.74','12.00','7.42','742.00',12,'1.64','0.00',1,'2007-05-26 05:00:26','6.68',13),(12,'25.40','73.92','31.89','1052.37',19,'7.55','0.00',2,'2007-05-27 05:00:37','28.70',1),(13,'110.87','234.60','3.20','736.00',16,'46.79','0.00',2,'2007-05-27 05:00:38','2.88',2),(14,'170.37','110.40','5.12','614.40',16,'21.90','0.00',2,'2007-05-27 05:00:38','4.61',3),(15,'62.50','49.35','3.92','552.72',16,'9.80','0.00',2,'2007-05-27 05:00:40','3.53',5),(16,'60.71','48.28','3.92','556.64',13,'9.50','0.00',2,'2007-05-27 05:00:41','3.53',6),(17,'-26.51','-81.40','5.70','421.80',15,'-16.18','0.00',2,'2007-05-27 05:00:43','5.13',7),(18,'-45.78','-125.40','5.70','376.20',13,'-25.00','0.00',2,'2007-05-27 05:00:45','5.13',8),(19,'8.33','17.25','8.85','1017.75',15,'1.72','0.00',2,'2007-05-27 05:00:48','7.96',9),(20,'-45.64','-106.04','20.39','897.16',15,'-10.57','0.00',2,'2007-05-27 05:00:50','18.35',10),(21,'86.28','99.18','55.36','1051.84',14,'10.41','0.00',2,'2007-05-27 05:00:53','49.82',12),(22,'7.74','12.00','7.42','742.00',13,'1.64','0.00',2,'2007-05-27 05:00:56','6.68',13),(23,'25.40','73.92','31.89','1052.37',20,'7.55','0.00',3,'2007-05-28 05:00:24','28.70',1),(24,'110.87','234.60','3.20','736.00',17,'46.79','0.00',3,'2007-05-28 05:00:24','2.88',2),(25,'170.37','110.40','5.12','614.40',17,'21.90','0.00',3,'2007-05-28 05:00:25','4.61',3),(26,'62.50','49.35','3.92','552.72',17,'9.80','0.00',3,'2007-05-28 05:00:25','3.53',5),(27,'60.71','48.28','3.92','556.64',14,'9.50','0.00',3,'2007-05-28 05:00:26','3.53',6),(28,'-26.51','-81.40','5.70','421.80',16,'-16.18','0.00',3,'2007-05-28 05:00:26','5.13',7),(29,'-45.78','-125.40','5.70','376.20',14,'-25.00','0.00',3,'2007-05-28 05:00:27','5.13',8),(30,'8.33','17.25','8.85','1017.75',16,'1.72','0.00',3,'2007-05-28 05:00:27','7.96',9),(31,'-45.64','-106.04','20.39','897.16',16,'-10.57','0.00',3,'2007-05-28 05:00:28','18.35',10),(32,'86.28','99.18','55.36','1051.84',15,'10.41','0.00',3,'2007-05-28 05:00:28','49.82',12),(33,'7.74','12.00','7.42','742.00',14,'1.64','0.00',3,'2007-05-28 05:00:29','6.68',13),(34,'22.79','66.33','31.66','1044.78',21,'6.78','0.00',4,'2007-05-29 05:00:21','28.70',1),(35,'111.96','236.90','3.21','738.30',18,'47.25','0.00',4,'2007-05-29 05:00:21','2.89',2),(36,'177.78','115.20','5.16','619.20',18,'22.86','0.00',4,'2007-05-29 05:00:22','4.64',3),(37,'60.71','47.94','3.91','551.31',18,'9.52','0.00',4,'2007-05-29 05:00:22','3.53',5),(38,'58.93','46.86','3.91','555.22',15,'9.22','0.00',4,'2007-05-29 05:00:23','3.53',6),(39,'-26.27','-80.66','5.71','422.54',17,'-16.03','0.00',4,'2007-05-29 05:00:23','5.14',7),(40,'-45.54','-124.74','5.71','376.86',15,'-24.87','0.00',4,'2007-05-29 05:00:24','5.14',8),(41,'15.56','32.20','8.98','1032.70',17,'3.22','0.00',4,'2007-05-29 05:00:24','8.08',9),(42,'-46.02','-106.92','20.37','896.28',17,'-10.66','0.00',4,'2007-05-29 05:00:25','18.35',10),(43,'86.12','98.99','55.35','1051.65',16,'10.39','0.00',4,'2007-05-29 05:00:25','49.82',12),(44,'13.55','21.00','7.51','751.00',15,'2.88','0.00',4,'2007-05-29 05:00:26','6.76',13),(45,'25.40','73.92','31.89','1052.37',22,'7.55','0.00',5,'2007-05-30 05:00:20','28.70',1),(46,'134.78','285.20','3.42','786.60',19,'56.88','0.00',5,'2007-05-30 05:00:20','3.08',2),(47,'222.22','144.00','5.40','648.00',19,'28.57','0.00',5,'2007-05-30 05:00:21','4.86',3),(48,'55.36','43.71','3.88','547.08',19,'8.68','0.00',5,'2007-05-30 05:00:21','3.53',5),(49,'53.57','42.60','3.88','550.96',16,'8.38','0.00',5,'2007-05-30 05:00:22','3.53',6),(50,'-27.23','-83.62','5.67','419.58',18,'-16.62','0.00',5,'2007-05-30 05:00:22','5.14',7),(51,'-46.51','-127.38','5.67','374.22',16,'-25.39','0.00',5,'2007-05-30 05:00:22','5.14',8),(52,'17.78','36.80','9.02','1037.30',18,'3.68','0.00',5,'2007-05-30 05:00:23','8.12',9),(53,'-37.31','-86.68','20.83','916.52',18,'-8.64','0.00',5,'2007-05-30 05:00:23','18.75',10),(54,'97.52','112.10','56.04','1064.76',17,'11.77','0.00',5,'2007-05-30 05:00:24','50.44',12),(55,'3.87','6.00','7.36','736.00',16,'0.82','0.00',5,'2007-05-30 05:00:24','6.76',13),(56,'22.11','64.35','31.60','1042.80',23,'6.58','0.00',6,'2007-05-31 05:00:14','28.70',1),(57,'128.26','271.40','3.36','772.80',20,'54.13','0.00',6,'2007-05-31 05:00:14','3.08',2),(58,'222.22','144.00','5.40','648.00',20,'28.57','0.00',6,'2007-05-31 05:00:15','4.86',3),(59,'50.00','39.48','3.85','542.85',20,'7.84','0.00',6,'2007-05-31 05:00:16','3.53',5),(60,'48.21','38.34','3.85','546.70',17,'7.54','0.00',6,'2007-05-31 05:00:17','3.53',6),(61,'-23.61','-72.52','5.82','430.68',19,'-14.41','0.00',6,'2007-05-31 05:00:18','5.24',7),(62,'-42.89','-117.48','5.82','384.12',17,'-23.42','0.00',6,'2007-05-31 05:00:18','5.24',8),(63,'6.11','12.65','8.81','1013.15',19,'1.26','0.00',6,'2007-05-31 05:00:20','8.12',9),(64,'-38.45','-89.32','20.77','913.88',19,'-8.90','0.00',6,'2007-05-31 05:00:21','18.75',10),(65,'80.83','92.91','55.03','1045.57',18,'9.75','0.00',6,'2007-05-31 05:00:23','50.44',12),(66,'1.29','2.00','7.32','732.00',17,'0.27','0.00',6,'2007-05-31 05:00:24','6.76',13),(67,'17.80','51.81','31.22','1030.26',24,'5.30','0.00',7,'2007-06-01 05:00:23','28.70',1),(68,'114.13','241.50','3.23','742.90',21,'48.17','0.00',7,'2007-06-01 05:00:24','3.08',2),(69,'224.07','145.20','5.41','649.20',21,'28.81','0.00',7,'2007-06-01 05:00:25','4.87',3),(70,'67.86','53.58','3.95','556.95',21,'10.64','0.00',7,'2007-06-01 05:00:27','3.56',5),(71,'66.07','52.54','3.95','560.90',18,'10.34','0.00',7,'2007-06-01 05:00:28','3.56',6),(72,'-19.28','-59.20','6.00','444.00',20,'-11.76','0.00',7,'2007-06-01 05:00:28','5.40',7),(73,'-38.55','-105.60','6.00','396.00',18,'-21.05','0.00',7,'2007-06-01 05:00:29','5.40',8),(74,'6.67','13.80','8.82','1014.30',20,'1.38','0.00',7,'2007-06-01 05:00:30','8.12',9),(75,'-25.57','-59.40','21.45','943.80',20,'-5.92','0.00',7,'2007-06-01 05:00:31','19.30',10),(76,'86.94','99.94','55.40','1052.60',19,'10.49','0.00',7,'2007-06-01 05:00:32','50.44',12),(77,'10.97','17.00','7.47','747.00',18,'2.33','0.00',7,'2007-06-01 05:00:33','6.76',13),(78,'15.31','44.55','31.00','1023.00',25,'4.55','0.00',8,'2007-06-02 05:00:23','28.70',1),(79,'111.96','236.90','3.21','738.30',22,'47.25','0.00',8,'2007-06-02 05:00:24','3.08',2),(80,'216.67','140.40','5.37','644.40',22,'27.86','0.00',8,'2007-06-02 05:00:25','4.87',3),(81,'73.21','57.81','3.98','561.18',22,'11.48','0.00',8,'2007-06-02 05:00:25','3.58',5),(82,'71.43','56.80','3.98','565.16',19,'11.17','0.00',8,'2007-06-02 05:00:26','3.58',6),(83,'-18.07','-55.50','6.05','447.70',21,'-11.03','0.00',8,'2007-06-02 05:00:27','5.44',7),(84,'-37.35','-102.30','6.05','399.30',19,'-20.39','0.00',8,'2007-06-02 05:00:28','5.44',8),(85,'11.11','23.00','8.90','1023.50',21,'2.30','0.00',8,'2007-06-02 05:00:28','8.12',9),(86,'-21.78','-50.60','21.65','952.60',21,'-5.04','0.00',8,'2007-06-02 05:00:29','19.48',10),(87,'81.98','94.24','55.10','1046.90',20,'9.89','0.00',8,'2007-06-02 05:00:30','50.44',12),(88,'6.45','10.00','7.40','740.00',19,'1.37','0.00',8,'2007-06-02 05:00:30','6.76',13),(89,'15.31','44.55','31.00','1023.00',26,'4.55','0.00',9,'2007-06-03 05:00:18','28.70',1),(90,'111.96','236.90','3.21','738.30',23,'47.25','0.00',9,'2007-06-03 05:00:19','3.08',2),(91,'216.67','140.40','5.37','644.40',23,'27.86','0.00',9,'2007-06-03 05:00:20','4.87',3),(92,'73.21','57.81','3.98','561.18',23,'11.48','0.00',9,'2007-06-03 05:00:20','3.58',5),(93,'71.43','56.80','3.98','565.16',20,'11.17','0.00',9,'2007-06-03 05:00:21','3.58',6),(94,'-18.07','-55.50','6.05','447.70',22,'-11.03','0.00',9,'2007-06-03 05:00:21','5.44',7),(95,'-37.35','-102.30','6.05','399.30',20,'-20.39','0.00',9,'2007-06-03 05:00:22','5.44',8),(96,'11.11','23.00','8.90','1023.50',22,'2.30','0.00',9,'2007-06-03 05:00:22','8.12',9),(97,'-21.78','-50.60','21.65','952.60',22,'-5.04','0.00',9,'2007-06-03 05:00:23','19.48',10),(98,'81.98','94.24','55.10','1046.90',21,'9.89','0.00',9,'2007-06-03 05:00:23','50.44',12),(99,'6.45','10.00','7.40','740.00',20,'1.37','0.00',9,'2007-06-03 05:00:24','6.76',13),(100,'15.31','44.55','31.00','1023.00',27,'4.55','0.00',10,'2007-06-04 05:00:20','28.70',1),(101,'111.96','236.90','3.21','738.30',24,'47.25','0.00',10,'2007-06-04 05:00:21','3.08',2),(102,'216.67','140.40','5.37','644.40',24,'27.86','0.00',10,'2007-06-04 05:00:21','4.87',3),(103,'73.21','57.81','3.98','561.18',24,'11.48','0.00',10,'2007-06-04 05:00:22','3.58',5),(104,'71.43','56.80','3.98','565.16',21,'11.17','0.00',10,'2007-06-04 05:00:22','3.58',6),(105,'-18.07','-55.50','6.05','447.70',23,'-11.03','0.00',10,'2007-06-04 05:00:23','5.44',7),(106,'-37.35','-102.30','6.05','399.30',21,'-20.39','0.00',10,'2007-06-04 05:00:23','5.44',8),(107,'11.11','23.00','8.90','1023.50',23,'2.30','0.00',10,'2007-06-04 05:00:24','8.12',9),(108,'-21.78','-50.60','21.65','952.60',23,'-5.04','0.00',10,'2007-06-04 05:00:24','19.48',10),(109,'81.98','94.24','55.10','1046.90',22,'9.89','0.00',10,'2007-06-04 05:00:25','50.44',12),(110,'6.45','10.00','7.40','740.00',21,'1.37','0.00',10,'2007-06-04 05:00:25','6.76',13),(111,'20.18','58.74','31.43','1037.19',28,'6.00','0.00',11,'2007-06-05 05:00:21','28.70',1),(112,'110.87','234.60','3.20','736.00',25,'46.79','0.00',11,'2007-06-05 05:00:21','3.08',2),(113,'209.26','135.60','5.33','639.60',25,'26.90','0.00',11,'2007-06-05 05:00:22','4.87',3),(114,'89.29','70.50','4.07','573.87',25,'14.01','0.00',11,'2007-06-05 05:00:23','3.66',5),(115,'87.50','69.58','4.07','577.94',22,'13.69','0.00',11,'2007-06-05 05:00:24','3.66',6),(116,'-16.87','-51.80','6.10','451.40',24,'-10.29','0.00',11,'2007-06-05 05:00:24','5.49',7),(117,'-36.14','-99.00','6.10','402.60',22,'-19.74','0.00',11,'2007-06-05 05:00:25','5.49',8),(118,'16.11','33.35','8.99','1033.85',24,'3.33','0.00',11,'2007-06-05 05:00:26','8.12',9),(119,'-19.89','-46.20','21.75','957.00',24,'-4.61','0.00',11,'2007-06-05 05:00:27','19.58',10),(120,'85.62','98.42','55.32','1051.08',23,'10.33','0.00',11,'2007-06-05 05:00:28','50.44',12),(121,'5.16','8.00','7.38','738.00',22,'1.10','0.00',11,'2007-06-05 05:00:29','6.76',13),(122,'18.71','54.45','31.30','1032.90',29,'5.56','0.00',12,'2007-06-07 05:00:19','28.70',1),(123,'91.30','193.20','3.02','694.60',26,'38.53','0.00',12,'2007-06-07 05:00:20','3.08',2),(124,'205.56','133.20','5.31','637.20',26,'26.43','0.00',12,'2007-06-07 05:00:21','4.87',3),(125,'80.36','63.45','4.02','566.82',26,'12.61','0.00',12,'2007-06-07 05:00:22','3.66',5),(126,'78.57','62.48','4.02','570.84',23,'12.29','0.00',12,'2007-06-07 05:00:23','3.66',6),(127,'-15.42','-47.36','6.16','455.84',25,'-9.41','0.00',12,'2007-06-07 05:00:23','5.54',7),(128,'-34.70','-95.04','6.16','406.56',23,'-18.95','0.00',12,'2007-06-07 05:00:24','5.54',8),(129,'27.78','57.50','9.20','1058.00',25,'5.75','0.00',12,'2007-06-07 05:00:25','8.28',9),(130,'-17.99','-41.80','21.85','961.40',25,'-4.17','0.00',12,'2007-06-07 05:00:26','19.67',10),(131,'74.38','85.50','54.64','1038.16',24,'8.97','0.00',12,'2007-06-07 05:00:27','50.44',12),(132,'0.00','0.00','7.30','730.00',23,'0.00','0.00',12,'2007-06-07 05:00:28','6.76',13),(133,'17.12','49.83','31.16','1028.28',30,'5.09','0.00',13,'2007-06-08 05:00:21','28.70',1),(134,'94.57','200.10','3.05','701.50',27,'39.91','0.00',13,'2007-06-08 05:00:22','3.08',2),(135,'229.63','148.80','5.44','652.80',27,'29.52','0.00',13,'2007-06-08 05:00:23','4.90',3),(136,'73.21','57.81','3.98','561.18',27,'11.48','0.00',13,'2007-06-08 05:00:24','3.66',5),(137,'71.43','56.80','3.98','565.16',24,'11.17','0.00',13,'2007-06-08 05:00:24','3.66',6),(138,'-19.28','-59.20','6.00','444.00',26,'-11.76','0.00',13,'2007-06-08 05:00:25','5.54',7),(139,'-38.55','-105.60','6.00','396.00',24,'-21.05','0.00',13,'2007-06-08 05:00:26','5.54',8),(140,'18.89','39.10','9.04','1039.60',26,'3.91','0.00',13,'2007-06-08 05:00:27','8.28',9),(141,'-25.38','-58.96','21.46','944.24',26,'-5.88','0.00',13,'2007-06-08 05:00:28','19.67',10),(142,'74.88','86.07','54.67','1038.73',25,'9.03','0.00',13,'2007-06-08 05:00:28','50.44',12),(143,'-5.81','-9.00','7.21','721.00',24,'-1.23','0.00',13,'2007-06-08 05:00:29','6.76',13),(144,'17.01','49.50','31.15','1027.95',31,'5.06','0.00',14,'2007-06-09 05:00:21','28.70',1),(145,'94.57','200.10','3.05','701.50',28,'39.91','0.00',14,'2007-06-09 05:00:21','3.08',2),(146,'227.78','147.60','5.43','651.60',28,'29.29','0.00',14,'2007-06-09 05:00:22','4.90',3),(147,'57.14','45.12','3.89','548.49',28,'8.96','0.00',14,'2007-06-09 05:00:22','3.66',5),(148,'55.36','44.02','3.89','552.38',25,'8.66','0.00',14,'2007-06-09 05:00:23','3.66',6),(149,'-22.89','-70.30','5.85','432.90',27,'-13.97','0.00',14,'2007-06-09 05:00:23','5.54',7),(150,'-42.17','-115.50','5.85','386.10',25,'-23.03','0.00',14,'2007-06-09 05:00:24','5.54',8),(151,'7.78','16.10','8.84','1016.60',27,'1.61','0.00',14,'2007-06-09 05:00:24','8.28',9),(152,'-31.82','-73.92','21.12','929.28',27,'-7.37','0.00',14,'2007-06-09 05:00:25','19.67',10),(153,'66.28','76.19','54.15','1028.85',26,'8.00','0.00',14,'2007-06-09 05:00:25','50.44',12),(154,'-7.74','-12.00','7.18','718.00',25,'-1.64','0.00',14,'2007-06-09 05:00:26','6.76',13),(155,'17.01','49.50','31.15','1027.95',32,'5.06','0.00',15,'2007-06-10 05:00:17','28.70',1),(156,'94.57','200.10','3.05','701.50',29,'39.91','0.00',15,'2007-06-10 05:00:17','3.08',2),(157,'227.78','147.60','5.43','651.60',29,'29.29','0.00',15,'2007-06-10 05:00:18','4.90',3),(158,'57.14','45.12','3.89','548.49',29,'8.96','0.00',15,'2007-06-10 05:00:18','3.66',5),(159,'55.36','44.02','3.89','552.38',26,'8.66','0.00',15,'2007-06-10 05:00:19','3.66',6),(160,'-22.89','-70.30','5.85','432.90',28,'-13.97','0.00',15,'2007-06-10 05:00:19','5.54',7),(161,'-42.17','-115.50','5.85','386.10',26,'-23.03','0.00',15,'2007-06-10 05:00:20','5.54',8),(162,'7.78','16.10','8.84','1016.60',28,'1.61','0.00',15,'2007-06-10 05:00:20','8.28',9),(163,'-31.82','-73.92','21.12','929.28',28,'-7.37','0.00',15,'2007-06-10 05:00:21','19.67',10),(164,'66.28','76.19','54.15','1028.85',27,'8.00','0.00',15,'2007-06-10 05:00:21','50.44',12),(165,'-7.74','-12.00','7.18','718.00',26,'-1.64','0.00',15,'2007-06-10 05:00:22','6.76',13),(166,'17.01','49.50','31.15','1027.95',33,'5.06','0.00',16,'2007-06-11 05:00:20','28.70',1),(167,'94.57','200.10','3.05','701.50',30,'39.91','0.00',16,'2007-06-11 05:00:21','3.08',2),(168,'227.78','147.60','5.43','651.60',30,'29.29','0.00',16,'2007-06-11 05:00:21','4.90',3),(169,'57.14','45.12','3.89','548.49',30,'8.96','0.00',16,'2007-06-11 05:00:22','3.66',5),(170,'55.36','44.02','3.89','552.38',27,'8.66','0.00',16,'2007-06-11 05:00:22','3.66',6),(171,'-22.89','-70.30','5.85','432.90',29,'-13.97','0.00',16,'2007-06-11 05:00:23','5.54',7),(172,'-42.17','-115.50','5.85','386.10',27,'-23.03','0.00',16,'2007-06-11 05:00:23','5.54',8),(173,'7.78','16.10','8.84','1016.60',29,'1.61','0.00',16,'2007-06-11 05:00:24','8.28',9),(174,'-31.82','-73.92','21.12','929.28',29,'-7.37','0.00',16,'2007-06-11 05:00:24','19.67',10),(175,'66.28','76.19','54.15','1028.85',28,'8.00','0.00',16,'2007-06-11 05:00:25','50.44',12),(176,'-7.74','-12.00','7.18','718.00',27,'-1.64','0.00',16,'2007-06-11 05:00:25','6.76',13),(177,'17.01','49.50','31.15','1027.95',34,'5.06','0.00',17,'2007-06-12 05:00:20','28.70',1),(178,'94.57','200.10','3.05','701.50',31,'39.91','0.00',17,'2007-06-12 05:00:21','3.08',2),(179,'227.78','147.60','5.43','651.60',31,'29.29','0.00',17,'2007-06-12 05:00:22','4.90',3),(180,'57.14','45.12','3.89','548.49',31,'8.96','0.00',17,'2007-06-12 05:00:22','3.66',5),(181,'55.36','44.02','3.89','552.38',28,'8.66','0.00',17,'2007-06-12 05:00:23','3.66',6),(182,'-22.89','-70.30','5.85','432.90',30,'-13.97','0.00',17,'2007-06-12 05:00:23','5.54',7),(183,'-42.17','-115.50','5.85','386.10',28,'-23.03','0.00',17,'2007-06-12 05:00:24','5.54',8),(184,'7.78','16.10','8.84','1016.60',30,'1.61','0.00',17,'2007-06-12 05:00:25','8.28',9),(185,'-31.82','-73.92','21.12','929.28',30,'-7.37','0.00',17,'2007-06-12 05:00:25','19.67',10),(186,'66.28','76.19','54.15','1028.85',29,'8.00','0.00',17,'2007-06-12 05:00:26','50.44',12),(187,'-7.74','-12.00','7.18','718.00',28,'-1.64','0.00',17,'2007-06-12 05:00:26','6.76',13),(188,'15.87','46.20','31.05','1024.65',35,'4.72','0.00',18,'2007-06-13 05:00:19','28.70',1),(189,'108.70','230.00','3.18','731.40',32,'45.87','0.00',18,'2007-06-13 05:00:20','3.08',2),(190,'222.22','144.00','5.40','648.00',32,'28.57','0.00',18,'2007-06-13 05:00:21','4.90',3),(191,'73.21','57.81','3.98','561.18',32,'11.48','0.00',18,'2007-06-13 05:00:22','3.66',5),(192,'71.43','56.80','3.98','565.16',29,'11.17','0.00',18,'2007-06-13 05:00:22','3.66',6),(193,'-26.75','-82.14','5.69','421.06',31,'-16.32','0.00',18,'2007-06-13 05:00:23','5.54',7),(194,'-46.02','-126.06','5.69','375.54',29,'-25.13','0.00',18,'2007-06-13 05:00:24','5.54',8),(195,'8.89','18.40','8.86','1018.90',31,'1.84','0.00',18,'2007-06-13 05:00:26','8.28',9),(196,'-35.98','-83.60','20.90','919.60',31,'-8.33','0.00',18,'2007-06-13 05:00:27','19.67',10),(197,'59.67','68.59','53.75','1021.25',30,'7.20','0.00',18,'2007-06-13 05:00:27','50.44',12),(198,'-9.68','-15.00','7.15','715.00',29,'-2.05','0.00',18,'2007-06-13 05:00:28','6.76',13),(199,'16.44','47.85','31.10','1026.30',36,'4.89','0.00',19,'2007-06-14 05:00:26','28.70',1),(200,'106.52','225.40','3.16','726.80',33,'44.95','0.00',19,'2007-06-14 05:00:30','3.08',2),(201,'222.22','144.00','5.40','648.00',33,'28.57','0.00',19,'2007-06-14 05:00:33','4.90',3),(202,'78.57','62.04','4.01','565.41',33,'12.32','0.00',19,'2007-06-14 05:00:35','3.66',5),(203,'76.79','61.06','4.01','569.42',30,'12.01','0.00',19,'2007-06-14 05:00:37','3.66',6),(204,'-34.22','-105.08','5.38','398.12',32,'-20.88','0.00',19,'2007-06-14 05:00:40','5.54',7),(205,'-53.49','-146.52','5.38','355.08',30,'-29.21','0.00',19,'2007-06-14 05:00:41','5.54',8),(206,'6.67','13.80','8.82','1014.30',32,'1.38','0.00',19,'2007-06-14 05:00:42','8.28',9),(207,'-35.98','-83.60','20.90','919.60',32,'-8.33','0.00',19,'2007-06-14 05:00:44','19.67',10),(208,'60.83','69.92','53.82','1022.58',31,'7.34','0.00',19,'2007-06-14 05:00:45','50.44',12),(209,'-16.13','-25.00','7.05','705.00',30,'-3.42','0.00',19,'2007-06-14 05:00:49','6.76',13),(210,'23.13','67.32','31.69','1045.77',37,'6.88','0.00',20,'2007-06-15 05:00:20','28.70',1),(211,'110.87','234.60','3.20','736.00',34,'46.79','0.00',20,'2007-06-15 05:00:21','3.08',2),(212,'225.93','146.40','5.42','650.40',34,'29.05','0.00',20,'2007-06-15 05:00:22','4.90',3),(213,'103.57','81.78','4.15','585.15',34,'16.25','0.00',20,'2007-06-15 05:00:22','3.74',5),(214,'101.79','80.94','4.15','589.30',31,'15.92','0.00',20,'2007-06-15 05:00:24','3.74',6),(215,'-30.36','-93.24','5.54','409.96',33,'-18.53','0.00',20,'2007-06-15 05:00:24','5.54',7),(216,'-49.64','-135.96','5.54','365.64',31,'-27.11','0.00',20,'2007-06-15 05:00:25','5.54',8),(217,'16.67','34.50','9.00','1035.00',33,'3.45','0.00',20,'2007-06-15 05:00:25','8.28',9),(218,'-35.98','-83.60','20.90','919.60',33,'-8.33','0.00',20,'2007-06-15 05:00:26','19.67',10),(219,'65.12','74.86','54.08','1027.52',32,'7.86','0.00',20,'2007-06-15 05:00:26','50.44',12),(220,'-14.19','-22.00','7.08','708.00',31,'-3.01','0.00',20,'2007-06-15 05:00:27','6.76',13),(221,'26.64','77.55','32.00','1056.00',38,'7.93','0.00',21,'2007-06-16 05:00:35','28.80',1),(222,'107.61','227.70','3.17','729.10',35,'45.41','0.00',21,'2007-06-16 05:00:37','3.08',2),(223,'224.07','145.20','5.41','649.20',35,'28.81','0.00',21,'2007-06-16 05:00:38','4.90',3),(224,'121.43','95.88','4.25','599.25',35,'19.05','0.00',21,'2007-06-16 05:00:38','3.83',5),(225,'119.64','95.14','4.25','603.50',32,'18.72','0.00',21,'2007-06-16 05:00:39','3.83',6),(226,'-29.40','-90.28','5.58','412.92',34,'-17.94','0.00',21,'2007-06-16 05:00:40','5.54',7),(227,'-48.67','-133.32','5.58','368.28',32,'-26.58','0.00',21,'2007-06-16 05:00:41','5.54',8),(228,'13.89','28.75','8.95','1029.25',34,'2.87','0.00',21,'2007-06-16 05:00:42','8.28',9),(229,'-35.98','-83.60','20.90','919.60',34,'-8.33','0.00',21,'2007-06-16 05:00:44','19.67',10),(230,'72.07','82.84','54.50','1035.50',33,'8.70','0.00',21,'2007-06-16 05:00:45','50.44',12),(231,'-8.39','-13.00','7.17','717.00',32,'-1.78','0.00',21,'2007-06-16 05:00:47','6.76',13),(232,'26.64','77.55','32.00','1056.00',39,'7.93','0.00',22,'2007-06-17 05:00:20','28.80',1),(233,'107.61','227.70','3.17','729.10',36,'45.41','0.00',22,'2007-06-17 05:00:21','3.08',2),(234,'224.07','145.20','5.41','649.20',36,'28.81','0.00',22,'2007-06-17 05:00:21','4.90',3),(235,'121.43','95.88','4.25','599.25',36,'19.05','0.00',22,'2007-06-17 05:00:22','3.83',5),(236,'119.64','95.14','4.25','603.50',33,'18.72','0.00',22,'2007-06-17 05:00:22','3.83',6),(237,'-29.40','-90.28','5.58','412.92',35,'-17.94','0.00',22,'2007-06-17 05:00:23','5.54',7),(238,'-48.67','-133.32','5.58','368.28',33,'-26.58','0.00',22,'2007-06-17 05:00:23','5.54',8),(239,'13.89','28.75','8.95','1029.25',35,'2.87','0.00',22,'2007-06-17 05:00:24','8.28',9),(240,'-35.98','-83.60','20.90','919.60',35,'-8.33','0.00',22,'2007-06-17 05:00:24','19.67',10),(241,'72.07','82.84','54.50','1035.50',34,'8.70','0.00',22,'2007-06-17 05:00:25','50.44',12),(242,'-8.39','-13.00','7.17','717.00',33,'-1.78','0.00',22,'2007-06-17 05:00:25','6.76',13),(243,'26.64','77.55','32.00','1056.00',40,'7.93','0.00',23,'2007-06-18 05:00:20','28.80',1),(244,'107.61','227.70','3.17','729.10',37,'45.41','0.00',23,'2007-06-18 05:00:21','3.08',2),(245,'224.07','145.20','5.41','649.20',37,'28.81','0.00',23,'2007-06-18 05:00:22','4.90',3),(246,'121.43','95.88','4.25','599.25',37,'19.05','0.00',23,'2007-06-18 05:00:22','3.83',5),(247,'119.64','95.14','4.25','603.50',34,'18.72','0.00',23,'2007-06-18 05:00:23','3.83',6),(248,'-29.40','-90.28','5.58','412.92',36,'-17.94','0.00',23,'2007-06-18 05:00:23','5.54',7),(249,'-48.67','-133.32','5.58','368.28',34,'-26.58','0.00',23,'2007-06-18 05:00:24','5.54',8),(250,'13.89','28.75','8.95','1029.25',36,'2.87','0.00',23,'2007-06-18 05:00:24','8.28',9),(251,'-35.98','-83.60','20.90','919.60',36,'-8.33','0.00',23,'2007-06-18 05:00:25','19.67',10),(252,'72.07','82.84','54.50','1035.50',35,'8.70','0.00',23,'2007-06-18 05:00:25','50.44',12),(253,'-8.39','-13.00','7.17','717.00',34,'-1.78','0.00',23,'2007-06-18 05:00:26','6.76',13),(254,'28.00','81.51','32.12','1059.96',41,'8.33','0.00',24,'2007-06-19 05:00:17','28.91',1),(255,'107.61','227.70','3.17','729.10',38,'45.41','0.00',24,'2007-06-19 05:00:18','3.08',2),(256,'222.22','144.00','5.40','648.00',38,'28.57','0.00',24,'2007-06-19 05:00:19','4.90',3),(257,'126.79','100.11','4.28','603.48',38,'19.89','0.00',24,'2007-06-19 05:00:19','3.85',5),(258,'125.00','99.40','4.28','607.76',35,'19.55','0.00',24,'2007-06-19 05:00:20','3.85',6),(259,'-26.99','-82.88','5.68','420.32',37,'-16.47','0.00',24,'2007-06-19 05:00:20','5.54',7),(260,'-46.27','-126.72','5.68','374.88',35,'-25.26','0.00',24,'2007-06-19 05:00:21','5.54',8),(261,'19.44','40.25','9.05','1040.75',37,'4.02','0.00',24,'2007-06-19 05:00:21','8.28',9),(262,'-47.35','-110.00','20.30','893.20',37,'-10.96','0.00',24,'2007-06-19 05:00:22','19.67',10),(263,'85.29','98.04','55.30','1050.70',36,'10.29','0.00',24,'2007-06-19 05:00:22','50.44',12),(264,'-20.00','-31.00','6.99','699.00',35,'-4.25','0.00',24,'2007-06-19 05:00:23','6.76',13),(265,'31.75','92.40','32.45','1070.85',42,'9.44','0.00',25,'2007-06-20 05:00:24','29.21',1),(266,'102.17','216.20','3.12','717.60',39,'43.12','0.00',25,'2007-06-20 05:00:25','3.08',2),(267,'227.78','147.60','5.43','651.60',39,'29.29','0.00',25,'2007-06-20 05:00:26','4.90',3),(268,'123.21','97.29','4.26','600.66',39,'19.33','0.00',25,'2007-06-20 05:00:26','3.85',5),(269,'121.43','96.56','4.26','604.92',36,'18.99','0.00',25,'2007-06-20 05:00:27','3.85',6),(270,'-27.47','-84.36','5.66','418.84',38,'-16.76','0.00',25,'2007-06-20 05:00:27','5.54',7),(271,'-46.75','-128.04','5.66','373.56',36,'-25.53','0.00',25,'2007-06-20 05:00:28','5.54',8),(272,'23.89','49.45','9.13','1049.95',38,'4.94','0.00',25,'2007-06-20 05:00:28','8.28',9),(273,'-40.72','-94.60','20.65','908.60',38,'-9.43','0.00',25,'2007-06-20 05:00:29','19.67',10),(274,'86.94','99.94','55.40','1052.60',37,'10.49','0.00',25,'2007-06-20 05:00:29','50.44',12),(275,'-25.81','-40.00','6.90','690.00',36,'-5.48','0.00',25,'2007-06-20 05:00:30','6.76',13),(276,'35.83','104.28','32.81','1082.73',43,'10.66','0.00',26,'2007-06-21 05:00:20','29.53',1),(277,'105.43','223.10','3.15','724.50',40,'44.50','0.00',26,'2007-06-21 05:00:21','3.08',2),(278,'231.48','150.00','5.45','654.00',40,'29.76','0.00',26,'2007-06-21 05:00:21','4.91',3),(279,'125.00','98.70','4.27','602.07',40,'19.61','0.00',26,'2007-06-21 05:00:22','3.85',5),(280,'123.21','97.98','4.27','606.34',37,'19.27','0.00',26,'2007-06-21 05:00:22','3.85',6),(281,'-25.06','-76.96','5.76','426.24',39,'-15.29','0.00',26,'2007-06-21 05:00:23','5.54',7),(282,'-44.34','-121.44','5.76','380.16',37,'-24.21','0.00',26,'2007-06-21 05:00:23','5.54',8),(283,'18.89','39.10','9.04','1039.60',39,'3.91','0.00',26,'2007-06-21 05:00:24','8.28',9),(284,'-32.20','-74.80','21.10','928.40',39,'-7.46','0.00',26,'2007-06-21 05:00:24','19.67',10),(285,'82.98','95.38','55.16','1048.04',38,'10.01','0.00',26,'2007-06-21 05:00:25','50.44',12),(286,'-19.35','-30.00','7.00','700.00',37,'-4.11','0.00',26,'2007-06-21 05:00:25','6.76',13),(287,'37.98','110.55','33.00','1089.00',44,'11.30','0.00',27,'2007-06-22 05:00:28','29.70',1),(288,'115.22','243.80','3.24','745.20',41,'48.62','0.00',27,'2007-06-22 05:00:29','3.08',2),(289,'240.74','156.00','5.50','660.00',41,'30.95','0.00',27,'2007-06-22 05:00:30','4.95',3),(290,'117.86','93.06','4.23','596.43',41,'18.49','0.00',27,'2007-06-22 05:00:30','3.85',5),(291,'116.07','92.30','4.23','600.66',38,'18.16','0.00',27,'2007-06-22 05:00:31','3.85',6),(292,'-23.86','-73.26','5.81','429.94',40,'-14.56','0.00',27,'2007-06-22 05:00:31','5.54',7),(293,'-43.13','-118.14','5.81','383.46',38,'-23.55','0.00',27,'2007-06-22 05:00:32','5.54',8),(294,'16.11','33.35','8.99','1033.85',40,'3.33','0.00',27,'2007-06-22 05:00:33','8.28',9),(295,'-35.04','-81.40','20.95','921.80',40,'-8.11','0.00',27,'2007-06-22 05:00:34','19.67',10),(296,'78.68','90.44','54.90','1043.10',39,'9.49','0.00',27,'2007-06-22 05:00:37','50.44',12),(297,'-7.74','-12.00','7.18','718.00',38,'-1.64','0.00',27,'2007-06-22 05:00:40','6.76',13),(298,'32.54','94.71','32.52','1073.16',45,'9.68','0.00',28,'2007-06-23 05:00:18','29.70',1),(299,'123.91','262.20','3.32','763.60',42,'52.29','0.00',28,'2007-06-23 05:00:19','3.08',2),(300,'298.15','193.20','5.81','697.20',42,'38.33','0.00',28,'2007-06-23 05:00:20','5.23',3),(301,'110.71','87.42','4.19','590.79',42,'17.37','0.00',28,'2007-06-23 05:00:20','3.85',5),(302,'108.93','86.62','4.19','594.98',39,'17.04','0.00',28,'2007-06-23 05:00:21','3.85',6),(303,'-28.67','-88.06','5.61','415.14',41,'-17.50','0.00',28,'2007-06-23 05:00:22','5.54',7),(304,'-47.95','-131.34','5.61','370.26',39,'-26.18','0.00',28,'2007-06-23 05:00:23','5.54',8),(305,'21.11','43.70','9.08','1044.20',41,'4.37','0.00',28,'2007-06-23 05:00:24','8.28',9),(306,'-38.83','-90.20','20.75','913.00',41,'-8.99','0.00',28,'2007-06-23 05:00:25','19.67',10),(307,'83.47','95.95','55.19','1048.61',40,'10.07','0.00',28,'2007-06-23 05:00:26','50.44',12),(308,'-3.23','-5.00','7.25','725.00',39,'-0.68','0.00',28,'2007-06-23 05:00:27','6.76',13),(309,'32.54','94.71','32.52','1073.16',46,'9.68','0.00',29,'2007-06-24 05:00:30','29.70',1),(310,'123.91','262.20','3.32','763.60',43,'52.29','0.00',29,'2007-06-24 05:00:32','3.08',2),(311,'298.15','193.20','5.81','697.20',43,'38.33','0.00',29,'2007-06-24 05:00:34','5.23',3),(312,'110.71','87.42','4.19','590.79',43,'17.37','0.00',29,'2007-06-24 05:00:35','3.85',5),(313,'108.93','86.62','4.19','594.98',40,'17.04','0.00',29,'2007-06-24 05:00:38','3.85',6),(314,'-28.67','-88.06','5.61','415.14',42,'-17.50','0.00',29,'2007-06-24 05:00:40','5.54',7),(315,'-47.95','-131.34','5.61','370.26',40,'-26.18','0.00',29,'2007-06-24 05:00:42','5.54',8),(316,'21.11','43.70','9.08','1044.20',42,'4.37','0.00',29,'2007-06-24 05:00:43','8.28',9),(317,'-38.83','-90.20','20.75','913.00',42,'-8.99','0.00',29,'2007-06-24 05:00:44','19.67',10),(318,'83.47','95.95','55.19','1048.61',41,'10.07','0.00',29,'2007-06-24 05:00:45','50.44',12),(319,'-3.23','-5.00','7.25','725.00',40,'-0.68','0.00',29,'2007-06-24 05:00:46','6.76',13),(320,'32.54','94.71','32.52','1073.16',47,'9.68','0.00',30,'2007-06-25 05:00:18','29.70',1),(321,'123.91','262.20','3.32','763.60',44,'52.29','0.00',30,'2007-06-25 05:00:19','3.08',2),(322,'298.15','193.20','5.81','697.20',44,'38.33','0.00',30,'2007-06-25 05:00:20','5.23',3),(323,'110.71','87.42','4.19','590.79',44,'17.37','0.00',30,'2007-06-25 05:00:21','3.85',5),(324,'108.93','86.62','4.19','594.98',41,'17.04','0.00',30,'2007-06-25 05:00:21','3.85',6),(325,'-28.67','-88.06','5.61','415.14',43,'-17.50','0.00',30,'2007-06-25 05:00:22','5.54',7),(326,'-47.95','-131.34','5.61','370.26',41,'-26.18','0.00',30,'2007-06-25 05:00:22','5.54',8),(327,'21.11','43.70','9.08','1044.20',43,'4.37','0.00',30,'2007-06-25 05:00:23','8.28',9),(328,'-38.83','-90.20','20.75','913.00',43,'-8.99','0.00',30,'2007-06-25 05:00:24','19.67',10),(329,'83.47','95.95','55.19','1048.61',42,'10.07','0.00',30,'2007-06-25 05:00:24','50.44',12),(330,'-3.23','-5.00','7.25','725.00',41,'-0.68','0.00',30,'2007-06-25 05:00:25','6.76',13),(331,'26.64','77.55','32.00','1056.00',48,'7.93','0.00',31,'2007-06-26 05:00:16','29.70',1),(332,'111.96','236.90','3.21','738.30',45,'47.25','0.00',31,'2007-06-26 05:00:17','3.08',2),(333,'324.07','210.00','5.95','714.00',45,'41.67','0.00',31,'2007-06-26 05:00:18','5.36',3),(334,'110.71','87.42','4.19','590.79',45,'17.37','0.00',31,'2007-06-26 05:00:19','3.85',5),(335,'108.93','86.62','4.19','594.98',42,'17.04','0.00',31,'2007-06-26 05:00:20','3.85',6),(336,'-28.43','-87.32','5.62','415.88',44,'-17.35','0.00',31,'2007-06-26 05:00:20','5.54',7),(337,'-47.71','-130.68','5.62','370.92',42,'-26.05','0.00',31,'2007-06-26 05:00:21','5.54',8),(338,'8.89','18.40','8.86','1018.90',44,'1.84','0.00',31,'2007-06-26 05:00:22','8.28',9),(339,'-39.39','-91.52','20.72','911.68',44,'-9.12','0.00',31,'2007-06-26 05:00:23','19.67',10),(340,'82.64','95.00','55.14','1047.66',43,'9.97','0.00',31,'2007-06-26 05:00:24','50.44',12),(341,'0.00','0.00','7.30','730.00',42,'0.00','0.00',31,'2007-06-26 05:00:25','6.76',13),(342,'24.72','71.94','31.83','1050.39',49,'7.35','0.00',32,'2007-06-27 05:00:20','29.70',1),(343,'125.00','264.50','3.33','765.90',46,'52.75','0.00',32,'2007-06-27 05:00:21','3.08',2),(344,'366.67','237.60','6.18','741.60',46,'47.14','0.00',32,'2007-06-27 05:00:21','5.56',3),(345,'112.50','88.83','4.20','592.20',46,'17.65','0.00',32,'2007-06-27 05:00:22','3.85',5),(346,'110.71','88.04','4.20','596.40',43,'17.32','0.00',32,'2007-06-27 05:00:23','3.85',6),(347,'-31.57','-96.94','5.49','406.26',45,'-19.26','0.00',32,'2007-06-27 05:00:23','5.54',7),(348,'-50.84','-139.26','5.49','362.34',43,'-27.76','0.00',32,'2007-06-27 05:00:24','5.54',8),(349,'12.22','25.30','8.92','1025.80',45,'2.53','0.00',32,'2007-06-27 05:00:24','8.28',9),(350,'-43.94','-102.08','20.48','901.12',45,'-10.18','0.00',32,'2007-06-27 05:00:25','19.67',10),(351,'82.81','95.19','55.15','1047.85',44,'9.99','0.00',32,'2007-06-27 05:00:26','50.44',12),(352,'-10.97','-17.00','7.13','713.00',43,'-2.33','0.00',32,'2007-06-27 05:00:26','6.76',13),(353,'14.29','41.58','30.91','1020.03',50,'4.25','0.00',33,'2007-06-28 05:00:23','29.70',1),(354,'127.17','269.10','3.35','770.50',47,'53.67','0.00',33,'2007-06-28 05:00:24','3.08',2),(355,'353.70','229.20','6.11','733.20',47,'45.48','0.00',33,'2007-06-28 05:00:24','5.56',3),(356,'101.79','80.37','4.14','583.74',47,'15.97','0.00',33,'2007-06-28 05:00:25','3.85',5),(357,'100.00','79.52','4.14','587.88',44,'15.64','0.00',33,'2007-06-28 05:00:26','3.85',6),(358,'-33.73','-103.60','5.40','399.60',46,'-20.59','0.00',33,'2007-06-28 05:00:26','5.54',7),(359,'-53.01','-145.20','5.40','356.40',44,'-28.95','0.00',33,'2007-06-28 05:00:27','5.54',8),(360,'3.89','8.05','8.77','1008.55',46,'0.80','0.00',33,'2007-06-28 05:00:27','8.28',9),(361,'-53.03','-123.20','20.00','880.00',46,'-12.28','0.00',33,'2007-06-28 05:00:28','19.67',10),(362,'71.07','81.70','54.44','1034.36',45,'8.58','0.00',33,'2007-06-28 05:00:28','50.44',12),(363,'-15.48','-24.00','7.06','706.00',44,'-3.29','0.00',33,'2007-06-28 05:00:29','6.76',13),(364,'15.42','44.88','31.01','1023.33',51,'4.59','0.00',34,'2007-06-29 05:00:16','29.70',1),(365,'127.17','269.10','3.35','770.50',48,'53.67','0.00',34,'2007-06-29 05:00:17','3.08',2),(366,'355.56','230.40','6.12','734.40',48,'45.71','0.00',34,'2007-06-29 05:00:17','5.56',3),(367,'116.07','91.65','4.22','595.02',48,'18.21','0.00',34,'2007-06-29 05:00:18','3.85',5),(368,'114.29','90.88','4.22','599.24',45,'17.88','0.00',34,'2007-06-29 05:00:18','3.85',6),(369,'-31.08','-95.46','5.51','407.74',47,'-18.97','0.00',34,'2007-06-29 05:00:19','5.54',7),(370,'-50.36','-137.94','5.51','363.66',45,'-27.50','0.00',34,'2007-06-29 05:00:20','5.54',8),(371,'0.56','1.15','8.71','1001.65',47,'0.11','0.00',34,'2007-06-29 05:00:20','8.28',9),(372,'-53.03','-123.20','20.00','880.00',47,'-12.28','0.00',34,'2007-06-29 05:00:21','19.67',10),(373,'86.78','99.75','55.39','1052.41',46,'10.47','0.00',34,'2007-06-29 05:00:21','50.44',12),(374,'-0.65','-1.00','7.29','729.00',45,'-0.14','0.00',34,'2007-06-29 05:00:22','6.76',13),(375,'17.57','51.15','31.20','1029.60',52,'5.23','0.00',35,'2007-06-30 05:00:29','29.70',1),(376,'123.91','262.20','3.32','763.60',49,'52.29','0.00',35,'2007-06-30 05:00:30','3.08',2),(377,'344.44','223.20','6.06','727.20',49,'44.29','0.00',35,'2007-06-30 05:00:31','5.56',3),(378,'112.50','88.83','4.20','592.20',49,'17.65','0.00',35,'2007-06-30 05:00:31','3.85',5),(379,'110.71','88.04','4.20','596.40',46,'17.32','0.00',35,'2007-06-30 05:00:32','3.85',6),(380,'-28.19','-86.58','5.63','416.62',48,'-17.21','0.00',35,'2007-06-30 05:00:32','5.54',7),(381,'-47.47','-130.02','5.63','371.58',46,'-25.92','0.00',35,'2007-06-30 05:00:32','5.54',8),(382,'3.89','8.05','8.77','1008.55',48,'0.80','0.00',35,'2007-06-30 05:00:33','8.28',9),(383,'-53.79','-124.96','19.96','878.24',48,'-12.46','0.00',35,'2007-06-30 05:00:33','19.67',10),(384,'84.46','97.09','55.25','1049.75',47,'10.19','0.00',35,'2007-06-30 05:00:34','50.44',12),(385,'3.87','6.00','7.36','736.00',46,'0.82','0.00',35,'2007-06-30 05:00:34','6.76',13),(386,'17.57','51.15','31.20','1029.60',53,'5.23','0.00',36,'2007-07-01 05:00:20','29.70',1),(387,'123.91','262.20','3.32','763.60',50,'52.29','0.00',36,'2007-07-01 05:00:20','3.08',2),(388,'344.44','223.20','6.06','727.20',50,'44.29','0.00',36,'2007-07-01 05:00:21','5.56',3),(389,'112.50','88.83','4.20','592.20',50,'17.65','0.00',36,'2007-07-01 05:00:22','3.85',5),(390,'110.71','88.04','4.20','596.40',47,'17.32','0.00',36,'2007-07-01 05:00:22','3.85',6),(391,'-28.19','-86.58','5.63','416.62',49,'-17.21','0.00',36,'2007-07-01 05:00:23','5.54',7),(392,'-47.47','-130.02','5.63','371.58',47,'-25.92','0.00',36,'2007-07-01 05:00:23','5.54',8),(393,'3.89','8.05','8.77','1008.55',49,'0.80','0.00',36,'2007-07-01 05:00:24','8.28',9),(394,'-53.79','-124.96','19.96','878.24',49,'-12.46','0.00',36,'2007-07-01 05:00:24','19.67',10),(395,'84.46','97.09','55.25','1049.75',48,'10.19','0.00',36,'2007-07-01 05:00:25','50.44',12),(396,'3.87','6.00','7.36','736.00',47,'0.82','0.00',36,'2007-07-01 05:00:25','6.76',13),(397,'17.57','51.15','31.20','1029.60',54,'5.23','0.00',37,'2007-07-02 05:00:25','29.70',1),(398,'123.91','262.20','3.32','763.60',51,'52.29','0.00',37,'2007-07-02 05:00:25','3.08',2),(399,'344.44','223.20','6.06','727.20',51,'44.29','0.00',37,'2007-07-02 05:00:26','5.56',3),(400,'112.50','88.83','4.20','592.20',51,'17.65','0.00',37,'2007-07-02 05:00:26','3.85',5),(401,'110.71','88.04','4.20','596.40',48,'17.32','0.00',37,'2007-07-02 05:00:27','3.85',6),(402,'-28.19','-86.58','5.63','416.62',50,'-17.21','0.00',37,'2007-07-02 05:00:27','5.54',7),(403,'-47.47','-130.02','5.63','371.58',48,'-25.92','0.00',37,'2007-07-02 05:00:28','5.54',8),(404,'3.89','8.05','8.77','1008.55',50,'0.80','0.00',37,'2007-07-02 05:00:28','8.28',9),(405,'-53.79','-124.96','19.96','878.24',50,'-12.46','0.00',37,'2007-07-02 05:00:29','19.67',10),(406,'84.46','97.09','55.25','1049.75',49,'10.19','0.00',37,'2007-07-02 05:00:29','50.44',12),(407,'3.87','6.00','7.36','736.00',48,'0.82','0.00',37,'2007-07-02 05:00:30','6.76',13),(408,'13.83','40.26','30.87','1018.71',55,'4.11','0.00',38,'2007-07-07 05:00:17','29.70',1),(409,'110.87','234.60','3.20','736.00',52,'46.79','0.00',38,'2007-07-07 05:00:17','3.08',2),(410,'383.33','248.40','6.27','752.40',52,'49.29','0.00',38,'2007-07-07 05:00:18','5.64',3),(411,'100.00','78.96','4.13','582.33',52,'15.69','0.00',38,'2007-07-07 05:00:18','3.85',5),(412,'98.21','78.10','4.13','586.46',49,'15.36','0.00',38,'2007-07-07 05:00:19','3.85',6),(413,'-38.55','-118.40','5.20','384.80',51,'-23.53','0.00',38,'2007-07-07 05:00:19','5.54',7),(414,'-57.83','-158.40','5.20','343.20',49,'-31.58','0.00',38,'2007-07-07 05:00:20','5.54',8),(415,'-2.22','-4.60','8.66','995.90',51,'-0.46','0.00',38,'2007-07-07 05:00:20','8.28',9),(416,'-52.84','-122.76','20.01','880.44',51,'-12.24','0.00',38,'2007-07-07 05:00:21','19.67',10),(417,'84.96','97.66','55.28','1050.32',50,'10.25','0.00',38,'2007-07-07 05:00:21','50.44',12),(418,'-10.32','-16.00','7.14','714.00',49,'-2.19','0.00',38,'2007-07-07 05:00:21','6.76',13),(419,'13.83','40.26','30.87','1018.71',56,'4.11','0.00',39,'2007-07-08 05:00:23','29.70',1),(420,'110.87','234.60','3.20','736.00',53,'46.79','0.00',39,'2007-07-08 05:00:24','3.08',2),(421,'383.33','248.40','6.27','752.40',53,'49.29','0.00',39,'2007-07-08 05:00:24','5.64',3),(422,'100.00','78.96','4.13','582.33',53,'15.69','0.00',39,'2007-07-08 05:00:25','3.85',5),(423,'98.21','78.10','4.13','586.46',50,'15.36','0.00',39,'2007-07-08 05:00:25','3.85',6),(424,'-38.55','-118.40','5.20','384.80',52,'-23.53','0.00',39,'2007-07-08 05:00:26','5.54',7),(425,'-57.83','-158.40','5.20','343.20',50,'-31.58','0.00',39,'2007-07-08 05:00:26','5.54',8),(426,'-2.22','-4.60','8.66','995.90',52,'-0.46','0.00',39,'2007-07-08 05:00:27','8.28',9),(427,'-52.84','-122.76','20.01','880.44',52,'-12.24','0.00',39,'2007-07-08 05:00:27','19.67',10),(428,'84.96','97.66','55.28','1050.32',51,'10.25','0.00',39,'2007-07-08 05:00:28','50.44',12),(429,'-10.32','-16.00','7.14','714.00',50,'-2.19','0.00',39,'2007-07-08 05:00:29','6.76',13),(430,'13.83','40.26','30.87','1018.71',57,'4.11','0.00',40,'2007-07-09 05:00:20','29.70',1),(431,'110.87','234.60','3.20','736.00',54,'46.79','0.00',40,'2007-07-09 05:00:21','3.08',2),(432,'383.33','248.40','6.27','752.40',54,'49.29','0.00',40,'2007-07-09 05:00:22','5.64',3),(433,'100.00','78.96','4.13','582.33',54,'15.69','0.00',40,'2007-07-09 05:00:22','3.85',5),(434,'98.21','78.10','4.13','586.46',51,'15.36','0.00',40,'2007-07-09 05:00:22','3.85',6),(435,'-38.55','-118.40','5.20','384.80',53,'-23.53','0.00',40,'2007-07-09 05:00:23','5.54',7),(436,'-57.83','-158.40','5.20','343.20',51,'-31.58','0.00',40,'2007-07-09 05:00:24','5.54',8),(437,'-2.22','-4.60','8.66','995.90',53,'-0.46','0.00',40,'2007-07-09 05:00:24','8.28',9),(438,'-52.84','-122.76','20.01','880.44',53,'-12.24','0.00',40,'2007-07-09 05:00:25','19.67',10),(439,'84.96','97.66','55.28','1050.32',52,'10.25','0.00',40,'2007-07-09 05:00:25','50.44',12),(440,'-10.32','-16.00','7.14','714.00',51,'-2.19','0.00',40,'2007-07-09 05:00:26','6.76',13),(441,'11.11','32.34','30.63','1010.79',58,'3.31','0.00',41,'2007-07-10 05:00:17','29.70',1),(442,'103.26','218.50','3.13','719.90',55,'43.58','0.00',41,'2007-07-10 05:00:18','3.08',2),(443,'379.63','246.00','6.25','750.00',55,'48.81','0.00',41,'2007-07-10 05:00:19','5.64',3),(444,'112.50','88.83','4.20','592.20',55,'17.65','0.00',41,'2007-07-10 05:00:19','3.85',5),(445,'110.71','88.04','4.20','596.40',52,'17.32','0.00',41,'2007-07-10 05:00:20','3.85',6),(446,'-39.28','-120.62','5.17','382.58',54,'-23.97','0.00',41,'2007-07-10 05:00:21','5.54',7),(447,'-58.55','-160.38','5.17','341.22',52,'-31.97','0.00',41,'2007-07-10 05:00:21','5.54',8),(448,'-9.44','-19.55','8.53','980.95',54,'-1.95','0.00',41,'2007-07-10 05:00:22','8.28',9),(449,'-54.92','-127.60','19.90','875.60',54,'-12.72','0.00',41,'2007-07-10 05:00:23','19.67',10),(450,'97.85','112.48','56.06','1065.14',53,'11.81','0.00',41,'2007-07-10 05:00:24','50.45',12),(451,'-7.74','-12.00','7.18','718.00',52,'-1.64','0.00',41,'2007-07-10 05:00:24','6.76',13),(452,'9.64','28.05','30.50','1006.50',59,'2.87','0.00',42,'2007-07-11 05:00:27','29.70',1),(453,'108.70','230.00','3.18','731.40',56,'45.87','0.00',42,'2007-07-11 05:00:28','3.08',2),(454,'379.63','246.00','6.25','750.00',56,'48.81','0.00',42,'2007-07-11 05:00:29','5.64',3),(455,'96.43','76.14','4.11','579.51',56,'15.13','0.00',42,'2007-07-11 05:00:30','3.85',5),(456,'94.64','75.26','4.11','583.62',53,'14.80','0.00',42,'2007-07-11 05:00:30','3.85',6),(457,'-37.59','-115.44','5.24','387.76',55,'-22.94','0.00',42,'2007-07-11 05:00:32','5.54',7),(458,'-56.87','-155.76','5.24','345.84',53,'-31.05','0.00',42,'2007-07-11 05:00:32','5.54',8),(459,'-16.67','-34.50','8.40','966.00',55,'-3.45','0.00',42,'2007-07-11 05:00:33','8.28',9),(460,'-56.44','-131.12','19.82','872.08',55,'-13.07','0.00',42,'2007-07-11 05:00:34','19.67',10),(461,'96.86','111.34','56.00','1064.00',54,'11.69','0.00',42,'2007-07-11 05:00:35','50.45',12),(462,'-14.19','-22.00','7.08','708.00',53,'-3.01','0.00',42,'2007-07-11 05:00:37','6.76',13),(463,'7.26','21.12','30.29','999.57',60,'2.16','0.00',43,'2007-07-12 05:00:20','29.70',1),(464,'103.26','218.50','3.13','719.90',57,'43.58','0.00',43,'2007-07-12 05:00:21','3.08',2),(465,'387.04','250.80','6.29','754.80',57,'49.76','0.00',43,'2007-07-12 05:00:21','5.66',3),(466,'101.79','80.37','4.14','583.74',57,'15.97','0.00',43,'2007-07-12 05:00:22','3.85',5),(467,'100.00','79.52','4.14','587.88',54,'15.64','0.00',43,'2007-07-12 05:00:23','3.85',6),(468,'-41.93','-128.76','5.06','374.44',56,'-25.59','0.00',43,'2007-07-12 05:00:24','5.54',7),(469,'-61.20','-167.64','5.06','333.96',54,'-33.42','0.00',43,'2007-07-12 05:00:24','5.54',8),(470,'-19.44','-40.25','8.35','960.25',56,'-4.02','0.00',43,'2007-07-12 05:00:25','8.28',9),(471,'-53.22','-123.64','19.99','879.56',56,'-12.32','0.00',43,'2007-07-12 05:00:26','19.67',10),(472,'89.59','102.98','55.56','1055.64',55,'10.81','0.00',43,'2007-07-12 05:00:26','50.45',12),(473,'-19.35','-30.00','7.00','700.00',54,'-4.11','0.00',43,'2007-07-12 05:00:27','6.76',13),(474,'8.84','25.74','30.43','1004.19',61,'2.63','0.00',44,'2007-07-13 05:00:22','29.70',1),(475,'113.04','239.20','3.22','740.60',58,'47.71','0.00',44,'2007-07-13 05:00:23','3.08',2),(476,'379.63','246.00','6.25','750.00',58,'48.81','0.00',44,'2007-07-13 05:00:24','5.66',3),(477,'114.29','90.24','4.21','593.61',58,'17.93','0.00',44,'2007-07-13 05:00:25','3.85',5),(478,'112.50','89.46','4.21','597.82',55,'17.60','0.00',44,'2007-07-13 05:00:25','3.85',6),(479,'-34.46','-105.82','5.37','397.38',57,'-21.03','0.00',44,'2007-07-13 05:00:26','5.54',7),(480,'-53.73','-147.18','5.37','354.42',55,'-29.34','0.00',44,'2007-07-13 05:00:27','5.54',8),(481,'-20.00','-41.40','8.34','959.10',57,'-4.14','0.00',44,'2007-07-13 05:00:28','8.28',9),(482,'-53.22','-123.64','19.99','879.56',57,'-12.32','0.00',44,'2007-07-13 05:00:29','19.67',10),(483,'82.81','95.19','55.15','1047.85',56,'9.99','0.00',44,'2007-07-13 05:00:30','50.45',12),(484,'-9.03','-14.00','7.16','716.00',55,'-1.92','0.00',44,'2007-07-13 05:00:31','6.76',13),(485,'13.04','37.95','30.80','1016.40',62,'3.88','0.00',45,'2007-07-15 05:00:20','29.70',1),(486,'117.39','248.40','3.26','749.80',59,'49.54','0.00',45,'2007-07-15 05:00:21','3.08',2),(487,'379.63','246.00','6.25','750.00',59,'48.81','0.00',45,'2007-07-15 05:00:22','5.66',3),(488,'110.71','87.42','4.19','590.79',59,'17.37','0.00',45,'2007-07-15 05:00:23','3.85',5),(489,'108.93','86.62','4.19','594.98',56,'17.04','0.00',45,'2007-07-15 05:00:24','3.85',6),(490,'-31.33','-96.20','5.50','407.00',58,'-19.12','0.00',45,'2007-07-15 05:00:24','5.54',7),(491,'-50.60','-138.60','5.50','363.00',56,'-27.63','0.00',45,'2007-07-15 05:00:25','5.54',8),(492,'-23.89','-49.45','8.27','951.05',58,'-4.94','0.00',45,'2007-07-15 05:00:26','8.28',9),(493,'-56.82','-132.00','19.80','871.20',58,'-13.16','0.00',45,'2007-07-15 05:00:26','19.67',10),(494,'81.32','93.48','55.06','1046.14',57,'9.81','0.00',45,'2007-07-15 05:00:27','50.45',12),(495,'-4.52','-7.00','7.23','723.00',56,'-0.96','0.00',45,'2007-07-15 05:00:27','6.76',13),(496,'13.04','37.95','30.80','1016.40',63,'3.88','0.00',46,'2007-07-16 05:00:20','29.70',1),(497,'117.39','248.40','3.26','749.80',60,'49.54','0.00',46,'2007-07-16 05:00:21','3.08',2),(498,'379.63','246.00','6.25','750.00',60,'48.81','0.00',46,'2007-07-16 05:00:21','5.66',3),(499,'110.71','87.42','4.19','590.79',60,'17.37','0.00',46,'2007-07-16 05:00:22','3.85',5),(500,'108.93','86.62','4.19','594.98',57,'17.04','0.00',46,'2007-07-16 05:00:22','3.85',6),(501,'-31.33','-96.20','5.50','407.00',59,'-19.12','0.00',46,'2007-07-16 05:00:23','5.54',7),(502,'-50.60','-138.60','5.50','363.00',57,'-27.63','0.00',46,'2007-07-16 05:00:23','5.54',8),(503,'-23.89','-49.45','8.27','951.05',59,'-4.94','0.00',46,'2007-07-16 05:00:24','8.28',9),(504,'-56.82','-132.00','19.80','871.20',59,'-13.16','0.00',46,'2007-07-16 05:00:24','19.67',10),(505,'81.32','93.48','55.06','1046.14',58,'9.81','0.00',46,'2007-07-16 05:00:25','50.45',12),(506,'-4.52','-7.00','7.23','723.00',57,'-0.96','0.00',46,'2007-07-16 05:00:26','6.76',13),(507,'13.83','40.26','30.87','1018.71',64,'4.11','0.00',47,'2007-07-17 05:00:24','29.70',1),(508,'113.04','239.20','3.22','740.60',61,'47.71','0.00',47,'2007-07-17 05:00:26','3.08',2),(509,'385.19','249.60','6.28','753.60',61,'49.52','0.00',47,'2007-07-17 05:00:27','5.66',3),(510,'114.29','90.24','4.21','593.61',61,'17.93','0.00',47,'2007-07-17 05:00:29','3.85',5),(511,'112.50','89.46','4.21','597.82',58,'17.60','0.00',47,'2007-07-17 05:00:31','3.85',6),(512,'-32.05','-98.42','5.47','404.78',60,'-19.56','0.00',47,'2007-07-17 05:00:34','5.54',7),(513,'-51.33','-140.58','5.47','361.02',58,'-28.03','0.00',47,'2007-07-17 05:00:35','5.54',8),(514,'-18.33','-37.95','8.37','962.55',60,'-3.79','0.00',47,'2007-07-17 05:00:37','8.28',9),(515,'-58.71','-136.40','19.70','866.80',60,'-13.60','0.00',47,'2007-07-17 05:00:38','19.67',10),(516,'86.12','98.99','55.35','1051.65',59,'10.39','0.00',47,'2007-07-17 05:00:39','50.45',12),(517,'-1.29','-2.00','7.28','728.00',58,'-0.27','0.00',47,'2007-07-17 05:00:40','6.76',13),(518,'12.24','35.64','30.73','1014.09',65,'3.64','0.00',48,'2007-07-18 05:00:18','29.70',1),(519,'110.87','234.60','3.20','736.00',62,'46.79','0.00',48,'2007-07-18 05:00:19','3.08',2),(520,'381.48','247.20','6.26','751.20',62,'49.05','0.00',48,'2007-07-18 05:00:19','5.66',3),(521,'105.36','83.19','4.16','586.56',62,'16.53','0.00',48,'2007-07-18 05:00:20','3.85',5),(522,'103.57','82.36','4.16','590.72',59,'16.20','0.00',48,'2007-07-18 05:00:21','3.85',6),(523,'-26.51','-81.40','5.70','421.80',61,'-16.18','0.00',48,'2007-07-18 05:00:21','5.54',7),(524,'-45.78','-125.40','5.70','376.20',59,'-25.00','0.00',48,'2007-07-18 05:00:22','5.54',8),(525,'-11.67','-24.15','8.49','976.35',61,'-2.41','0.00',48,'2007-07-18 05:00:23','8.28',9),(526,'-58.33','-135.52','19.72','867.68',61,'-13.51','0.00',48,'2007-07-18 05:00:23','19.67',10),(527,'96.03','110.39','55.95','1063.05',60,'11.59','0.00',48,'2007-07-18 05:00:24','50.45',12),(528,'-4.52','-7.00','7.23','723.00',59,'-0.96','0.00',48,'2007-07-18 05:00:25','6.76',13),(529,'8.28','24.09','30.38','1002.54',66,'2.46','0.00',49,'2007-07-19 05:00:17','29.70',1),(530,'114.13','241.50','3.23','742.90',63,'48.17','0.00',49,'2007-07-19 05:00:17','3.08',2),(531,'388.89','252.00','6.30','756.00',63,'50.00','0.00',49,'2007-07-19 05:00:18','5.67',3),(532,'112.50','88.83','4.20','592.20',63,'17.65','0.00',49,'2007-07-19 05:00:18','3.85',5),(533,'110.71','88.04','4.20','596.40',60,'17.32','0.00',49,'2007-07-19 05:00:19','3.85',6),(534,'-26.75','-82.14','5.69','421.06',62,'-16.32','0.00',49,'2007-07-19 05:00:19','5.54',7),(535,'-46.02','-126.06','5.69','375.54',60,'-25.13','0.00',49,'2007-07-19 05:00:20','5.54',8),(536,'-23.33','-48.30','8.28','952.20',62,'-4.83','0.00',49,'2007-07-19 05:00:20','8.28',9),(537,'-59.85','-139.04','19.64','864.16',62,'-13.86','0.00',49,'2007-07-19 05:00:21','19.67',10),(538,'91.24','104.88','55.66','1057.54',61,'11.01','0.00',49,'2007-07-19 05:00:21','50.45',12),(539,'-10.32','-16.00','7.14','714.00',60,'-2.19','0.00',49,'2007-07-19 05:00:21','6.76',13),(540,'12.13','35.31','30.72','1013.76',67,'3.61','0.00',50,'2007-07-20 05:00:16','29.70',1),(541,'115.22','243.80','3.24','745.20',64,'48.62','0.00',50,'2007-07-20 05:00:17','3.08',2),(542,'388.89','252.00','6.30','756.00',64,'50.00','0.00',50,'2007-07-20 05:00:18','5.67',3),(543,'139.29','109.98','4.35','613.35',64,'21.85','0.00',50,'2007-07-20 05:00:18','3.91',5),(544,'137.50','109.34','4.35','617.70',61,'21.51','0.00',50,'2007-07-20 05:00:19','3.91',6),(545,'-18.31','-56.24','6.04','446.96',63,'-11.18','0.00',50,'2007-07-20 05:00:19','5.54',7),(546,'-37.59','-102.96','6.04','398.64',61,'-20.53','0.00',50,'2007-07-20 05:00:20','5.54',8),(547,'-27.22','-56.35','8.21','944.15',63,'-5.63','0.00',50,'2007-07-20 05:00:20','8.28',9),(548,'-60.23','-139.92','19.62','863.28',63,'-13.95','0.00',50,'2007-07-20 05:00:21','19.67',10),(549,'102.64','117.99','56.35','1070.65',62,'12.39','0.00',50,'2007-07-20 05:00:21','50.72',12),(550,'-14.19','-22.00','7.08','708.00',61,'-3.01','0.00',50,'2007-07-20 05:00:22','6.76',13),(551,'13.49','39.27','30.84','1017.72',68,'4.01','0.00',51,'2007-07-21 05:00:19','29.70',1),(552,'119.57','253.00','3.28','754.40',65,'50.46','0.00',51,'2007-07-21 05:00:19','3.08',2),(553,'370.37','240.00','6.20','744.00',65,'47.62','0.00',51,'2007-07-21 05:00:20','5.67',3),(554,'141.07','111.39','4.36','614.76',65,'22.13','0.00',51,'2007-07-21 05:00:21','3.92',5),(555,'139.29','110.76','4.36','619.12',62,'21.79','0.00',51,'2007-07-21 05:00:21','3.92',6),(556,'-12.05','-37.00','6.30','466.20',64,'-7.35','0.00',51,'2007-07-21 05:00:22','5.67',7),(557,'-31.33','-85.80','6.30','415.80',62,'-17.11','0.00',51,'2007-07-21 05:00:22','5.67',8),(558,'-19.44','-40.25','8.35','960.25',64,'-4.02','0.00',51,'2007-07-21 05:00:23','8.28',9),(559,'-60.42','-140.36','19.61','862.84',64,'-13.99','0.00',51,'2007-07-21 05:00:24','19.67',10),(560,'111.74','128.44','56.90','1081.10',63,'13.48','0.00',51,'2007-07-21 05:00:24','51.21',12),(561,'-8.39','-13.00','7.17','717.00',62,'-1.78','0.00',51,'2007-07-21 05:00:25','6.76',13),(562,'13.49','39.27','30.84','1017.72',69,'4.01','0.00',52,'2007-07-22 05:00:23','29.70',1),(563,'119.57','253.00','3.28','754.40',66,'50.46','0.00',52,'2007-07-22 05:00:24','3.08',2),(564,'370.37','240.00','6.20','744.00',66,'47.62','0.00',52,'2007-07-22 05:00:25','5.67',3),(565,'141.07','111.39','4.36','614.76',66,'22.13','0.00',52,'2007-07-22 05:00:25','3.92',5),(566,'139.29','110.76','4.36','619.12',63,'21.79','0.00',52,'2007-07-22 05:00:26','3.92',6),(567,'-12.05','-37.00','6.30','466.20',65,'-7.35','0.00',52,'2007-07-22 05:00:27','5.67',7),(568,'-31.33','-85.80','6.30','415.80',63,'-17.11','0.00',52,'2007-07-22 05:00:27','5.67',8),(569,'-19.44','-40.25','8.35','960.25',65,'-4.02','0.00',52,'2007-07-22 05:00:28','8.28',9),(570,'-60.42','-140.36','19.61','862.84',65,'-13.99','0.00',52,'2007-07-22 05:00:28','19.67',10),(571,'111.74','128.44','56.90','1081.10',64,'13.48','0.00',52,'2007-07-22 05:00:29','51.21',12),(572,'-8.39','-13.00','7.17','717.00',63,'-1.78','0.00',52,'2007-07-22 05:00:30','6.76',13),(573,'13.49','39.27','30.84','1017.72',70,'4.01','0.00',53,'2007-07-23 05:00:25','29.70',1),(574,'119.57','253.00','3.28','754.40',67,'50.46','0.00',53,'2007-07-23 05:00:25','3.08',2),(575,'370.37','240.00','6.20','744.00',67,'47.62','0.00',53,'2007-07-23 05:00:26','5.67',3),(576,'141.07','111.39','4.36','614.76',67,'22.13','0.00',53,'2007-07-23 05:00:27','3.92',5),(577,'139.29','110.76','4.36','619.12',64,'21.79','0.00',53,'2007-07-23 05:00:27','3.92',6),(578,'-12.05','-37.00','6.30','466.20',66,'-7.35','0.00',53,'2007-07-23 05:00:28','5.67',7),(579,'-31.33','-85.80','6.30','415.80',64,'-17.11','0.00',53,'2007-07-23 05:00:29','5.67',8),(580,'-19.44','-40.25','8.35','960.25',66,'-4.02','0.00',53,'2007-07-23 05:00:29','8.28',9),(581,'-60.42','-140.36','19.61','862.84',66,'-13.99','0.00',53,'2007-07-23 05:00:30','19.67',10),(582,'111.74','128.44','56.90','1081.10',65,'13.48','0.00',53,'2007-07-23 05:00:30','51.21',12),(583,'-8.39','-13.00','7.17','717.00',64,'-1.78','0.00',53,'2007-07-23 05:00:31','6.76',13),(584,'14.74','42.90','30.95','1021.35',71,'4.38','0.00',54,'2007-07-24 05:00:20','29.70',1),(585,'122.83','259.90','3.31','761.30',68,'51.83','0.00',54,'2007-07-24 05:00:21','3.08',2),(586,'355.56','230.40','6.12','734.40',68,'45.71','0.00',54,'2007-07-24 05:00:21','5.67',3),(587,'137.50','108.57','4.34','611.94',68,'21.57','0.00',54,'2007-07-24 05:00:22','3.92',5),(588,'135.71','107.92','4.34','616.28',65,'21.23','0.00',54,'2007-07-24 05:00:23','3.92',6),(589,'-12.29','-37.74','6.29','465.46',67,'-7.50','0.00',54,'2007-07-24 05:00:23','5.67',7),(590,'-31.57','-86.46','6.29','415.14',65,'-17.24','0.00',54,'2007-07-24 05:00:24','5.67',8),(591,'-22.78','-47.15','8.29','953.35',67,'-4.71','0.00',54,'2007-07-24 05:00:25','8.28',9),(592,'-62.12','-144.32','19.52','858.88',67,'-14.39','0.00',54,'2007-07-24 05:00:26','19.67',10),(593,'105.95','121.79','56.55','1074.45',66,'12.78','0.00',54,'2007-07-24 05:00:26','51.21',12),(594,'-0.65','-1.00','7.29','729.00',65,'-0.14','0.00',54,'2007-07-24 05:00:27','6.76',13),(595,'17.80','51.81','31.22','1030.26',72,'5.30','0.00',55,'2007-07-26 05:00:21','29.70',1),(596,'121.74','257.60','3.30','759.00',69,'51.38','0.00',55,'2007-07-26 05:00:22','3.08',2),(597,'333.33','216.00','6.00','720.00',69,'42.86','0.00',55,'2007-07-26 05:00:22','5.67',3),(598,'73.21','57.81','3.98','561.18',69,'11.48','0.00',55,'2007-07-26 05:00:23','3.92',5),(599,'71.43','56.80','3.98','565.16',66,'11.17','0.00',55,'2007-07-26 05:00:23','3.92',6),(600,'-10.12','-31.08','6.38','472.12',68,'-6.18','0.00',55,'2007-07-26 05:00:24','5.74',7),(601,'-29.40','-80.52','6.38','421.08',66,'-16.05','0.00',55,'2007-07-26 05:00:25','5.74',8),(602,'-33.33','-69.00','8.10','931.50',68,'-6.90','0.00',55,'2007-07-26 05:00:25','8.28',9),(603,'-59.66','-138.60','19.65','864.60',68,'-13.82','0.00',55,'2007-07-26 05:00:26','19.67',10),(604,'105.12','120.84','56.50','1073.50',67,'12.68','0.00',55,'2007-07-26 05:00:26','51.21',12),(605,'3.87','6.00','7.36','736.00',66,'0.82','0.00',55,'2007-07-26 05:00:27','6.76',13),(606,'13.72','39.93','30.86','1018.38',73,'4.08','0.00',56,'2007-07-27 05:00:19','29.70',1),(607,'140.22','296.70','3.47','798.10',70,'59.17','0.00',56,'2007-07-27 05:00:20','3.12',2),(608,'333.33','216.00','6.00','720.00',70,'42.86','0.00',56,'2007-07-27 05:00:20','5.67',3),(609,'76.79','60.63','4.00','564.00',70,'12.04','0.00',56,'2007-07-27 05:00:21','3.92',5),(610,'75.00','59.64','4.00','568.00',67,'11.73','0.00',56,'2007-07-27 05:00:22','3.92',6),(611,'-9.64','-29.60','6.40','473.60',69,'-5.88','0.00',56,'2007-07-27 05:00:22','5.76',7),(612,'-28.92','-79.20','6.40','422.40',67,'-15.79','0.00',56,'2007-07-27 05:00:23','5.76',8),(613,'-47.22','-97.75','7.85','902.75',69,'-9.77','0.00',56,'2007-07-27 05:00:23','8.28',9),(614,'-62.50','-145.20','19.50','858.00',69,'-14.47','0.00',56,'2007-07-27 05:00:24','19.67',10),(615,'93.22','107.16','55.78','1059.82',68,'11.25','0.00',56,'2007-07-27 05:00:25','51.21',12),(616,'-6.45','-10.00','7.20','720.00',67,'-1.37','0.00',56,'2007-07-27 05:00:25','6.76',13),(617,'2.38','6.93','29.86','985.38',74,'0.71','0.00',57,'2007-07-28 05:00:23','29.70',1),(618,'140.22','296.70','3.47','798.10',71,'59.17','0.00',57,'2007-07-28 05:00:23','3.12',2),(619,'333.33','216.00','6.00','720.00',71,'42.86','0.00',57,'2007-07-28 05:00:24','5.67',3),(620,'55.36','43.71','3.88','547.08',71,'8.68','0.00',57,'2007-07-28 05:00:24','3.92',5),(621,'53.57','42.60','3.88','550.96',68,'8.38','0.00',57,'2007-07-28 05:00:25','3.92',6),(622,'-21.69','-66.60','5.90','436.60',70,'-13.24','0.00',57,'2007-07-28 05:00:26','5.76',7),(623,'-40.96','-112.20','5.90','389.40',68,'-22.37','0.00',57,'2007-07-28 05:00:26','5.76',8),(624,'-62.78','-129.95','7.57','870.55',70,'-12.99','0.00',57,'2007-07-28 05:00:27','8.28',9),(625,'-71.97','-167.20','19.00','836.00',70,'-16.67','0.00',57,'2007-07-28 05:00:27','19.67',10),(626,'73.22','84.17','54.57','1036.83',69,'8.84','0.00',57,'2007-07-28 05:00:28','51.21',12),(627,'-13.55','-21.00','7.09','709.00',68,'-2.88','0.00',57,'2007-07-28 05:00:28','6.76',13),(628,'2.38','6.93','29.86','985.38',75,'0.71','0.00',58,'2007-07-29 05:00:19','29.70',1),(629,'140.22','296.70','3.47','798.10',72,'59.17','0.00',58,'2007-07-29 05:00:20','3.12',2),(630,'333.33','216.00','6.00','720.00',72,'42.86','0.00',58,'2007-07-29 05:00:21','5.67',3),(631,'55.36','43.71','3.88','547.08',72,'8.68','0.00',58,'2007-07-29 05:00:21','3.92',5),(632,'53.57','42.60','3.88','550.96',69,'8.38','0.00',58,'2007-07-29 05:00:22','3.92',6),(633,'-21.69','-66.60','5.90','436.60',71,'-13.24','0.00',58,'2007-07-29 05:00:22','5.76',7),(634,'-40.96','-112.20','5.90','389.40',69,'-22.37','0.00',58,'2007-07-29 05:00:23','5.76',8),(635,'-62.78','-129.95','7.57','870.55',71,'-12.99','0.00',58,'2007-07-29 05:00:24','8.28',9),(636,'-71.97','-167.20','19.00','836.00',71,'-16.67','0.00',58,'2007-07-29 05:00:24','19.67',10),(637,'73.22','84.17','54.57','1036.83',70,'8.84','0.00',58,'2007-07-29 05:00:25','51.21',12),(638,'-13.55','-21.00','7.09','709.00',69,'-2.88','0.00',58,'2007-07-29 05:00:25','6.76',13),(639,'2.38','6.93','29.86','985.38',76,'0.71','0.00',59,'2007-07-30 05:00:20','29.70',1),(640,'140.22','296.70','3.47','798.10',73,'59.17','0.00',59,'2007-07-30 05:00:20','3.12',2),(641,'333.33','216.00','6.00','720.00',73,'42.86','0.00',59,'2007-07-30 05:00:21','5.67',3),(642,'55.36','43.71','3.88','547.08',73,'8.68','0.00',59,'2007-07-30 05:00:22','3.92',5),(643,'53.57','42.60','3.88','550.96',70,'8.38','0.00',59,'2007-07-30 05:00:22','3.92',6),(644,'-21.69','-66.60','5.90','436.60',72,'-13.24','0.00',59,'2007-07-30 05:00:23','5.76',7),(645,'-40.96','-112.20','5.90','389.40',70,'-22.37','0.00',59,'2007-07-30 05:00:23','5.76',8),(646,'-62.78','-129.95','7.57','870.55',72,'-12.99','0.00',59,'2007-07-30 05:00:24','8.28',9),(647,'-71.97','-167.20','19.00','836.00',72,'-16.67','0.00',59,'2007-07-30 05:00:25','19.67',10),(648,'73.22','84.17','54.57','1036.83',71,'8.84','0.00',59,'2007-07-30 05:00:25','51.21',12),(649,'-13.55','-21.00','7.09','709.00',70,'-2.88','0.00',59,'2007-07-30 05:00:26','6.76',13),(650,'6.12','17.82','30.19','996.27',77,'1.82','0.00',60,'2007-07-31 05:00:17','29.70',1),(651,'132.61','280.60','3.40','782.00',74,'55.96','0.00',60,'2007-07-31 05:00:18','3.12',2),(652,'296.30','192.00','5.80','696.00',74,'38.10','0.00',60,'2007-07-31 05:00:19','5.67',3),(653,'50.00','39.48','3.85','542.85',74,'7.84','0.00',60,'2007-07-31 05:00:19','3.92',5),(654,'48.21','38.34','3.85','546.70',71,'7.54','0.00',60,'2007-07-31 05:00:20','3.92',6),(655,'-25.06','-76.96','5.76','426.24',73,'-15.29','0.00',60,'2007-07-31 05:00:21','5.76',7),(656,'-44.34','-121.44','5.76','380.16',71,'-24.21','0.00',60,'2007-07-31 05:00:21','5.76',8),(657,'-58.33','-120.75','7.65','879.75',73,'-12.07','0.00',60,'2007-07-31 05:00:22','8.28',9),(658,'-67.42','-156.64','19.24','846.56',73,'-15.61','0.00',60,'2007-07-31 05:00:22','19.67',10),(659,'73.72','84.74','54.60','1037.40',72,'8.90','0.00',60,'2007-07-31 05:00:23','51.21',12),(660,'-14.19','-22.00','7.08','708.00',71,'-3.01','0.00',60,'2007-07-31 05:00:24','6.76',13),(661,'3.63','10.56','29.97','989.01',78,'1.08','0.00',61,'2007-08-01 05:00:18','29.70',1),(662,'148.91','315.10','3.55','816.50',75,'62.84','0.00',61,'2007-08-01 05:00:18','3.19',2),(663,'294.44','190.80','5.79','694.80',75,'37.86','0.00',61,'2007-08-01 05:00:19','5.67',3),(664,'53.57','42.30','3.87','545.67',75,'8.40','0.00',61,'2007-08-01 05:00:20','3.92',5),(665,'51.79','41.18','3.87','549.54',72,'8.10','0.00',61,'2007-08-01 05:00:20','3.92',6),(666,'-26.51','-81.40','5.70','421.80',74,'-16.18','0.00',61,'2007-08-01 05:00:21','5.76',7),(667,'-45.78','-125.40','5.70','376.20',72,'-25.00','0.00',61,'2007-08-01 05:00:21','5.76',8),(668,'-52.78','-109.25','7.75','891.25',74,'-10.92','0.00',61,'2007-08-01 05:00:22','8.28',9),(669,'-71.02','-165.00','19.05','838.20',74,'-16.45','0.00',61,'2007-08-01 05:00:23','19.67',10),(670,'68.10','78.28','54.26','1030.94',73,'8.22','0.00',61,'2007-08-01 05:00:23','51.21',12),(671,'-18.71','-29.00','7.01','701.00',72,'-3.97','0.00',61,'2007-08-01 05:00:24','6.76',13),(672,'-12.59','-36.63','28.54','941.82',79,'-3.74','0.00',62,'2007-08-02 05:00:17','29.70',1),(673,'147.83','312.80','3.54','814.20',76,'62.39','0.00',62,'2007-08-02 05:00:18','3.19',2),(674,'287.04','186.00','5.75','690.00',76,'36.90','0.00',62,'2007-08-02 05:00:19','5.67',3),(675,'8.93','7.05','3.62','510.42',76,'1.40','0.00',62,'2007-08-02 05:00:19','3.92',5),(676,'7.14','5.68','3.62','514.04',73,'1.12','0.00',62,'2007-08-02 05:00:20','3.92',6),(677,'-30.36','-93.24','5.54','409.96',75,'-18.53','0.00',62,'2007-08-02 05:00:21','5.76',7),(678,'-49.64','-135.96','5.54','365.64',73,'-27.11','0.00',62,'2007-08-02 05:00:21','5.76',8),(679,'-63.33','-131.10','7.56','869.40',75,'-13.10','0.00',62,'2007-08-02 05:00:22','8.28',9),(680,'-74.05','-172.04','18.89','831.16',75,'-17.15','0.00',62,'2007-08-02 05:00:22','19.67',10),(681,'34.88','40.09','52.25','992.75',74,'4.21','0.00',62,'2007-08-02 05:00:23','51.21',12),(682,'-18.71','-29.00','7.01','701.00',73,'-3.97','0.00',62,'2007-08-02 05:00:24','6.76',13),(683,'1.36','3.96','29.77','982.41',80,'0.40','0.00',63,'2007-08-03 15:05:37','29.70',1),(684,'146.74','310.50','3.53','811.90',77,'61.93','0.00',63,'2007-08-03 15:05:38','3.19',2),(685,'259.26','168.00','5.60','672.00',77,'33.33','0.00',63,'2007-08-03 15:05:39','5.67',3),(686,'0.00','0.00','3.57','503.37',77,'0.00','0.00',63,'2007-08-03 15:05:40','3.92',5),(687,'-1.79','-1.42','3.57','506.94',74,'-0.28','0.00',63,'2007-08-03 15:05:41','3.92',6),(688,'-26.75','-82.14','5.69','421.06',76,'-16.32','0.00',63,'2007-08-03 15:05:41','5.76',7),(689,'-46.02','-126.06','5.69','375.54',74,'-25.13','0.00',63,'2007-08-03 15:05:42','5.76',8),(690,'-71.11','-147.20','7.42','853.30',76,'-14.71','0.00',63,'2007-08-03 15:05:43','8.28',9),(691,'-70.08','-162.80','19.10','840.40',76,'-16.23','0.00',63,'2007-08-03 15:05:43','19.67',10),(692,'50.58','58.14','53.20','1010.80',75,'6.10','0.00',63,'2007-08-03 15:05:44','51.21',12),(693,'-93.55','-145.00','5.85','585.00',74,'-19.86','0.00',63,'2007-08-03 15:05:45','6.76',13),(694,'2.38','6.93','29.86','985.38',81,'0.71','0.00',64,'2007-08-04 05:00:18','29.70',1),(695,'144.57','305.90','3.51','807.30',78,'61.01','0.00',64,'2007-08-04 05:00:18','3.19',2),(696,'250.00','162.00','5.55','666.00',78,'32.14','0.00',64,'2007-08-04 05:00:19','5.67',3),(697,'17.86','14.10','3.67','517.47',78,'2.80','0.00',64,'2007-08-04 05:00:20','3.92',5),(698,'16.07','12.78','3.67','521.14',75,'2.51','0.00',64,'2007-08-04 05:00:20','3.92',6),(699,'-26.51','-81.40','5.70','421.80',77,'-16.18','0.00',64,'2007-08-04 05:00:21','5.76',7),(700,'-45.78','-125.40','5.70','376.20',75,'-25.00','0.00',64,'2007-08-04 05:00:22','5.76',8),(701,'-68.89','-142.60','7.46','857.90',77,'-14.25','0.00',64,'2007-08-04 05:00:22','8.28',9),(702,'-71.02','-165.00','19.05','838.20',77,'-16.45','0.00',64,'2007-08-04 05:00:23','19.67',10),(703,'52.40','60.23','53.31','1012.89',76,'6.32','0.00',64,'2007-08-04 05:00:23','51.21',12),(704,'-87.10','-135.00','5.95','595.00',75,'-18.49','0.00',64,'2007-08-04 05:00:24','6.76',13),(705,'2.38','6.93','29.86','985.38',82,'0.71','0.00',65,'2007-08-05 05:00:21','29.70',1),(706,'144.57','305.90','3.51','807.30',79,'61.01','0.00',65,'2007-08-05 05:00:21','3.19',2),(707,'250.00','162.00','5.55','666.00',79,'32.14','0.00',65,'2007-08-05 05:00:22','5.67',3),(708,'17.86','14.10','3.67','517.47',79,'2.80','0.00',65,'2007-08-05 05:00:23','3.92',5),(709,'16.07','12.78','3.67','521.14',76,'2.51','0.00',65,'2007-08-05 05:00:23','3.92',6),(710,'-26.51','-81.40','5.70','421.80',78,'-16.18','0.00',65,'2007-08-05 05:00:24','5.76',7),(711,'-45.78','-125.40','5.70','376.20',76,'-25.00','0.00',65,'2007-08-05 05:00:25','5.76',8),(712,'-68.89','-142.60','7.46','857.90',78,'-14.25','0.00',65,'2007-08-05 05:00:25','8.28',9),(713,'-71.02','-165.00','19.05','838.20',78,'-16.45','0.00',65,'2007-08-05 05:00:26','19.67',10),(714,'52.40','60.23','53.31','1012.89',77,'6.32','0.00',65,'2007-08-05 05:00:27','51.21',12),(715,'-87.10','-135.00','5.95','595.00',76,'-18.49','0.00',65,'2007-08-05 05:00:29','6.76',13),(716,'2.38','6.93','29.86','985.38',83,'0.71','0.00',66,'2007-08-06 14:46:41','29.70',1),(717,'144.57','305.90','3.51','807.30',80,'61.01','0.00',66,'2007-08-06 14:46:42','3.19',2),(718,'250.00','162.00','5.55','666.00',80,'32.14','0.00',66,'2007-08-06 14:46:43','5.67',3),(719,'17.86','14.10','3.67','517.47',80,'2.80','0.00',66,'2007-08-06 14:46:44','3.92',5),(720,'16.07','12.78','3.67','521.14',77,'2.51','0.00',66,'2007-08-06 14:46:44','3.92',6),(721,'-26.51','-81.40','5.70','421.80',79,'-16.18','0.00',66,'2007-08-06 14:46:45','5.76',7),(722,'-45.78','-125.40','5.70','376.20',77,'-25.00','0.00',66,'2007-08-06 14:46:45','5.76',8),(723,'-68.89','-142.60','7.46','857.90',79,'-14.25','0.00',66,'2007-08-06 14:46:46','8.28',9),(724,'-71.02','-165.00','19.05','838.20',79,'-16.45','0.00',66,'2007-08-06 14:46:47','19.67',10),(725,'52.40','60.23','53.31','1012.89',78,'6.32','0.00',66,'2007-08-06 14:46:47','51.21',12),(726,'-87.10','-135.00','5.95','595.00',77,'-18.49','0.00',66,'2007-08-06 14:46:48','6.76',13),(727,'-4.65','-13.53','29.24','964.92',84,'-1.38','0.00',67,'2007-08-07 05:00:22','29.70',1),(728,'131.52','278.30','3.39','779.70',81,'55.50','0.00',67,'2007-08-07 05:00:22','3.19',2),(729,'170.37','110.40','5.12','614.40',81,'21.90','0.00',67,'2007-08-07 05:00:23','5.67',3),(730,'-1.79','-1.41','3.56','501.96',81,'-0.28','0.00',67,'2007-08-07 05:00:24','3.92',5),(731,'-3.57','-2.84','3.56','505.52',78,'-0.56','0.00',67,'2007-08-07 05:00:24','3.92',6),(732,'-29.16','-89.54','5.59','413.66',80,'-17.79','0.00',67,'2007-08-07 05:00:25','5.76',7),(733,'-48.43','-132.66','5.59','368.94',78,'-26.45','0.00',67,'2007-08-07 05:00:25','5.76',8),(734,'-75.00','-155.25','7.35','845.25',80,'-15.52','0.00',67,'2007-08-07 05:00:26','8.28',9),(735,'-76.70','-178.20','18.75','825.00',80,'-17.76','0.00',67,'2007-08-07 05:00:27','19.67',10),(736,'43.97','50.54','52.80','1003.20',79,'5.31','0.00',67,'2007-08-07 05:00:27','51.21',12),(737,'-105.81','-164.00','5.66','566.00',78,'-22.47','0.00',67,'2007-08-07 05:00:28','6.76',13),(738,'5.10','14.85','30.10','993.30',85,'1.52','0.00',68,'2007-08-09 01:18:58','29.70',1),(739,'147.83','312.80','3.54','814.20',82,'62.39','0.00',68,'2007-08-09 01:19:05','3.19',2),(740,'227.78','147.60','5.43','651.60',82,'29.29','0.00',68,'2007-08-09 01:19:06','5.67',3),(741,'19.64','15.51','3.68','518.88',82,'3.08','0.00',68,'2007-08-09 01:19:06','3.92',5),(742,'17.86','14.20','3.68','522.56',79,'2.79','0.00',68,'2007-08-09 01:19:07','3.92',6),(743,'-14.94','-45.88','6.18','457.32',81,'-9.12','0.00',68,'2007-08-09 01:19:08','5.76',7),(744,'-34.22','-93.72','6.18','407.88',79,'-18.68','0.00',68,'2007-08-09 01:19:08','5.76',8),(745,'-60.56','-125.35','7.61','875.15',81,'-12.53','0.00',68,'2007-08-09 01:19:09','8.28',9),(746,'-72.16','-167.64','18.99','835.56',81,'-16.71','0.00',68,'2007-08-09 01:19:10','19.67',10),(747,'63.64','73.15','53.99','1025.81',80,'7.68','0.00',68,'2007-08-09 01:19:10','51.21',12),(748,'-120.65','-187.00','5.43','543.00',79,'-25.62','0.00',68,'2007-08-09 01:19:11','6.76',13),(749,'5.10','14.85','30.10','993.30',86,'1.52','0.00',69,'2007-08-09 05:00:20','29.70',1),(750,'147.83','312.80','3.54','814.20',83,'62.39','0.00',69,'2007-08-09 05:00:21','3.19',2),(751,'227.78','147.60','5.43','651.60',83,'29.29','0.00',69,'2007-08-09 05:00:22','5.67',3),(752,'19.64','15.51','3.68','518.88',83,'3.08','0.00',69,'2007-08-09 05:00:22','3.92',5),(753,'17.86','14.20','3.68','522.56',80,'2.79','0.00',69,'2007-08-09 05:00:23','3.92',6),(754,'-14.94','-45.88','6.18','457.32',82,'-9.12','0.00',69,'2007-08-09 05:00:24','5.76',7),(755,'-34.22','-93.72','6.18','407.88',80,'-18.68','0.00',69,'2007-08-09 05:00:24','5.76',8),(756,'-60.56','-125.35','7.61','875.15',82,'-12.53','0.00',69,'2007-08-09 05:00:25','8.28',9),(757,'-72.16','-167.64','18.99','835.56',82,'-16.71','0.00',69,'2007-08-09 05:00:25','19.67',10),(758,'63.64','73.15','53.99','1025.81',81,'7.68','0.00',69,'2007-08-09 05:00:26','51.21',12),(759,'-120.65','-187.00','5.43','543.00',80,'-25.62','0.00',69,'2007-08-09 05:00:27','6.76',13),(760,'4.54','13.20','30.05','991.65',87,'1.35','0.00',70,'2007-08-10 05:00:19','29.70',1),(761,'158.70','335.80','3.64','837.20',84,'66.97','0.00',70,'2007-08-10 05:00:20','3.28',2),(762,'214.81','139.20','5.36','643.20',84,'27.62','0.00',70,'2007-08-10 05:00:20','5.67',3),(763,'17.86','14.10','3.67','517.47',84,'2.80','0.00',70,'2007-08-10 05:00:21','3.92',5),(764,'16.07','12.78','3.67','521.14',81,'2.51','0.00',70,'2007-08-10 05:00:22','3.92',6),(765,'-4.82','-14.80','6.60','488.40',83,'-2.94','0.00',70,'2007-08-10 05:00:22','5.94',7),(766,'-24.10','-66.00','6.60','435.60',81,'-13.16','0.00',70,'2007-08-10 05:00:23','5.94',8),(767,'-59.44','-123.05','7.63','877.45',83,'-12.30','0.00',70,'2007-08-10 05:00:23','8.28',9),(768,'-59.66','-138.60','19.65','864.60',83,'-13.82','0.00',70,'2007-08-10 05:00:24','19.67',10),(769,'77.02','88.54','54.80','1041.20',82,'9.29','0.00',70,'2007-08-10 05:00:25','51.21',12),(770,'-122.58','-190.00','5.40','540.00',81,'-26.03','0.00',70,'2007-08-10 05:00:25','6.76',13),(771,'-8.39','-24.42','28.91','954.03',88,'-2.50','0.00',71,'2007-08-11 05:00:13','29.70',1),(772,'157.61','333.50','3.63','834.90',85,'66.51','0.00',71,'2007-08-11 05:00:14','3.28',2),(773,'168.52','109.20','5.11','613.20',85,'21.67','0.00',71,'2007-08-11 05:00:14','5.67',3),(774,'-28.57','-22.56','3.41','480.81',85,'-4.48','0.00',71,'2007-08-11 05:00:15','3.92',5),(775,'-30.36','-24.14','3.41','484.22',82,'-4.75','0.00',71,'2007-08-11 05:00:16','3.92',6),(776,'-9.64','-29.60','6.40','473.60',84,'-5.88','0.00',71,'2007-08-11 05:00:16','5.94',7),(777,'-28.92','-79.20','6.40','422.40',82,'-15.79','0.00',71,'2007-08-11 05:00:17','5.94',8),(778,'-76.11','-157.55','7.33','842.95',84,'-15.75','0.00',71,'2007-08-11 05:00:18','8.28',9),(779,'-70.08','-162.80','19.10','840.40',84,'-16.23','0.00',71,'2007-08-11 05:00:18','19.67',10),(780,'53.06','60.99','53.35','1013.65',83,'6.40','0.00',71,'2007-08-11 05:00:19','51.21',12),(781,'-129.68','-201.00','5.29','529.00',82,'-27.53','0.00',71,'2007-08-11 05:00:19','6.76',13),(782,'-8.39','-24.42','28.91','954.03',89,'-2.50','0.00',72,'2007-08-12 05:00:26','29.70',1),(783,'157.61','333.50','3.63','834.90',86,'66.51','0.00',72,'2007-08-12 05:00:27','3.28',2),(784,'168.52','109.20','5.11','613.20',86,'21.67','0.00',72,'2007-08-12 05:00:28','5.67',3),(785,'-28.57','-22.56','3.41','480.81',86,'-4.48','0.00',72,'2007-08-12 05:00:28','3.92',5),(786,'-30.36','-24.14','3.41','484.22',83,'-4.75','0.00',72,'2007-08-12 05:00:29','3.92',6),(787,'-9.64','-29.60','6.40','473.60',85,'-5.88','0.00',72,'2007-08-12 05:00:30','5.94',7),(788,'-28.92','-79.20','6.40','422.40',83,'-15.79','0.00',72,'2007-08-12 05:00:31','5.94',8),(789,'-76.11','-157.55','7.33','842.95',85,'-15.75','0.00',72,'2007-08-12 05:00:31','8.28',9),(790,'-70.08','-162.80','19.10','840.40',85,'-16.23','0.00',72,'2007-08-12 05:00:32','19.67',10),(791,'53.06','60.99','53.35','1013.65',84,'6.40','0.00',72,'2007-08-12 05:00:33','51.21',12),(792,'-129.68','-201.00','5.29','529.00',83,'-27.53','0.00',72,'2007-08-12 05:00:33','6.76',13),(793,'-8.39','-24.42','28.91','954.03',90,'-2.50','0.00',73,'2007-08-13 05:00:19','29.70',1),(794,'157.61','333.50','3.63','834.90',87,'66.51','0.00',73,'2007-08-13 05:00:20','3.28',2),(795,'168.52','109.20','5.11','613.20',87,'21.67','0.00',73,'2007-08-13 05:00:20','5.67',3),(796,'-28.57','-22.56','3.41','480.81',87,'-4.48','0.00',73,'2007-08-13 05:00:21','3.92',5),(797,'-30.36','-24.14','3.41','484.22',84,'-4.75','0.00',73,'2007-08-13 05:00:22','3.92',6),(798,'-9.64','-29.60','6.40','473.60',86,'-5.88','0.00',73,'2007-08-13 05:00:22','5.94',7),(799,'-28.92','-79.20','6.40','422.40',84,'-15.79','0.00',73,'2007-08-13 05:00:23','5.94',8),(800,'-76.11','-157.55','7.33','842.95',86,'-15.75','0.00',73,'2007-08-13 05:00:23','8.28',9),(801,'-70.08','-162.80','19.10','840.40',86,'-16.23','0.00',73,'2007-08-13 05:00:24','19.67',10),(802,'53.06','60.99','53.35','1013.65',85,'6.40','0.00',73,'2007-08-13 05:00:24','51.21',12),(803,'-129.68','-201.00','5.29','529.00',84,'-27.53','0.00',73,'2007-08-13 05:00:25','6.76',13),(804,'-7.26','-21.12','29.01','957.33',91,'-2.16','0.00',74,'2007-08-14 05:00:37','29.70',1),(805,'141.30','299.00','3.48','800.40',88,'59.63','0.00',74,'2007-08-14 05:00:37','3.28',2),(806,'144.44','93.60','4.98','597.60',88,'18.57','0.00',74,'2007-08-14 05:00:38','5.67',3),(807,'-21.43','-16.92','3.45','486.45',88,'-3.36','0.00',74,'2007-08-14 05:00:39','3.92',5),(808,'-23.21','-18.46','3.45','489.90',85,'-3.63','0.00',74,'2007-08-14 05:00:40','3.92',6),(809,'-9.40','-28.86','6.41','474.34',87,'-5.74','0.00',74,'2007-08-14 05:00:41','5.94',7),(810,'-28.67','-78.54','6.41','423.06',85,'-15.66','0.00',74,'2007-08-14 05:00:42','5.94',8),(811,'-80.56','-166.75','7.25','833.75',87,'-16.67','0.00',74,'2007-08-14 05:00:42','8.28',9),(812,'-64.77','-150.48','19.38','852.72',87,'-15.00','0.00',74,'2007-08-14 05:00:44','19.67',10),(813,'73.72','84.74','54.60','1037.40',86,'8.90','0.00',74,'2007-08-14 05:00:45','51.21',12),(814,'-132.26','-205.00','5.25','525.00',85,'-28.08','0.00',74,'2007-08-14 05:00:46','6.76',13),(815,'-11.90','-34.65','28.60','943.80',92,'-3.54','0.00',75,'2007-08-15 05:00:20','29.70',1),(816,'121.74','257.60','3.30','759.00',89,'51.38','0.00',75,'2007-08-15 05:00:21','3.28',2),(817,'162.96','105.60','5.08','609.60',89,'20.95','0.00',75,'2007-08-15 05:00:22','5.67',3),(818,'-25.00','-19.74','3.43','483.63',89,'-3.92','0.00',75,'2007-08-15 05:00:22','3.92',5),(819,'-26.79','-21.30','3.43','487.06',86,'-4.19','0.00',75,'2007-08-15 05:00:23','3.92',6),(820,'-19.28','-59.20','6.00','444.00',88,'-11.76','0.00',75,'2007-08-15 05:00:24','5.94',7),(821,'-38.55','-105.60','6.00','396.00',86,'-21.05','0.00',75,'2007-08-15 05:00:24','5.94',8),(822,'-79.44','-164.45','7.27','836.05',88,'-16.44','0.00',75,'2007-08-15 05:00:25','8.28',9),(823,'-68.37','-158.84','19.19','844.36',88,'-15.83','0.00',75,'2007-08-15 05:00:26','19.67',10),(824,'63.80','73.34','54.00','1026.00',87,'7.70','0.00',75,'2007-08-15 05:00:26','51.21',12),(825,'-141.94','-220.00','5.10','510.00',86,'-30.14','0.00',75,'2007-08-15 05:00:27','6.76',13),(826,'-20.41','-59.40','27.85','919.05',93,'-6.07','0.00',76,'2007-08-16 05:00:19','29.70',1),(827,'101.09','213.90','3.11','715.30',90,'42.66','0.00',76,'2007-08-16 05:00:20','3.28',2),(828,'161.11','104.40','5.07','608.40',90,'20.71','0.00',76,'2007-08-16 05:00:20','5.67',3),(829,'-57.14','-45.12','3.25','458.25',90,'-8.96','0.00',76,'2007-08-16 05:00:21','3.92',5),(830,'-58.93','-46.86','3.25','461.50',87,'-9.22','0.00',76,'2007-08-16 05:00:22','3.92',6),(831,'-29.88','-91.76','5.56','411.44',89,'-18.24','0.00',76,'2007-08-16 05:00:22','5.94',7),(832,'-49.16','-134.64','5.56','366.96',87,'-26.84','0.00',76,'2007-08-16 05:00:23','5.94',8),(833,'-86.11','-178.25','7.15','822.25',89,'-17.82','0.00',76,'2007-08-16 05:00:24','8.28',9),(834,'-77.84','-180.84','18.69','822.36',89,'-18.03','0.00',76,'2007-08-16 05:00:24','19.67',10),(835,'47.27','54.34','53.00','1007.00',88,'5.70','0.00',76,'2007-08-16 05:00:25','51.21',12),(836,'-140.65','-218.00','5.12','512.00',87,'-29.86','0.00',76,'2007-08-16 05:00:26','6.76',13),(837,'-26.53','-77.22','27.31','901.23',94,'-7.89','0.00',77,'2007-08-17 05:00:21','29.70',1),(838,'98.91','209.30','3.09','710.70',91,'41.74','0.00',77,'2007-08-17 05:00:22','3.28',2),(839,'133.33','86.40','4.92','590.40',91,'17.14','0.00',77,'2007-08-17 05:00:23','5.67',3),(840,'-57.14','-45.12','3.25','458.25',91,'-8.96','0.00',77,'2007-08-17 05:00:24','3.92',5),(841,'-58.93','-46.86','3.25','461.50',88,'-9.22','0.00',77,'2007-08-17 05:00:25','3.92',6),(842,'-42.89','-131.72','5.02','371.48',90,'-26.18','0.00',77,'2007-08-17 05:00:26','5.94',7),(843,'-62.17','-170.28','5.02','331.32',88,'-33.95','0.00',77,'2007-08-17 05:00:28','5.94',8),(844,'-86.67','-179.40','7.14','821.10',90,'-17.93','0.00',77,'2007-08-17 05:00:29','8.28',9),(845,'-76.89','-178.64','18.74','824.56',90,'-17.81','0.00',77,'2007-08-17 05:00:30','19.67',10),(846,'39.01','44.84','52.50','997.50',89,'4.71','0.00',77,'2007-08-17 05:00:31','51.21',12),(847,'-140.00','-217.00','5.13','513.00',88,'-29.73','0.00',77,'2007-08-17 05:00:32','6.76',13),(848,'-24.38','-70.95','27.50','907.50',95,'-7.25','0.00',78,'2007-08-18 05:00:19','29.70',1),(849,'77.17','163.30','2.89','664.70',92,'32.57','0.00',78,'2007-08-18 05:00:20','3.28',2),(850,'148.15','96.00','5.00','600.00',92,'19.05','0.00',78,'2007-08-18 05:00:20','5.67',3),(851,'-66.07','-52.17','3.20','451.20',92,'-10.36','0.00',78,'2007-08-18 05:00:21','3.92',5),(852,'-67.86','-53.96','3.20','454.40',89,'-10.61','0.00',78,'2007-08-18 05:00:22','3.92',6),(853,'-43.37','-133.20','5.00','370.00',91,'-26.47','0.00',78,'2007-08-18 05:00:23','5.94',7),(854,'-62.65','-171.60','5.00','330.00',89,'-34.21','0.00',78,'2007-08-18 05:00:23','5.94',8),(855,'-88.33','-182.85','7.11','817.65',91,'-18.28','0.00',78,'2007-08-18 05:00:24','8.28',9),(856,'-78.41','-182.16','18.66','821.04',91,'-18.16','0.00',78,'2007-08-18 05:00:25','19.67',10),(857,'39.01','44.84','52.50','997.50',90,'4.71','0.00',78,'2007-08-18 05:00:25','51.21',12),(858,'-141.29','-219.00','5.11','511.00',89,'-30.00','0.00',78,'2007-08-18 05:00:26','6.76',13),(859,'-24.38','-70.95','27.50','907.50',96,'-7.25','0.00',79,'2007-08-19 05:00:16','29.70',1),(860,'77.17','163.30','2.89','664.70',93,'32.57','0.00',79,'2007-08-19 05:00:17','3.28',2),(861,'148.15','96.00','5.00','600.00',93,'19.05','0.00',79,'2007-08-19 05:00:18','5.67',3),(862,'-66.07','-52.17','3.20','451.20',93,'-10.36','0.00',79,'2007-08-19 05:00:18','3.92',5),(863,'-67.86','-53.96','3.20','454.40',90,'-10.61','0.00',79,'2007-08-19 05:00:19','3.92',6),(864,'-43.37','-133.20','5.00','370.00',92,'-26.47','0.00',79,'2007-08-19 05:00:20','5.94',7),(865,'-62.65','-171.60','5.00','330.00',90,'-34.21','0.00',79,'2007-08-19 05:00:21','5.94',8),(866,'-88.33','-182.85','7.11','817.65',92,'-18.28','0.00',79,'2007-08-19 05:00:21','8.28',9),(867,'-78.41','-182.16','18.66','821.04',92,'-18.16','0.00',79,'2007-08-19 05:00:22','19.67',10),(868,'39.01','44.84','52.50','997.50',91,'4.71','0.00',79,'2007-08-19 05:00:23','51.21',12),(869,'-141.29','-219.00','5.11','511.00',90,'-30.00','0.00',79,'2007-08-19 05:00:24','6.76',13),(870,'-24.38','-70.95','27.50','907.50',97,'-7.25','0.00',80,'2007-08-20 05:00:19','29.70',1),(871,'77.17','163.30','2.89','664.70',94,'32.57','0.00',80,'2007-08-20 05:00:19','3.28',2),(872,'148.15','96.00','5.00','600.00',94,'19.05','0.00',80,'2007-08-20 05:00:20','5.67',3),(873,'-66.07','-52.17','3.20','451.20',94,'-10.36','0.00',80,'2007-08-20 05:00:21','3.92',5),(874,'-67.86','-53.96','3.20','454.40',91,'-10.61','0.00',80,'2007-08-20 05:00:21','3.92',6),(875,'-43.37','-133.20','5.00','370.00',93,'-26.47','0.00',80,'2007-08-20 05:00:22','5.94',7),(876,'-62.65','-171.60','5.00','330.00',91,'-34.21','0.00',80,'2007-08-20 05:00:23','5.94',8),(877,'-88.33','-182.85','7.11','817.65',93,'-18.28','0.00',80,'2007-08-20 05:00:23','8.28',9),(878,'-78.41','-182.16','18.66','821.04',93,'-18.16','0.00',80,'2007-08-20 05:00:24','19.67',10),(879,'39.01','44.84','52.50','997.50',92,'4.71','0.00',80,'2007-08-20 05:00:24','51.21',12),(880,'-141.29','-219.00','5.11','511.00',91,'-30.00','0.00',80,'2007-08-20 05:00:25','6.76',13),(881,'9.86','28.71','30.52','1007.16',98,'2.93','0.00',81,'2007-08-21 05:00:20','29.70',1),(882,'105.43','223.10','3.15','724.50',95,'44.50','0.00',81,'2007-08-21 05:00:21','3.28',2),(883,'148.15','96.00','5.00','600.00',95,'19.05','0.00',81,'2007-08-21 05:00:22','5.67',3),(884,'-30.36','-23.97','3.40','479.40',95,'-4.76','0.00',81,'2007-08-21 05:00:22','3.92',5),(885,'-32.14','-25.56','3.40','482.80',92,'-5.03','0.00',81,'2007-08-21 05:00:23','3.92',6),(886,'-37.35','-114.70','5.25','388.50',94,'-22.79','0.00',81,'2007-08-21 05:00:24','5.94',7),(887,'-56.63','-155.10','5.25','346.50',92,'-30.92','0.00',81,'2007-08-21 05:00:24','5.94',8),(888,'-64.44','-133.40','7.54','867.10',94,'-13.33','0.00',81,'2007-08-21 05:00:25','8.28',9),(889,'-68.94','-160.16','19.16','843.04',94,'-15.96','0.00',81,'2007-08-21 05:00:26','19.67',10),(890,'53.22','61.18','53.36','1013.84',93,'6.42','0.00',81,'2007-08-21 05:00:26','51.21',12),(891,'-137.42','-213.00','5.17','517.00',92,'-29.18','0.00',81,'2007-08-21 05:00:27','6.76',13),(892,'22.68','66.00','31.65','1044.45',99,'6.75','0.00',82,'2007-08-22 05:00:14','29.70',1),(893,'110.87','234.60','3.20','736.00',96,'46.79','0.00',82,'2007-08-22 05:00:15','3.28',2),(894,'129.63','84.00','4.90','588.00',96,'16.67','0.00',82,'2007-08-22 05:00:16','5.67',3),(895,'-55.36','-43.71','3.26','459.66',96,'-8.68','0.00',82,'2007-08-22 05:00:17','3.92',5),(896,'-57.14','-45.44','3.26','462.92',93,'-8.94','0.00',82,'2007-08-22 05:00:17','3.92',6),(897,'-41.45','-127.28','5.08','375.92',95,'-25.29','0.00',82,'2007-08-22 05:00:18','5.94',7),(898,'-60.72','-166.32','5.08','335.28',93,'-33.16','0.00',82,'2007-08-22 05:00:19','5.94',8),(899,'-57.78','-119.60','7.66','880.90',95,'-11.95','0.00',82,'2007-08-22 05:00:19','8.28',9),(900,'-62.69','-145.64','19.49','857.56',95,'-14.52','0.00',82,'2007-08-22 05:00:20','19.67',10),(901,'66.28','76.19','54.15','1028.85',94,'8.00','0.00',82,'2007-08-22 05:00:21','51.21',12),(902,'-109.03','-169.00','5.61','561.00',93,'-23.15','0.00',82,'2007-08-22 05:00:21','6.76',13),(903,'30.16','87.78','32.31','1066.23',100,'8.97','0.00',83,'2007-08-23 05:01:07','29.70',1),(904,'102.17','216.20','3.12','717.60',97,'43.12','0.00',83,'2007-08-23 05:01:08','3.28',2),(905,'148.15','96.00','5.00','600.00',97,'19.05','0.00',83,'2007-08-23 05:01:09','5.67',3),(906,'-30.36','-23.97','3.40','479.40',97,'-4.76','0.00',83,'2007-08-23 05:01:10','3.92',5),(907,'-32.14','-25.56','3.40','482.80',94,'-5.03','0.00',83,'2007-08-23 05:01:11','3.92',6),(908,'-38.80','-119.14','5.19','384.06',96,'-23.68','0.00',83,'2007-08-23 05:01:12','5.94',7),(909,'-58.07','-159.06','5.19','342.54',94,'-31.71','0.00',83,'2007-08-23 05:01:13','5.94',8),(910,'-51.11','-105.80','7.78','894.70',96,'-10.57','0.00',83,'2007-08-23 05:01:13','8.28',9),(911,'-57.20','-132.88','19.78','870.32',96,'-13.25','0.00',83,'2007-08-23 05:01:14','19.67',10),(912,'70.41','80.94','54.40','1033.60',95,'8.50','0.00',83,'2007-08-23 05:01:15','51.21',12),(913,'-83.87','-130.00','6.00','600.00',94,'-17.81','0.00',83,'2007-08-23 05:01:15','6.76',13),(914,'36.62','106.59','32.88','1085.04',101,'10.89','0.00',84,'2007-08-24 05:00:30','29.70',1),(915,'115.22','243.80','3.24','745.20',98,'48.62','0.00',84,'2007-08-24 05:00:31','3.28',2),(916,'168.52','109.20','5.11','613.20',98,'21.67','0.00',84,'2007-08-24 05:00:31','5.67',3),(917,'-23.21','-18.33','3.44','485.04',98,'-3.64','0.00',84,'2007-08-24 05:00:32','3.92',5),(918,'-25.00','-19.88','3.44','488.48',95,'-3.91','0.00',84,'2007-08-24 05:00:33','3.92',6),(919,'-33.73','-103.60','5.40','399.60',97,'-20.59','0.00',84,'2007-08-24 05:00:33','5.94',7),(920,'-53.01','-145.20','5.40','356.40',95,'-28.95','0.00',84,'2007-08-24 05:00:34','5.94',8),(921,'-58.33','-120.75','7.65','879.75',97,'-12.07','0.00',84,'2007-08-24 05:00:34','8.28',9),(922,'-49.24','-114.40','20.20','888.80',97,'-11.40','0.00',84,'2007-08-24 05:00:35','19.67',10),(923,'80.50','92.53','55.01','1045.19',96,'9.71','0.00',84,'2007-08-24 05:00:36','51.21',12),(924,'-90.97','-141.00','5.89','589.00',95,'-19.32','0.00',84,'2007-08-24 05:00:36','6.76',13),(925,'34.58','100.65','32.70','1079.10',102,'10.29','0.00',85,'2007-08-25 05:00:19','29.70',1),(926,'117.39','248.40','3.26','749.80',99,'49.54','0.00',85,'2007-08-25 05:00:19','3.28',2),(927,'188.89','122.40','5.22','626.40',99,'24.29','0.00',85,'2007-08-25 05:00:20','5.67',3),(928,'-28.57','-22.56','3.41','480.81',99,'-4.48','0.00',85,'2007-08-25 05:00:20','3.92',5),(929,'-30.36','-24.14','3.41','484.22',96,'-4.75','0.00',85,'2007-08-25 05:00:21','3.92',6),(930,'-33.73','-103.60','5.40','399.60',98,'-20.59','0.00',85,'2007-08-25 05:00:22','5.94',7),(931,'-53.01','-145.20','5.40','356.40',96,'-28.95','0.00',85,'2007-08-25 05:00:22','5.94',8),(932,'-66.67','-138.00','7.50','862.50',98,'-13.79','0.00',85,'2007-08-25 05:00:23','8.28',9),(933,'-50.19','-116.60','20.15','886.60',98,'-11.62','0.00',85,'2007-08-25 05:00:23','19.67',10),(934,'77.19','88.73','54.81','1041.39',97,'9.31','0.00',85,'2007-08-25 05:00:24','51.21',12),(935,'-90.32','-140.00','5.90','590.00',96,'-19.18','0.00',85,'2007-08-25 05:00:24','6.76',13),(936,'34.58','100.65','32.70','1079.10',103,'10.29','0.00',86,'2007-08-26 05:00:29','29.70',1),(937,'117.39','248.40','3.26','749.80',100,'49.54','0.00',86,'2007-08-26 05:00:30','3.28',2),(938,'188.89','122.40','5.22','626.40',100,'24.29','0.00',86,'2007-08-26 05:00:31','5.67',3),(939,'-28.57','-22.56','3.41','480.81',100,'-4.48','0.00',86,'2007-08-26 05:00:31','3.92',5),(940,'-30.36','-24.14','3.41','484.22',97,'-4.75','0.00',86,'2007-08-26 05:00:32','3.92',6),(941,'-33.73','-103.60','5.40','399.60',99,'-20.59','0.00',86,'2007-08-26 05:00:32','5.94',7),(942,'-53.01','-145.20','5.40','356.40',97,'-28.95','0.00',86,'2007-08-26 05:00:33','5.94',8),(943,'-66.67','-138.00','7.50','862.50',99,'-13.79','0.00',86,'2007-08-26 05:00:34','8.28',9),(944,'-50.19','-116.60','20.15','886.60',99,'-11.62','0.00',86,'2007-08-26 05:00:36','19.67',10),(945,'77.19','88.73','54.81','1041.39',98,'9.31','0.00',86,'2007-08-26 05:00:37','51.21',12),(946,'-90.32','-140.00','5.90','590.00',97,'-19.18','0.00',86,'2007-08-26 05:00:37','6.76',13),(947,'34.58','100.65','32.70','1079.10',104,'10.29','0.00',87,'2007-08-27 05:00:22','29.70',1),(948,'117.39','248.40','3.26','749.80',101,'49.54','0.00',87,'2007-08-27 05:00:22','3.28',2),(949,'188.89','122.40','5.22','626.40',101,'24.29','0.00',87,'2007-08-27 05:00:23','5.67',3),(950,'-28.57','-22.56','3.41','480.81',101,'-4.48','0.00',87,'2007-08-27 05:00:24','3.92',5),(951,'-30.36','-24.14','3.41','484.22',98,'-4.75','0.00',87,'2007-08-27 05:00:24','3.92',6),(952,'-33.73','-103.60','5.40','399.60',100,'-20.59','0.00',87,'2007-08-27 05:00:25','5.94',7),(953,'-53.01','-145.20','5.40','356.40',98,'-28.95','0.00',87,'2007-08-27 05:00:25','5.94',8),(954,'-66.67','-138.00','7.50','862.50',100,'-13.79','0.00',87,'2007-08-27 05:00:26','8.28',9),(955,'-50.19','-116.60','20.15','886.60',100,'-11.62','0.00',87,'2007-08-27 05:00:26','19.67',10),(956,'77.19','88.73','54.81','1041.39',99,'9.31','0.00',87,'2007-08-27 05:00:27','51.21',12),(957,'-90.32','-140.00','5.90','590.00',98,'-19.18','0.00',87,'2007-08-27 05:00:27','6.76',13),(958,'36.96','107.58','32.91','1086.03',105,'10.99','0.00',88,'2007-08-28 05:00:20','29.70',1),(959,'127.17','269.10','3.35','770.50',102,'53.67','0.00',88,'2007-08-28 05:00:20','3.28',2),(960,'205.56','133.20','5.31','637.20',102,'26.43','0.00',88,'2007-08-28 05:00:21','5.67',3),(961,'-3.57','-2.82','3.55','500.55',102,'-0.56','0.00',88,'2007-08-28 05:00:21','3.92',5),(962,'-5.36','-4.26','3.55','504.10',99,'-0.84','0.00',88,'2007-08-28 05:00:22','3.92',6),(963,'-26.99','-82.88','5.68','420.32',101,'-16.47','0.00',88,'2007-08-28 05:00:22','5.94',7),(964,'-46.27','-126.72','5.68','374.88',99,'-25.26','0.00',88,'2007-08-28 05:00:23','5.94',8),(965,'-53.89','-111.55','7.73','888.95',101,'-11.15','0.00',88,'2007-08-28 05:00:23','8.28',9),(966,'-45.45','-105.60','20.40','897.60',101,'-10.53','0.00',88,'2007-08-28 05:00:24','19.67',10),(967,'83.64','96.14','55.20','1048.80',100,'10.09','0.00',88,'2007-08-28 05:00:25','51.21',12),(968,'-80.00','-124.00','6.06','606.00',99,'-16.99','0.00',88,'2007-08-28 05:00:25','6.76',13),(969,'39.12','113.85','33.10','1092.30',106,'11.64','0.00',89,'2007-08-29 05:00:18','29.79',1),(970,'121.74','257.60','3.30','759.00',103,'51.38','0.00',89,'2007-08-29 05:00:19','3.28',2),(971,'196.30','127.20','5.26','631.20',103,'25.24','0.00',89,'2007-08-29 05:00:19','5.67',3),(972,'5.36','4.23','3.60','507.60',103,'0.84','0.00',89,'2007-08-29 05:00:20','3.92',5),(973,'3.57','2.84','3.60','511.20',100,'0.56','0.00',89,'2007-08-29 05:00:21','3.92',6),(974,'-25.06','-76.96','5.76','426.24',102,'-15.29','0.00',89,'2007-08-29 05:00:21','5.94',7),(975,'-44.34','-121.44','5.76','380.16',100,'-24.21','0.00',89,'2007-08-29 05:00:23','5.94',8),(976,'-53.89','-111.55','7.73','888.95',102,'-11.15','0.00',89,'2007-08-29 05:00:23','8.28',9),(977,'-34.28','-79.64','20.99','923.56',102,'-7.94','0.00',89,'2007-08-29 05:00:24','19.67',10),(978,'74.05','85.12','54.62','1037.78',101,'8.93','0.00',89,'2007-08-29 05:00:25','51.21',12),(979,'-76.77','-119.00','6.11','611.00',100,'-16.30','0.00',89,'2007-08-29 05:00:25','6.76',13),(980,'32.88','95.70','32.55','1074.15',107,'9.78','0.00',90,'2007-08-30 05:00:24','29.79',1),(981,'123.91','262.20','3.32','763.60',104,'52.29','0.00',90,'2007-08-30 05:00:25','3.28',2),(982,'168.52','109.20','5.11','613.20',104,'21.67','0.00',90,'2007-08-30 05:00:25','5.67',3),(983,'3.57','2.82','3.59','506.19',104,'0.56','0.00',90,'2007-08-30 05:00:26','3.92',5),(984,'1.79','1.42','3.59','509.78',101,'0.28','0.00',90,'2007-08-30 05:00:27','3.92',6),(985,'-25.78','-79.18','5.73','424.02',103,'-15.74','0.00',90,'2007-08-30 05:00:27','5.94',7),(986,'-45.06','-123.42','5.73','378.18',101,'-24.61','0.00',90,'2007-08-30 05:00:28','5.94',8),(987,'-54.44','-112.70','7.72','887.80',103,'-11.26','0.00',90,'2007-08-30 05:00:29','8.28',9),(988,'-41.10','-95.48','20.63','907.72',103,'-9.52','0.00',90,'2007-08-30 05:00:30','19.67',10),(989,'67.11','77.14','54.20','1029.80',102,'8.10','0.00',90,'2007-08-30 05:00:31','51.21',12),(990,'-76.13','-118.00','6.12','612.00',101,'-16.16','0.00',90,'2007-08-30 05:00:31','6.76',13),(991,'44.44','129.36','33.57','1107.81',108,'13.22','0.00',91,'2007-08-31 05:00:18','30.21',1),(992,'119.57','253.00','3.28','754.40',105,'50.46','0.00',91,'2007-08-31 05:00:18','3.28',2),(993,'220.37','142.80','5.39','646.80',105,'28.33','0.00',91,'2007-08-31 05:00:19','5.67',3),(994,'10.71','8.46','3.63','511.83',105,'1.68','0.00',91,'2007-08-31 05:00:20','3.92',5),(995,'8.93','7.10','3.63','515.46',102,'1.40','0.00',91,'2007-08-31 05:00:20','3.92',6),(996,'-23.13','-71.04','5.84','432.16',104,'-14.12','0.00',91,'2007-08-31 05:00:20','5.94',7),(997,'-42.41','-116.16','5.84','385.44',102,'-23.16','0.00',91,'2007-08-31 05:00:21','5.94',8),(998,'-52.78','-109.25','7.75','891.25',104,'-10.92','0.00',91,'2007-08-31 05:00:21','8.28',9),(999,'-38.07','-88.44','20.79','914.76',104,'-8.82','0.00',91,'2007-08-31 05:00:22','19.67',10),(1000,'61.49','70.68','53.86','1023.34',103,'7.42','0.00',91,'2007-08-31 05:00:23','51.21',12),(1001,'-69.68','-108.00','6.22','622.00',102,'-14.79','0.00',91,'2007-08-31 05:00:23','6.76',13),(1002,'58.96','171.60','34.85','1150.05',109,'17.54','0.00',92,'2007-09-01 05:00:22','31.37',1),(1003,'127.17','269.10','3.35','770.50',106,'53.67','0.00',92,'2007-09-01 05:00:23','3.28',2),(1004,'201.85','130.80','5.29','634.80',106,'25.95','0.00',92,'2007-09-01 05:00:24','5.67',3),(1005,'19.64','15.51','3.68','518.88',106,'3.08','0.00',92,'2007-09-01 05:00:24','3.92',5),(1006,'17.86','14.20','3.68','522.56',103,'2.79','0.00',92,'2007-09-01 05:00:25','3.92',6),(1007,'-17.59','-54.02','6.07','449.18',105,'-10.74','0.00',92,'2007-09-01 05:00:25','5.94',7),(1008,'-36.87','-100.98','6.07','400.62',103,'-20.13','0.00',92,'2007-09-01 05:00:26','5.94',8),(1009,'-45.00','-93.15','7.89','907.35',105,'-9.31','0.00',92,'2007-09-01 05:00:27','8.28',9),(1010,'-35.42','-82.28','20.93','920.92',105,'-8.20','0.00',92,'2007-09-01 05:00:27','19.67',10),(1011,'82.81','95.19','55.15','1047.85',104,'9.99','0.00',92,'2007-09-01 05:00:28','51.21',12),(1012,'-52.90','-82.00','6.48','648.00',103,'-11.23','0.00',92,'2007-09-01 05:00:28','6.76',13),(1013,'58.96','171.60','34.85','1150.05',110,'17.54','0.00',93,'2007-09-02 05:00:21','31.37',1),(1014,'127.17','269.10','3.35','770.50',107,'53.67','0.00',93,'2007-09-02 05:00:22','3.28',2),(1015,'201.85','130.80','5.29','634.80',107,'25.95','0.00',93,'2007-09-02 05:00:23','5.67',3),(1016,'19.64','15.51','3.68','518.88',107,'3.08','0.00',93,'2007-09-02 05:00:23','3.92',5),(1017,'17.86','14.20','3.68','522.56',104,'2.79','0.00',93,'2007-09-02 05:00:24','3.92',6),(1018,'-17.59','-54.02','6.07','449.18',106,'-10.74','0.00',93,'2007-09-02 05:00:25','5.94',7),(1019,'-36.87','-100.98','6.07','400.62',104,'-20.13','0.00',93,'2007-09-02 05:00:25','5.94',8),(1020,'-45.00','-93.15','7.89','907.35',106,'-9.31','0.00',93,'2007-09-02 05:00:26','8.28',9),(1021,'-35.42','-82.28','20.93','920.92',106,'-8.20','0.00',93,'2007-09-02 05:00:27','19.67',10),(1022,'82.81','95.19','55.15','1047.85',105,'9.99','0.00',93,'2007-09-02 05:00:27','51.21',12),(1023,'-52.90','-82.00','6.48','648.00',104,'-11.23','0.00',93,'2007-09-02 05:00:28','6.76',13),(1024,'58.96','171.60','34.85','1150.05',111,'17.54','0.00',94,'2007-09-03 05:00:20','31.37',1),(1025,'127.17','269.10','3.35','770.50',108,'53.67','0.00',94,'2007-09-03 05:00:21','3.28',2),(1026,'201.85','130.80','5.29','634.80',108,'25.95','0.00',94,'2007-09-03 05:00:22','5.67',3),(1027,'19.64','15.51','3.68','518.88',108,'3.08','0.00',94,'2007-09-03 05:00:22','3.92',5),(1028,'17.86','14.20','3.68','522.56',105,'2.79','0.00',94,'2007-09-03 05:00:23','3.92',6),(1029,'-17.59','-54.02','6.07','449.18',107,'-10.74','0.00',94,'2007-09-03 05:00:24','5.94',7),(1030,'-36.87','-100.98','6.07','400.62',105,'-20.13','0.00',94,'2007-09-03 05:00:24','5.94',8),(1031,'-45.00','-93.15','7.89','907.35',107,'-9.31','0.00',94,'2007-09-03 05:00:25','8.28',9),(1032,'-35.42','-82.28','20.93','920.92',107,'-8.20','0.00',94,'2007-09-03 05:00:27','19.67',10),(1033,'82.81','95.19','55.15','1047.85',106,'9.99','0.00',94,'2007-09-03 05:00:28','51.21',12),(1034,'-52.90','-82.00','6.48','648.00',105,'-11.23','0.00',94,'2007-09-03 05:00:29','6.76',13),(1035,'52.49','152.79','34.28','1131.24',112,'15.62','0.00',95,'2007-09-04 15:08:29','31.37',1),(1036,'131.52','278.30','3.39','779.70',109,'55.50','0.00',95,'2007-09-04 15:08:30','3.28',2),(1037,'196.30','127.20','5.26','631.20',109,'25.24','0.00',95,'2007-09-04 15:08:31','5.67',3),(1038,'21.43','16.92','3.69','520.29',109,'3.36','0.00',95,'2007-09-04 15:08:32','3.92',5),(1039,'19.64','15.62','3.69','523.98',106,'3.07','0.00',95,'2007-09-04 15:08:34','3.92',6),(1040,'-15.42','-47.36','6.16','455.84',108,'-9.41','0.00',95,'2007-09-04 15:08:35','5.94',7),(1041,'-34.70','-95.04','6.16','406.56',106,'-18.95','0.00',95,'2007-09-04 15:08:36','5.94',8),(1042,'-43.89','-90.85','7.91','909.65',108,'-9.08','0.00',95,'2007-09-04 15:08:36','8.28',9),(1043,'-34.28','-79.64','20.99','923.56',108,'-7.94','0.00',95,'2007-09-04 15:08:37','19.67',10),(1044,'84.79','97.47','55.27','1050.13',107,'10.23','0.00',95,'2007-09-04 15:08:38','51.21',12),(1045,'-61.29','-95.00','6.35','635.00',106,'-13.01','0.00',95,'2007-09-04 15:08:39','6.76',13),(1046,'54.42','158.40','34.45','1136.85',113,'16.19','0.00',96,'2007-09-05 05:00:22','31.37',1),(1047,'133.70','282.90','3.41','784.30',110,'56.42','0.00',96,'2007-09-05 05:00:23','3.28',2),(1048,'225.93','146.40','5.42','650.40',110,'29.05','0.00',96,'2007-09-05 05:00:23','5.67',3),(1049,'8.93','7.05','3.62','510.42',110,'1.40','0.00',96,'2007-09-05 05:00:24','3.92',5),(1050,'7.14','5.68','3.62','514.04',107,'1.12','0.00',96,'2007-09-05 05:00:24','3.92',6),(1051,'-15.42','-47.36','6.16','455.84',109,'-9.41','0.00',96,'2007-09-05 05:00:25','5.94',7),(1052,'-34.70','-95.04','6.16','406.56',107,'-18.95','0.00',96,'2007-09-05 05:00:25','5.94',8),(1053,'-52.78','-109.25','7.75','891.25',109,'-10.92','0.00',96,'2007-09-05 05:00:26','8.28',9),(1054,'-26.89','-62.48','21.38','940.72',109,'-6.23','0.00',96,'2007-09-05 05:00:26','19.67',10),(1055,'91.07','104.69','55.65','1057.35',108,'10.99','0.00',96,'2007-09-05 05:00:27','51.21',12),(1056,'-51.61','-80.00','6.50','650.00',107,'-10.96','0.00',96,'2007-09-05 05:00:28','6.76',13),(1057,'52.27','152.13','34.26','1130.58',114,'15.55','0.00',97,'2007-09-06 05:00:22','31.37',1),(1058,'132.61','280.60','3.40','782.00',111,'55.96','0.00',97,'2007-09-06 05:00:23','3.28',2),(1059,'225.93','146.40','5.42','650.40',111,'29.05','0.00',97,'2007-09-06 05:00:24','5.67',3),(1060,'5.36','4.23','3.60','507.60',111,'0.84','0.00',97,'2007-09-06 05:00:25','3.92',5),(1061,'3.57','2.84','3.60','511.20',108,'0.56','0.00',97,'2007-09-06 05:00:26','3.92',6),(1062,'-14.46','-44.40','6.20','458.80',110,'-8.82','0.00',97,'2007-09-06 05:00:28','5.94',7),(1063,'-33.73','-92.40','6.20','409.20',108,'-18.42','0.00',97,'2007-09-06 05:00:29','5.94',8),(1064,'-58.33','-120.75','7.65','879.75',110,'-12.07','0.00',97,'2007-09-06 05:00:30','8.28',9),(1065,'-28.41','-66.00','21.30','937.20',110,'-6.58','0.00',97,'2007-09-06 05:00:31','19.67',10),(1066,'81.98','94.24','55.10','1046.90',109,'9.89','0.00',97,'2007-09-06 05:00:32','51.21',12),(1067,'-61.29','-95.00','6.35','635.00',108,'-13.01','0.00',97,'2007-09-06 05:00:33','6.76',13),(1068,'49.32','143.55','34.00','1122.00',115,'14.67','0.00',98,'2007-09-07 05:00:19','31.37',1),(1069,'127.17','269.10','3.35','770.50',112,'53.67','0.00',98,'2007-09-07 05:00:20','3.28',2),(1070,'212.96','138.00','5.35','642.00',112,'27.38','0.00',98,'2007-09-07 05:00:22','5.67',3),(1071,'8.93','7.05','3.62','510.42',112,'1.40','0.00',98,'2007-09-07 05:00:23','3.92',5),(1072,'7.14','5.68','3.62','514.04',109,'1.12','0.00',98,'2007-09-07 05:00:24','3.92',6),(1073,'-20.00','-61.42','5.97','441.78',111,'-12.21','0.00',98,'2007-09-07 05:00:25','5.94',7),(1074,'-39.28','-107.58','5.97','394.02',109,'-21.45','0.00',98,'2007-09-07 05:00:26','5.94',8),(1075,'-52.22','-108.10','7.76','892.40',111,'-10.80','0.00',98,'2007-09-07 05:00:27','8.28',9),(1076,'-25.57','-59.40','21.45','943.80',111,'-5.92','0.00',98,'2007-09-07 05:00:28','19.67',10),(1077,'80.33','92.34','55.00','1045.00',110,'9.69','0.00',98,'2007-09-07 05:00:29','51.21',12),(1078,'-64.52','-100.00','6.30','630.00',109,'-13.70','0.00',98,'2007-09-07 05:00:30','6.76',13),(1079,'47.39','137.94','33.83','1116.39',116,'14.10','0.00',99,'2007-09-08 05:00:17','31.37',1),(1080,'136.96','289.80','3.44','791.20',113,'57.80','0.00',99,'2007-09-08 05:00:18','3.28',2),(1081,'222.22','144.00','5.40','648.00',113,'28.57','0.00',99,'2007-09-08 05:00:19','5.67',3),(1082,'12.50','9.87','3.64','513.24',113,'1.96','0.00',99,'2007-09-08 05:00:20','3.92',5),(1083,'10.71','8.52','3.64','516.88',110,'1.68','0.00',99,'2007-09-08 05:00:21','3.92',6),(1084,'-15.90','-48.84','6.14','454.36',112,'-9.71','0.00',99,'2007-09-08 05:00:22','5.94',7),(1085,'-35.18','-96.36','6.14','405.24',110,'-19.21','0.00',99,'2007-09-08 05:00:23','5.94',8),(1086,'-55.56','-115.00','7.70','885.50',112,'-11.49','0.00',99,'2007-09-08 05:00:24','8.28',9),(1087,'-23.67','-55.00','21.55','948.20',112,'-5.48','0.00',99,'2007-09-08 05:00:26','19.67',10),(1088,'74.88','86.07','54.67','1038.73',111,'9.03','0.00',99,'2007-09-08 05:00:27','51.21',12),(1089,'-61.29','-95.00','6.35','635.00',110,'-13.01','0.00',99,'2007-09-08 05:00:28','6.76',13),(1090,'47.39','137.94','33.83','1116.39',117,'14.10','0.00',100,'2007-09-09 05:00:18','31.37',1),(1091,'136.96','289.80','3.44','791.20',114,'57.80','0.00',100,'2007-09-09 05:00:19','3.28',2),(1092,'222.22','144.00','5.40','648.00',114,'28.57','0.00',100,'2007-09-09 05:00:20','5.67',3),(1093,'12.50','9.87','3.64','513.24',114,'1.96','0.00',100,'2007-09-09 05:00:21','3.92',5),(1094,'10.71','8.52','3.64','516.88',111,'1.68','0.00',100,'2007-09-09 05:00:22','3.92',6),(1095,'-15.90','-48.84','6.14','454.36',113,'-9.71','0.00',100,'2007-09-09 05:00:23','5.94',7),(1096,'-35.18','-96.36','6.14','405.24',111,'-19.21','0.00',100,'2007-09-09 05:00:24','5.94',8),(1097,'-55.56','-115.00','7.70','885.50',113,'-11.49','0.00',100,'2007-09-09 05:00:25','8.28',9),(1098,'-23.67','-55.00','21.55','948.20',113,'-5.48','0.00',100,'2007-09-09 05:00:27','19.67',10),(1099,'74.88','86.07','54.67','1038.73',112,'9.03','0.00',100,'2007-09-09 05:00:28','51.21',12),(1100,'-61.29','-95.00','6.35','635.00',111,'-13.01','0.00',100,'2007-09-09 05:00:29','6.76',13),(1101,'39.23','114.18','33.11','1092.63',118,'11.67','0.00',101,'2007-09-11 05:00:18','31.37',1),(1102,'136.96','289.80','3.44','791.20',115,'57.80','0.00',101,'2007-09-11 05:00:19','3.28',2),(1103,'212.96','138.00','5.35','642.00',115,'27.38','0.00',101,'2007-09-11 05:00:20','5.67',3),(1104,'21.43','16.92','3.69','520.29',115,'3.36','0.00',101,'2007-09-11 05:00:21','3.92',5),(1105,'19.64','15.62','3.69','523.98',112,'3.07','0.00',101,'2007-09-11 05:00:22','3.92',6),(1106,'-15.18','-46.62','6.17','456.58',114,'-9.26','0.00',101,'2007-09-11 05:00:24','5.94',7),(1107,'-34.46','-94.38','6.17','407.22',112,'-18.82','0.00',101,'2007-09-11 05:00:25','5.94',8),(1108,'-57.78','-119.60','7.66','880.90',114,'-11.95','0.00',101,'2007-09-11 05:00:26','8.28',9),(1109,'-29.55','-68.64','21.24','934.56',114,'-6.84','0.00',101,'2007-09-11 05:00:27','19.67',10),(1110,'69.59','79.99','54.35','1032.65',113,'8.40','0.00',101,'2007-09-11 05:00:28','51.21',12),(1111,'-58.71','-91.00','6.39','639.00',112,'-12.47','0.00',101,'2007-09-11 05:00:29','6.76',13),(1112,'41.95','122.10','33.35','1100.55',119,'12.48','0.00',102,'2007-09-12 05:00:18','31.37',1),(1113,'132.61','280.60','3.40','782.00',116,'55.96','0.00',102,'2007-09-12 05:00:19','3.28',2),(1114,'207.41','134.40','5.32','638.40',116,'26.67','0.00',102,'2007-09-12 05:00:20','5.67',3),(1115,'23.21','18.33','3.70','521.70',116,'3.64','0.00',102,'2007-09-12 05:00:21','3.92',5),(1116,'21.43','17.04','3.70','525.40',113,'3.35','0.00',102,'2007-09-12 05:00:22','3.92',6),(1117,'-14.22','-43.66','6.21','459.54',115,'-8.68','0.00',102,'2007-09-12 05:00:24','5.94',7),(1118,'-33.49','-91.74','6.21','409.86',113,'-18.29','0.00',102,'2007-09-12 05:00:25','5.94',8),(1119,'-60.56','-125.35','7.61','875.15',115,'-12.53','0.00',102,'2007-09-12 05:00:26','8.28',9),(1120,'-27.46','-63.80','21.35','939.40',115,'-6.36','0.00',102,'2007-09-12 05:00:27','19.67',10),(1121,'85.79','98.61','55.33','1051.27',114,'10.35','0.00',102,'2007-09-12 05:00:28','51.21',12),(1122,'-62.58','-97.00','6.33','633.00',113,'-13.29','0.00',102,'2007-09-12 05:00:29','6.76',13),(1123,'42.63','124.08','33.41','1102.53',120,'12.68','0.00',103,'2007-09-13 05:00:30','31.37',1),(1124,'119.57','253.00','3.28','754.40',117,'50.46','0.00',103,'2007-09-13 05:00:33','3.28',2),(1125,'175.93','114.00','5.15','618.00',117,'22.62','0.00',103,'2007-09-13 05:00:36','5.67',3),(1126,'16.07','12.69','3.66','516.06',117,'2.52','0.00',103,'2007-09-13 05:00:39','3.92',5),(1127,'14.29','11.36','3.66','519.72',114,'2.23','0.00',103,'2007-09-13 05:00:42','3.92',6),(1128,'-16.39','-50.32','6.12','452.88',116,'-10.00','0.00',103,'2007-09-13 05:00:44','5.94',7),(1129,'-35.66','-97.68','6.12','403.92',114,'-19.47','0.00',103,'2007-09-13 05:00:47','5.94',8),(1130,'-69.44','-143.75','7.45','856.75',116,'-14.37','0.00',103,'2007-09-13 05:00:50','8.28',9),(1131,'-32.20','-74.80','21.10','928.40',116,'-7.46','0.00',103,'2007-09-13 05:00:53','19.67',10),(1132,'83.64','96.14','55.20','1048.80',115,'10.09','0.00',103,'2007-09-13 05:00:55','51.21',12),(1133,'-62.58','-97.00','6.33','633.00',114,'-13.29','0.00',103,'2007-09-13 05:00:58','6.76',13),(1134,'48.19','140.25','33.90','1118.70',121,'14.33','0.00',104,'2007-09-14 05:00:19','31.37',1),(1135,'111.96','236.90','3.21','738.30',118,'47.25','0.00',104,'2007-09-14 05:00:20','3.28',2),(1136,'170.37','110.40','5.12','614.40',118,'21.90','0.00',104,'2007-09-14 05:00:21','5.67',3),(1137,'26.79','21.15','3.72','524.52',118,'4.20','0.00',104,'2007-09-14 05:00:22','3.92',5),(1138,'25.00','19.88','3.72','528.24',115,'3.91','0.00',104,'2007-09-14 05:00:23','3.92',6),(1139,'-16.39','-50.32','6.12','452.88',117,'-10.00','0.00',104,'2007-09-14 05:00:25','5.94',7),(1140,'-35.66','-97.68','6.12','403.92',115,'-19.47','0.00',104,'2007-09-14 05:00:26','5.94',8),(1141,'-77.78','-161.00','7.30','839.50',117,'-16.09','0.00',104,'2007-09-14 05:00:27','8.28',9),(1142,'-29.17','-67.76','21.26','935.44',117,'-6.75','0.00',104,'2007-09-14 05:00:28','19.67',10),(1143,'84.46','97.09','55.25','1049.75',116,'10.19','0.00',104,'2007-09-14 05:00:29','51.21',12),(1144,'-69.03','-107.00','6.23','623.00',115,'-14.66','0.00',104,'2007-09-14 05:00:30','6.76',13),(1145,'51.02','148.50','34.15','1126.95',122,'15.18','0.00',105,'2007-09-15 05:00:17','31.37',1),(1146,'111.96','236.90','3.21','738.30',119,'47.25','0.00',105,'2007-09-15 05:00:18','3.28',2),(1147,'212.96','138.00','5.35','642.00',119,'27.38','0.00',105,'2007-09-15 05:00:19','5.67',3),(1148,'50.00','39.48','3.85','542.85',119,'7.84','0.00',105,'2007-09-15 05:00:20','3.92',5),(1149,'48.21','38.34','3.85','546.70',116,'7.54','0.00',105,'2007-09-15 05:00:21','3.92',6),(1150,'-21.69','-66.60','5.90','436.60',118,'-13.24','0.00',105,'2007-09-15 05:00:22','5.94',7),(1151,'-40.96','-112.20','5.90','389.40',116,'-22.37','0.00',105,'2007-09-15 05:00:23','5.94',8),(1152,'-76.11','-157.55','7.33','842.95',118,'-15.75','0.00',105,'2007-09-15 05:00:24','8.28',9),(1153,'-22.73','-52.80','21.60','950.40',118,'-5.26','0.00',105,'2007-09-15 05:00:25','19.67',10),(1154,'91.90','105.64','55.70','1058.30',117,'11.09','0.00',105,'2007-09-15 05:00:26','51.21',12),(1155,'-67.74','-105.00','6.25','625.00',116,'-14.38','0.00',105,'2007-09-15 05:00:27','6.76',13),(1156,'51.02','148.50','34.15','1126.95',123,'15.18','0.00',106,'2007-09-16 05:00:16','31.37',1),(1157,'111.96','236.90','3.21','738.30',120,'47.25','0.00',106,'2007-09-16 05:00:17','3.28',2),(1158,'212.96','138.00','5.35','642.00',120,'27.38','0.00',106,'2007-09-16 05:00:18','5.67',3),(1159,'50.00','39.48','3.85','542.85',120,'7.84','0.00',106,'2007-09-16 05:00:19','3.92',5),(1160,'48.21','38.34','3.85','546.70',117,'7.54','0.00',106,'2007-09-16 05:00:20','3.92',6),(1161,'-21.69','-66.60','5.90','436.60',119,'-13.24','0.00',106,'2007-09-16 05:00:21','5.94',7),(1162,'-40.96','-112.20','5.90','389.40',117,'-22.37','0.00',106,'2007-09-16 05:00:22','5.94',8),(1163,'-76.11','-157.55','7.33','842.95',119,'-15.75','0.00',106,'2007-09-16 05:00:24','8.28',9),(1164,'-22.73','-52.80','21.60','950.40',119,'-5.26','0.00',106,'2007-09-16 05:00:25','19.67',10),(1165,'91.90','105.64','55.70','1058.30',118,'11.09','0.00',106,'2007-09-16 05:00:26','51.21',12),(1166,'-67.74','-105.00','6.25','625.00',117,'-14.38','0.00',106,'2007-09-16 05:00:27','6.76',13),(1167,'51.02','148.50','34.15','1126.95',124,'15.18','0.00',107,'2007-09-17 05:00:19','31.37',1),(1168,'111.96','236.90','3.21','738.30',121,'47.25','0.00',107,'2007-09-17 05:00:21','3.28',2),(1169,'212.96','138.00','5.35','642.00',121,'27.38','0.00',107,'2007-09-17 05:00:22','5.67',3),(1170,'50.00','39.48','3.85','542.85',121,'7.84','0.00',107,'2007-09-17 05:00:23','3.92',5),(1171,'48.21','38.34','3.85','546.70',118,'7.54','0.00',107,'2007-09-17 05:00:24','3.92',6),(1172,'-21.69','-66.60','5.90','436.60',120,'-13.24','0.00',107,'2007-09-17 05:00:25','5.94',7),(1173,'-40.96','-112.20','5.90','389.40',118,'-22.37','0.00',107,'2007-09-17 05:00:26','5.94',8),(1174,'-76.11','-157.55','7.33','842.95',120,'-15.75','0.00',107,'2007-09-17 05:00:27','8.28',9),(1175,'-22.73','-52.80','21.60','950.40',120,'-5.26','0.00',107,'2007-09-17 05:00:28','19.67',10),(1176,'91.90','105.64','55.70','1058.30',119,'11.09','0.00',107,'2007-09-17 05:00:29','51.21',12),(1177,'-67.74','-105.00','6.25','625.00',118,'-14.38','0.00',107,'2007-09-17 05:00:30','6.76',13),(1178,'51.47','149.82','34.19','1128.27',125,'15.31','0.00',108,'2007-09-18 05:00:23','31.37',1),(1179,'111.96','236.90','3.21','738.30',122,'47.25','0.00',108,'2007-09-18 05:00:24','3.28',2),(1180,'214.81','139.20','5.36','643.20',122,'27.62','0.00',108,'2007-09-18 05:00:25','5.67',3),(1181,'130.36','102.93','4.30','606.30',122,'20.45','0.00',108,'2007-09-18 05:00:26','3.92',5),(1182,'128.57','102.24','4.30','610.60',119,'20.11','0.00',108,'2007-09-18 05:00:27','3.92',6),(1183,'-23.37','-71.78','5.83','431.42',121,'-14.26','0.00',108,'2007-09-18 05:00:28','5.94',7),(1184,'-42.65','-116.82','5.83','384.78',119,'-23.29','0.00',108,'2007-09-18 05:00:29','5.94',8),(1185,'-82.78','-171.35','7.21','829.15',121,'-17.13','0.00',108,'2007-09-18 05:00:30','8.28',9),(1186,'-24.43','-56.76','21.51','946.44',121,'-5.66','0.00',108,'2007-09-18 05:00:31','19.67',10),(1187,'86.61','99.56','55.38','1052.22',120,'10.45','0.00',108,'2007-09-18 05:00:32','51.21',12),(1188,'-67.74','-105.00','6.25','625.00',119,'-14.38','0.00',108,'2007-09-18 05:00:34','6.76',13),(1189,'52.04','151.47','34.24','1129.92',126,'15.48','0.00',109,'2007-09-19 05:00:19','31.37',1),(1190,'111.96','236.90','3.21','738.30',123,'47.25','0.00',109,'2007-09-19 05:00:20','3.28',2),(1191,'170.37','110.40','5.12','614.40',123,'21.90','0.00',109,'2007-09-19 05:00:21','5.67',3),(1192,'130.36','102.93','4.30','606.30',123,'20.45','0.00',109,'2007-09-19 05:00:22','3.92',5),(1193,'128.57','102.24','4.30','610.60',120,'20.11','0.00',109,'2007-09-19 05:00:23','3.92',6),(1194,'-13.25','-40.70','6.25','462.50',122,'-8.09','0.00',109,'2007-09-19 05:00:24','5.94',7),(1195,'-32.53','-89.10','6.25','412.50',120,'-17.76','0.00',109,'2007-09-19 05:00:25','5.94',8),(1196,'-95.00','-196.65','6.99','803.85',122,'-19.66','0.00',109,'2007-09-19 05:00:26','8.28',9),(1197,'-35.98','-83.60','20.90','919.60',122,'-8.33','0.00',109,'2007-09-19 05:00:27','19.67',10),(1198,'80.33','92.34','55.00','1045.00',121,'9.69','0.00',109,'2007-09-19 05:00:28','51.21',12),(1199,'-76.13','-118.00','6.12','612.00',120,'-16.16','0.00',109,'2007-09-19 05:00:29','6.76',13),(1200,'56.69','165.00','34.65','1143.45',127,'16.86','0.00',110,'2007-09-20 05:00:20','31.37',1),(1201,'116.30','246.10','3.25','747.50',124,'49.08','0.00',110,'2007-09-20 05:00:21','3.28',2),(1202,'170.37','110.40','5.12','614.40',124,'21.90','0.00',110,'2007-09-20 05:00:22','5.67',3),(1203,'137.50','108.57','4.34','611.94',124,'21.57','0.00',110,'2007-09-20 05:00:23','3.92',5),(1204,'135.71','107.92','4.34','616.28',121,'21.23','0.00',110,'2007-09-20 05:00:24','3.92',6),(1205,'0.48','1.48','6.82','504.68',123,'0.29','0.00',110,'2007-09-20 05:00:25','6.14',7),(1206,'-18.80','-51.48','6.82','450.12',121,'-10.26','0.00',110,'2007-09-20 05:00:26','6.14',8),(1207,'-75.00','-155.25','7.35','845.25',123,'-15.52','0.00',110,'2007-09-20 05:00:27','8.28',9),(1208,'-28.03','-65.12','21.32','938.08',123,'-6.49','0.00',110,'2007-09-20 05:00:28','19.67',10),(1209,'94.71','108.87','55.87','1061.53',122,'11.43','0.00',110,'2007-09-20 05:00:29','51.21',12),(1210,'-70.97','-110.00','6.20','620.00',121,'-15.07','0.00',110,'2007-09-20 05:00:31','6.76',13),(1211,'62.81','182.82','35.19','1161.27',128,'18.68','0.00',111,'2007-09-21 05:00:18','31.67',1),(1212,'116.30','246.10','3.25','747.50',125,'49.08','0.00',111,'2007-09-21 05:00:20','3.28',2),(1213,'183.33','118.80','5.19','622.80',125,'23.57','0.00',111,'2007-09-21 05:00:21','5.67',3),(1214,'144.64','114.21','4.38','617.58',125,'22.69','0.00',111,'2007-09-21 05:00:22','3.94',5),(1215,'142.86','113.60','4.38','621.96',122,'22.35','0.00',111,'2007-09-21 05:00:23','3.94',6),(1216,'-2.89','-8.88','6.68','494.32',124,'-1.76','0.00',111,'2007-09-21 05:00:24','6.14',7),(1217,'-22.17','-60.72','6.68','440.88',122,'-12.11','0.00',111,'2007-09-21 05:00:25','6.14',8),(1218,'-71.67','-148.35','7.41','852.15',124,'-14.83','0.00',111,'2007-09-21 05:00:26','8.28',9),(1219,'-22.92','-53.24','21.59','949.96',124,'-5.31','0.00',111,'2007-09-21 05:00:27','19.67',10),(1220,'95.21','109.44','55.90','1062.10',123,'11.49','0.00',111,'2007-09-21 05:00:28','51.21',12),(1221,'-70.97','-110.00','6.20','620.00',122,'-15.07','0.00',111,'2007-09-21 05:00:29','6.76',13),(1222,'57.26','166.65','34.70','1145.10',129,'17.03','0.00',112,'2007-09-22 13:24:24','31.67',1),(1223,'121.74','257.60','3.30','759.00',126,'51.38','0.00',112,'2007-09-22 13:24:25','3.28',2),(1224,'196.30','127.20','5.26','631.20',126,'25.24','0.00',112,'2007-09-22 13:24:26','5.67',3),(1225,'142.86','112.80','4.37','616.17',126,'22.41','0.00',112,'2007-09-22 13:24:28','3.94',5),(1226,'141.07','112.18','4.37','620.54',123,'22.07','0.00',112,'2007-09-22 13:24:29','3.94',6),(1227,'7.71','23.68','7.12','526.88',125,'4.71','0.00',112,'2007-09-22 13:24:30','6.41',7),(1228,'-11.57','-31.68','7.12','469.92',123,'-6.32','0.00',112,'2007-09-22 13:24:31','6.41',8),(1229,'-77.78','-161.00','7.30','839.50',125,'-16.09','0.00',112,'2007-09-22 13:24:33','8.28',9),(1230,'-28.41','-66.00','21.30','937.20',125,'-6.58','0.00',112,'2007-09-22 13:24:34','19.67',10),(1231,'90.91','104.50','55.64','1057.16',124,'10.97','0.00',112,'2007-09-22 13:24:35','51.21',12),(1232,'-69.03','-107.00','6.23','623.00',123,'-14.66','0.00',112,'2007-09-22 13:24:36','6.76',13),(1233,'57.26','166.65','34.70','1145.10',130,'17.03','0.00',113,'2007-09-24 02:18:07','31.67',1),(1234,'121.74','257.60','3.30','759.00',127,'51.38','0.00',113,'2007-09-24 02:18:09','3.28',2),(1235,'196.30','127.20','5.26','631.20',127,'25.24','0.00',113,'2007-09-24 02:18:10','5.67',3),(1236,'142.86','112.80','4.37','616.17',127,'22.41','0.00',113,'2007-09-24 02:18:11','3.94',5),(1237,'141.07','112.18','4.37','620.54',124,'22.07','0.00',113,'2007-09-24 02:18:13','3.94',6),(1238,'7.71','23.68','7.12','526.88',126,'4.71','0.00',113,'2007-09-24 02:18:14','6.41',7),(1239,'-11.57','-31.68','7.12','469.92',124,'-6.32','0.00',113,'2007-09-24 02:18:15','6.41',8),(1240,'-77.78','-161.00','7.30','839.50',126,'-16.09','0.00',113,'2007-09-24 02:18:16','8.28',9),(1241,'-28.41','-66.00','21.30','937.20',126,'-6.58','0.00',113,'2007-09-24 02:18:17','19.67',10),(1242,'90.91','104.50','55.64','1057.16',125,'10.97','0.00',113,'2007-09-24 02:18:18','51.21',12),(1243,'-69.03','-107.00','6.23','623.00',124,'-14.66','0.00',113,'2007-09-24 02:18:20','6.76',13),(1244,'57.26','166.65','34.70','1145.10',131,'17.03','0.00',114,'2007-09-24 05:00:17','31.67',1),(1245,'121.74','257.60','3.30','759.00',128,'51.38','0.00',114,'2007-09-24 05:00:18','3.28',2),(1246,'196.30','127.20','5.26','631.20',128,'25.24','0.00',114,'2007-09-24 05:00:19','5.67',3),(1247,'142.86','112.80','4.37','616.17',128,'22.41','0.00',114,'2007-09-24 05:00:20','3.94',5),(1248,'141.07','112.18','4.37','620.54',125,'22.07','0.00',114,'2007-09-24 05:00:21','3.94',6),(1249,'7.71','23.68','7.12','526.88',127,'4.71','0.00',114,'2007-09-24 05:00:22','6.41',7),(1250,'-11.57','-31.68','7.12','469.92',125,'-6.32','0.00',114,'2007-09-24 05:00:23','6.41',8),(1251,'-77.78','-161.00','7.30','839.50',127,'-16.09','0.00',114,'2007-09-24 05:00:24','8.28',9),(1252,'-28.41','-66.00','21.30','937.20',127,'-6.58','0.00',114,'2007-09-24 05:00:25','19.67',10),(1253,'90.91','104.50','55.64','1057.16',126,'10.97','0.00',114,'2007-09-24 05:00:26','51.21',12),(1254,'-69.03','-107.00','6.23','623.00',125,'-14.66','0.00',114,'2007-09-24 05:00:27','6.76',13),(1255,'53.06','154.44','34.33','1132.89',132,'15.78','0.00',115,'2007-09-25 05:00:23','31.67',1),(1256,'127.17','269.10','3.35','770.50',129,'53.67','0.00',115,'2007-09-25 05:00:24','3.28',2),(1257,'183.33','118.80','5.19','622.80',129,'23.57','0.00',115,'2007-09-25 05:00:25','5.67',3),(1258,'132.14','104.34','4.31','607.71',129,'20.73','0.00',115,'2007-09-25 05:00:26','3.94',5),(1259,'130.36','103.66','4.31','612.02',126,'20.39','0.00',115,'2007-09-25 05:00:27','3.94',6),(1260,'9.64','29.60','7.20','532.80',128,'5.88','0.00',115,'2007-09-25 05:00:28','6.48',7),(1261,'-9.64','-26.40','7.20','475.20',126,'-5.26','0.00',115,'2007-09-25 05:00:29','6.48',8),(1262,'-78.89','-163.30','7.28','837.20',128,'-16.32','0.00',115,'2007-09-25 05:00:30','8.28',9),(1263,'-28.60','-66.44','21.29','936.76',128,'-6.62','0.00',115,'2007-09-25 05:00:32','19.67',10),(1264,'100.50','115.52','56.22','1068.18',127,'12.13','0.00',115,'2007-09-25 05:00:33','51.21',12),(1265,'-66.45','-103.00','6.27','627.00',126,'-14.11','0.00',115,'2007-09-25 05:00:34','6.76',13),(1266,'52.72','153.45','34.30','1131.90',133,'15.68','0.00',116,'2007-09-26 05:00:20','31.67',1),(1267,'133.70','282.90','3.41','784.30',130,'56.42','0.00',116,'2007-09-26 05:00:21','3.28',2),(1268,'201.85','130.80','5.29','634.80',130,'25.95','0.00',116,'2007-09-26 05:00:22','5.67',3),(1269,'144.64','114.21','4.38','617.58',130,'22.69','0.00',116,'2007-09-26 05:00:23','3.94',5),(1270,'142.86','113.60','4.38','621.96',127,'22.35','0.00',116,'2007-09-26 05:00:24','3.94',6),(1271,'3.61','11.10','6.95','514.30',129,'2.21','0.00',116,'2007-09-26 05:00:25','6.48',7),(1272,'-15.66','-42.90','6.95','458.70',127,'-8.55','0.00',116,'2007-09-26 05:00:26','6.48',8),(1273,'-82.78','-171.35','7.21','829.15',129,'-17.13','0.00',116,'2007-09-26 05:00:28','8.28',9),(1274,'-23.48','-54.56','21.56','948.64',129,'-5.44','0.00',116,'2007-09-26 05:00:29','19.67',10),(1275,'103.47','118.94','56.40','1071.60',128,'12.49','0.00',116,'2007-09-26 05:00:30','51.21',12),(1276,'-67.10','-104.00','6.26','626.00',127,'-14.25','0.00',116,'2007-09-26 05:00:31','6.76',13),(1277,'48.75','141.90','33.95','1120.35',134,'14.50','0.00',117,'2007-09-27 05:00:18','31.67',1),(1278,'133.70','282.90','3.41','784.30',131,'56.42','0.00',117,'2007-09-27 05:00:19','3.28',2),(1279,'194.44','126.00','5.25','630.00',131,'25.00','0.00',117,'2007-09-27 05:00:20','5.67',3),(1280,'148.21','117.03','4.40','620.40',131,'23.25','0.00',117,'2007-09-27 05:00:21','3.96',5),(1281,'146.43','116.44','4.40','624.80',128,'22.91','0.00',117,'2007-09-27 05:00:22','3.96',6),(1282,'9.16','28.12','7.18','531.32',130,'5.59','0.00',117,'2007-09-27 05:00:23','6.48',7),(1283,'-10.12','-27.72','7.18','473.88',128,'-5.53','0.00',117,'2007-09-27 05:00:24','6.48',8),(1284,'-86.11','-178.25','7.15','822.25',130,'-17.82','0.00',117,'2007-09-27 05:00:25','8.28',9),(1285,'-20.08','-46.64','21.74','956.56',130,'-4.65','0.00',117,'2007-09-27 05:00:26','19.67',10),(1286,'104.13','119.70','56.44','1072.36',129,'12.56','0.00',117,'2007-09-27 05:00:28','51.21',12),(1287,'-72.26','-112.00','6.18','618.00',128,'-15.34','0.00',117,'2007-09-27 05:00:29','6.76',13),(1288,'49.89','145.20','34.05','1123.65',135,'14.84','0.00',118,'2007-09-28 05:00:23','31.67',1),(1289,'132.61','280.60','3.40','782.00',132,'55.96','0.00',118,'2007-09-28 05:00:24','3.28',2),(1290,'212.96','138.00','5.35','642.00',132,'27.38','0.00',118,'2007-09-28 05:00:25','5.67',3),(1291,'133.93','105.75','4.32','609.12',132,'21.01','0.00',118,'2007-09-28 05:00:26','3.96',5),(1292,'132.14','105.08','4.32','613.44',129,'20.67','0.00',118,'2007-09-28 05:00:27','3.96',6),(1293,'8.19','25.16','7.14','528.36',131,'5.00','0.00',118,'2007-09-28 05:00:29','6.48',7),(1294,'-11.08','-30.36','7.14','471.24',129,'-6.05','0.00',118,'2007-09-28 05:00:30','6.48',8),(1295,'-82.22','-170.20','7.22','830.30',131,'-17.01','0.00',118,'2007-09-28 05:00:31','8.28',9),(1296,'-24.24','-56.32','21.52','946.88',131,'-5.61','0.00',118,'2007-09-28 05:00:32','19.67',10),(1297,'110.41','126.92','56.82','1079.58',130,'13.32','0.00',118,'2007-09-28 05:00:33','51.21',12),(1298,'-56.77','-88.00','6.42','642.00',129,'-12.05','0.00',118,'2007-09-28 05:00:34','6.76',13),(1299,'47.05','136.95','33.80','1115.40',136,'14.00','0.00',119,'2007-09-29 05:00:26','31.67',1),(1300,'132.61','280.60','3.40','782.00',133,'55.96','0.00',119,'2007-09-29 05:00:28','3.28',2),(1301,'231.48','150.00','5.45','654.00',133,'29.76','0.00',119,'2007-09-29 05:00:29','5.67',3),(1302,'121.43','95.88','4.25','599.25',133,'19.05','0.00',119,'2007-09-29 05:00:30','3.96',5),(1303,'119.64','95.14','4.25','603.50',130,'18.72','0.00',119,'2007-09-29 05:00:31','3.96',6),(1304,'17.35','53.28','7.52','556.48',132,'10.59','0.00',119,'2007-09-29 05:00:32','6.77',7),(1305,'-1.93','-5.28','7.52','496.32',130,'-1.05','0.00',119,'2007-09-29 05:00:33','6.77',8),(1306,'-83.89','-173.65','7.19','826.85',132,'-17.36','0.00',119,'2007-09-29 05:00:34','8.28',9),(1307,'-20.83','-48.40','21.70','954.80',132,'-4.82','0.00',119,'2007-09-29 05:00:35','19.67',10),(1308,'103.31','118.75','56.39','1071.41',131,'12.47','0.00',119,'2007-09-29 05:00:36','51.21',12),(1309,'-67.10','-104.00','6.26','626.00',130,'-14.25','0.00',119,'2007-09-29 05:00:38','6.76',13),(1310,'40.70','118.47','33.24','1096.92',137,'12.11','0.00',120,'2007-10-02 02:34:10','31.67',1),(1311,'122.83','259.90','3.31','761.30',134,'51.83','0.00',120,'2007-10-02 02:34:11','3.28',2),(1312,'231.48','150.00','5.45','654.00',134,'29.76','0.00',120,'2007-10-02 02:34:12','5.67',3),(1313,'117.86','93.06','4.23','596.43',134,'18.49','0.00',120,'2007-10-02 02:34:13','3.96',5),(1314,'116.07','92.30','4.23','600.66',131,'18.16','0.00',120,'2007-10-02 02:34:17','3.96',6),(1315,'27.95','85.84','7.96','589.04',133,'17.06','0.00',120,'2007-10-02 02:34:18','7.16',7),(1316,'8.67','23.76','7.96','525.36',131,'4.74','0.00',120,'2007-10-02 02:34:19','7.16',8),(1317,'-86.11','-178.25','7.15','822.25',133,'-17.82','0.00',120,'2007-10-02 02:34:20','8.28',9),(1318,'-26.52','-61.60','21.40','941.60',133,'-6.14','0.00',120,'2007-10-02 02:34:21','19.67',10),(1319,'106.78','122.74','56.60','1075.40',132,'12.88','0.00',120,'2007-10-02 02:34:22','51.21',12),(1320,'-67.74','-105.00','6.25','625.00',131,'-14.38','0.00',120,'2007-10-02 02:34:23','6.76',13),(1321,'40.70','118.47','33.24','1096.92',138,'12.11','0.00',121,'2007-10-02 14:38:15','31.67',1),(1322,'122.83','259.90','3.31','761.30',135,'51.83','0.00',121,'2007-10-02 14:38:17','3.28',2),(1323,'231.48','150.00','5.45','654.00',135,'29.76','0.00',121,'2007-10-02 14:38:20','5.67',3),(1324,'117.86','93.06','4.23','596.43',135,'18.49','0.00',121,'2007-10-02 14:38:25','3.96',5),(1325,'116.07','92.30','4.23','600.66',132,'18.16','0.00',121,'2007-10-02 14:38:30','3.96',6),(1326,'27.95','85.84','7.96','589.04',134,'17.06','0.00',121,'2007-10-02 14:38:37','7.16',7),(1327,'8.67','23.76','7.96','525.36',132,'4.74','0.00',121,'2007-10-02 14:38:49','7.16',8),(1328,'-86.11','-178.25','7.15','822.25',134,'-17.82','0.00',121,'2007-10-02 14:38:55','8.28',9),(1329,'-26.52','-61.60','21.40','941.60',134,'-6.14','0.00',121,'2007-10-02 14:38:58','19.67',10),(1330,'106.78','122.74','56.60','1075.40',133,'12.88','0.00',121,'2007-10-02 14:38:59','51.21',12),(1331,'-67.74','-105.00','6.25','625.00',132,'-14.38','0.00',121,'2007-10-02 14:39:01','6.76',13),(1332,'38.10','110.88','33.01','1089.33',139,'11.33','0.00',122,'2007-10-03 14:33:24','31.67',1),(1333,'129.35','273.70','3.37','775.10',136,'54.59','0.00',122,'2007-10-03 14:33:25','3.28',2),(1334,'238.89','154.80','5.49','658.80',136,'30.71','0.00',122,'2007-10-03 14:33:28','5.67',3),(1335,'105.36','83.19','4.16','586.56',136,'16.53','0.00',122,'2007-10-03 14:33:29','3.96',5),(1336,'103.57','82.36','4.16','590.72',133,'16.20','0.00',122,'2007-10-03 14:33:31','3.96',6),(1337,'20.48','62.90','7.65','566.10',135,'12.50','0.00',122,'2007-10-03 14:33:33','7.16',7),(1338,'1.20','3.30','7.65','504.90',133,'0.66','0.00',122,'2007-10-03 14:33:34','7.16',8),(1339,'-77.22','-159.85','7.31','840.65',135,'-15.98','0.00',122,'2007-10-03 14:33:35','8.28',9),(1340,'-25.57','-59.40','21.45','943.80',135,'-5.92','0.00',122,'2007-10-03 14:33:37','19.67',10),(1341,'123.31','141.74','57.60','1094.40',134,'14.88','0.00',122,'2007-10-03 14:33:39','51.84',12),(1342,'-64.52','-100.00','6.30','630.00',133,'-13.70','0.00',122,'2007-10-03 14:33:41','6.76',13),(1343,'43.42','126.39','33.48','1104.84',140,'12.92','0.00',123,'2007-10-04 05:00:20','31.67',1),(1344,'125.00','264.50','3.33','765.90',137,'52.75','0.00',123,'2007-10-04 05:00:21','3.28',2),(1345,'212.96','138.00','5.35','642.00',137,'27.38','0.00',123,'2007-10-04 05:00:22','5.67',3),(1346,'94.64','74.73','4.10','578.10',137,'14.85','0.00',123,'2007-10-04 05:00:23','3.96',5),(1347,'92.86','73.84','4.10','582.20',134,'14.53','0.00',123,'2007-10-04 05:00:24','3.96',6),(1348,'14.22','43.66','7.39','546.86',136,'8.68','0.00',123,'2007-10-04 05:00:25','7.16',7),(1349,'-5.06','-13.86','7.39','487.74',134,'-2.76','0.00',123,'2007-10-04 05:00:27','7.16',8),(1350,'-78.89','-163.30','7.28','837.20',136,'-16.32','0.00',123,'2007-10-04 05:00:28','8.28',9),(1351,'-23.67','-55.00','21.55','948.20',136,'-5.48','0.00',123,'2007-10-04 05:00:29','19.67',10),(1352,'129.09','148.39','57.95','1101.05',135,'15.58','0.00',123,'2007-10-04 05:00:30','52.16',12),(1353,'-52.90','-82.00','6.48','648.00',134,'-11.23','0.00',123,'2007-10-04 05:00:31','6.76',13),(1354,'40.93','119.13','33.26','1097.58',141,'12.18','0.00',124,'2007-10-05 05:00:20','31.67',1),(1355,'122.83','259.90','3.31','761.30',138,'51.83','0.00',124,'2007-10-05 05:00:21','3.28',2),(1356,'203.70','132.00','5.30','636.00',138,'26.19','0.00',124,'2007-10-05 05:00:23','5.67',3),(1357,'87.50','69.09','4.06','572.46',138,'13.73','0.00',124,'2007-10-05 05:00:24','3.96',5),(1358,'85.71','68.16','4.06','576.52',135,'13.41','0.00',124,'2007-10-05 05:00:25','3.96',6),(1359,'1.93','5.92','6.88','509.12',137,'1.18','0.00',124,'2007-10-05 05:00:26','7.16',7),(1360,'-17.35','-47.52','6.88','454.08',135,'-9.47','0.00',124,'2007-10-05 05:00:27','7.16',8),(1361,'-82.22','-170.20','7.22','830.30',137,'-17.01','0.00',124,'2007-10-05 05:00:28','8.28',9),(1362,'-29.92','-69.52','21.22','933.68',137,'-6.93','0.00',124,'2007-10-05 05:00:29','19.67',10),(1363,'116.69','134.14','57.20','1086.80',136,'14.08','0.00',124,'2007-10-05 05:00:30','52.16',12),(1364,'-40.65','-63.00','6.67','667.00',135,'-8.63','0.00',124,'2007-10-05 05:00:31','6.76',13),(1365,'44.10','128.37','33.54','1106.82',142,'13.12','0.00',125,'2007-10-06 05:00:28','31.67',1),(1366,'125.00','264.50','3.33','765.90',139,'52.75','0.00',125,'2007-10-06 05:00:30','3.28',2),(1367,'237.04','153.60','5.48','657.60',139,'30.48','0.00',125,'2007-10-06 05:00:31','5.67',3),(1368,'107.14','84.60','4.17','587.97',139,'16.81','0.00',125,'2007-10-06 05:00:32','3.96',5),(1369,'105.36','83.78','4.17','592.14',136,'16.48','0.00',125,'2007-10-06 05:00:33','3.96',6),(1370,'7.23','22.20','7.10','525.40',138,'4.41','0.00',125,'2007-10-06 05:00:34','7.16',7),(1371,'-12.05','-33.00','7.10','468.60',136,'-6.58','0.00',125,'2007-10-06 05:00:35','7.16',8),(1372,'-78.89','-163.30','7.28','837.20',138,'-16.32','0.00',125,'2007-10-06 05:00:36','8.28',9),(1373,'-34.85','-80.96','20.96','922.24',138,'-8.07','0.00',125,'2007-10-06 05:00:37','19.67',10),(1374,'114.38','131.48','57.06','1084.14',137,'13.80','0.00',125,'2007-10-06 05:00:38','52.16',12),(1375,'-48.39','-75.00','6.55','655.00',136,'-10.27','0.00',125,'2007-10-06 05:00:39','6.76',13),(1376,'44.10','128.37','33.54','1106.82',143,'13.12','0.00',126,'2007-10-07 19:49:28','31.67',1),(1377,'125.00','264.50','3.33','765.90',140,'52.75','0.00',126,'2007-10-07 19:49:30','3.28',2),(1378,'237.04','153.60','5.48','657.60',140,'30.48','0.00',126,'2007-10-07 19:49:31','5.67',3),(1379,'107.14','84.60','4.17','587.97',140,'16.81','0.00',126,'2007-10-07 19:49:32','3.96',5),(1380,'105.36','83.78','4.17','592.14',137,'16.48','0.00',126,'2007-10-07 19:49:33','3.96',6),(1381,'7.23','22.20','7.10','525.40',139,'4.41','0.00',126,'2007-10-07 19:49:35','7.16',7),(1382,'-12.05','-33.00','7.10','468.60',137,'-6.58','0.00',126,'2007-10-07 19:49:36','7.16',8),(1383,'-78.89','-163.30','7.28','837.20',139,'-16.32','0.00',126,'2007-10-07 19:49:37','8.28',9),(1384,'-34.85','-80.96','20.96','922.24',139,'-8.07','0.00',126,'2007-10-07 19:49:38','19.67',10),(1385,'114.38','131.48','57.06','1084.14',138,'13.80','0.00',126,'2007-10-07 19:49:39','52.16',12),(1386,'-48.39','-75.00','6.55','655.00',137,'-10.27','0.00',126,'2007-10-07 19:49:40','6.76',13),(1387,'44.10','128.37','33.54','1106.82',144,'13.12','0.00',127,'2007-10-08 05:00:28','31.67',1),(1388,'125.00','264.50','3.33','765.90',141,'52.75','0.00',127,'2007-10-08 05:00:29','3.28',2),(1389,'237.04','153.60','5.48','657.60',141,'30.48','0.00',127,'2007-10-08 05:00:31','5.67',3),(1390,'107.14','84.60','4.17','587.97',141,'16.81','0.00',127,'2007-10-08 05:00:32','3.96',5),(1391,'105.36','83.78','4.17','592.14',138,'16.48','0.00',127,'2007-10-08 05:00:33','3.96',6),(1392,'7.23','22.20','7.10','525.40',140,'4.41','0.00',127,'2007-10-08 05:00:34','7.16',7),(1393,'-12.05','-33.00','7.10','468.60',138,'-6.58','0.00',127,'2007-10-08 05:00:36','7.16',8),(1394,'-78.89','-163.30','7.28','837.20',140,'-16.32','0.00',127,'2007-10-08 05:00:37','8.28',9),(1395,'-34.85','-80.96','20.96','922.24',140,'-8.07','0.00',127,'2007-10-08 05:00:38','19.67',10),(1396,'114.38','131.48','57.06','1084.14',139,'13.80','0.00',127,'2007-10-08 05:00:39','52.16',12),(1397,'-48.39','-75.00','6.55','655.00',138,'-10.27','0.00',127,'2007-10-08 05:00:40','6.76',13);
/*!40000 ALTER TABLE `Snapshot` ENABLE KEYS */;
UNLOCK TABLES;

--
-- Table structure for table `TechnicalAnalysis`
--

DROP TABLE IF EXISTS `TechnicalAnalysis`;
CREATE TABLE `TechnicalAnalysis` (
  `id` int(11) NOT NULL auto_increment,
  `lower_channel` decimal(19,2) default NULL,
  `stop_loss` decimal(19,2) NOT NULL,
  `upper_channel` decimal(19,2) default NULL,
  PRIMARY KEY  (`id`)
) ENGINE=MyISAM AUTO_INCREMENT=21 DEFAULT CHARSET=latin1;

--
-- Dumping data for table `TechnicalAnalysis`
--

LOCK TABLES `TechnicalAnalysis` WRITE;
/*!40000 ALTER TABLE `TechnicalAnalysis` DISABLE KEYS */;
INSERT INTO `TechnicalAnalysis` VALUES (1,'21.80','29.70','30.62'),(2,'1.32','2.37','2.24'),(3,'3.81','3.78','4.35'),(4,'3.14','3.26','3.70'),(5,'3.14','3.26','3.70'),(6,'3.84','6.63','7.99'),(7,'3.84','6.63','7.99'),(8,'6.91','7.93','8.71'),(9,'17.46','20.79','22.74'),(10,'45.75','46.09','51.80'),(11,'6.12','6.57','7.67'),(12,'48.00','51.00','54.00'),(13,'34.00','37.00','43.00'),(14,'76.00','80.00','88.00'),(15,'39.24','37.00','47.92'),(16,'7.70','8.00','10.00'),(17,'7.70','8.00','10.00'),(18,'8.46','7.97','10.21'),(19,'8.49','8.65','9.15'),(20,'1.79','1.61','1.90');
/*!40000 ALTER TABLE `TechnicalAnalysis` ENABLE KEYS */;
UNLOCK TABLES;

--
-- Table structure for table `Transaction`
--

DROP TABLE IF EXISTS `Transaction`;
CREATE TABLE `Transaction` (
  `type` varchar(31) NOT NULL,
  `id` int(11) NOT NULL auto_increment,
  `brokerage` decimal(19,2) default NULL,
  `description` varchar(50) default NULL,
  `price` decimal(19,2) NOT NULL,
  `quantity` bigint(20) NOT NULL,
  `reference_number` varchar(255) default NULL,
  `timestamp` timestamp NOT NULL default CURRENT_TIMESTAMP,
  `technical_analysis_id` int(11) default NULL,
  `currency_id` int(11) NOT NULL,
  `portfolio_fk` int(11) default NULL,
  `security_id` int(11) NOT NULL,
  PRIMARY KEY  (`id`),
  UNIQUE KEY `reference_number` (`reference_number`),
  KEY `FKE30A7ABE45BF3EE9` (`currency_id`),
  KEY `FKE30A7ABEC2105A3A` (`security_id`),
  KEY `FKE30A7ABE2E6E4032` (`technical_analysis_id`),
  KEY `FKE30A7ABE7B882010` (`portfolio_fk`),
  KEY `FKE30A7ABE489F9D99` (`currency_id`),
  KEY `FKE30A7ABEC4F0B8EA` (`security_id`),
  KEY `FKE30A7ABE2E5652E2` (`technical_analysis_id`),
  KEY `FKE30A7ABE47CB92C0` (`portfolio_fk`)
) ENGINE=MyISAM AUTO_INCREMENT=24 DEFAULT CHARSET=latin1;

--
-- Dumping data for table `Transaction`
--

LOCK TABLES `Transaction` WRITE;
/*!40000 ALTER TABLE `Transaction` DISABLE KEYS */;
INSERT INTO `Transaction` VALUES ('BUY',1,'0.00',NULL,'29.65',33,'23179095','2007-01-15 23:00:00',1,1,12,1),('BUY',2,'0.00',NULL,'2.18',230,'23532280','2007-02-08 23:00:00',2,1,12,2),('BUY',3,'0.00',NULL,'4.20',120,'23532947','2007-02-08 23:00:00',3,1,12,3),('SELL',4,'0.00',NULL,'3.63',120,'23978246','2007-03-05 13:00:00',NULL,1,12,3),('BUY',5,'0.00',NULL,'3.57',141,'23534167','2007-02-08 23:00:00',4,1,12,4),('BUY',6,'0.00',NULL,'3.58',142,'23906949','2007-02-27 23:00:00',5,1,12,4),('BUY',7,'0.00',NULL,'6.80',74,'23560386','2007-02-11 23:00:00',6,1,12,5),('BUY',8,'0.00',NULL,'7.60',66,'23894159','2007-02-28 23:00:00',7,1,12,5),('BUY',9,'0.00',NULL,'8.70',118,'23540680','2007-02-11 23:00:00',8,1,12,6),('BUY',10,'0.00',NULL,'22.80',44,'23649045','2007-02-15 23:00:00',9,1,12,7),('SELL',11,'0.00',NULL,'20.70',44,'23969940','2007-03-05 23:00:00',NULL,1,12,7),('BUY',12,'0.00',NULL,'50.14',19,'23658230','2007-02-21 23:00:00',10,1,12,8),('BUY',13,'0.00',NULL,'7.30',100,'23789734','2007-02-25 23:00:00',11,1,12,9),('BUY',14,'21.90',NULL,'53.00',50,'26557892','2007-08-02 00:00:00',12,1,12,8),('BUY',15,'21.90',NULL,'40.00',65,'26733521','2007-08-10 00:00:00',13,1,12,11),('BUY',16,'21.90',NULL,'84.01',35,'26799107','2007-08-15 00:00:00',14,1,12,10),('SELL',17,'19.95',NULL,'5.64',140,'25770417','2007-06-25 00:00:00',NULL,1,12,5),('SELL',18,'21.90',NULL,'112.51',35,'27861757','2007-10-11 00:00:00',NULL,1,12,10),('SELL',19,'19.95',NULL,'3.33',232,'27909425','2007-10-15 00:00:00',NULL,1,12,2),('BUY',20,'21.90',NULL,'40.12',70,'28678225','2007-11-21 23:00:00',15,1,12,12),('BUY',21,'10.61',NULL,'9.00',90,'1408200701','2007-08-14 00:00:00',18,2,13,13),('BUY',22,'21.90',NULL,'9.01',222,'N31493450','2007-12-09 13:00:00',19,1,12,14),('BUY',23,'19.95',NULL,'1.79',450,'28985901','2007-12-10 13:00:00',20,1,12,15);
/*!40000 ALTER TABLE `Transaction` ENABLE KEYS */;
UNLOCK TABLES;
/*!40103 SET TIME_ZONE=@OLD_TIME_ZONE */;

/*!40101 SET SQL_MODE=@OLD_SQL_MODE */;
/*!40014 SET FOREIGN_KEY_CHECKS=@OLD_FOREIGN_KEY_CHECKS */;
/*!40014 SET UNIQUE_CHECKS=@OLD_UNIQUE_CHECKS */;
/*!40101 SET CHARACTER_SET_CLIENT=@OLD_CHARACTER_SET_CLIENT */;
/*!40101 SET CHARACTER_SET_RESULTS=@OLD_CHARACTER_SET_RESULTS */;
/*!40101 SET COLLATION_CONNECTION=@OLD_COLLATION_CONNECTION */;
/*!40111 SET SQL_NOTES=@OLD_SQL_NOTES */;

-- Dump completed on 2007-12-12  9:35:06
